prototype,scenario,crank_deg,load_torque_nm,journal_friction_nm,input_equivalent_bearing_drag_nm,required_input_nm
C,low,0,-0.012013395576485801,0.008608830695940475,0.0004496913580246914,0.0004496913580246914
C,low,1,-0.010681076728448619,0.008579795537494222,0.0004496913580246914,0.0004496913580246914
C,low,2,-0.009025351120743253,0.008537775831646673,0.0004496913580246914,0.0004496913580246914
C,low,3,-0.0071239064309061035,0.008483287952777845,0.0004496913580246914,0.0005545819075518319
C,low,4,-0.005070079446756637,0.008416574404488739,0.0004496913580246914,0.0007079085615534029
C,low,5,-0.002966468575611756,0.008337707247887296,0.0004496913580246914,0.0008641387864410137
C,low,6,-0.000917754387320369,0.008246727359270376,0.0004496913580246914,0.001015198531786266
C,low,7,0.0009767231957643183,0.008143957224620064,0.0004496913580246914,0.0011534475633012639
C,low,8,0.0026300357785212416,0.008029811298756363,0.0004496913580246914,0.0012722104226294446
C,low,9,0.003973789933319227,0.007905041937767348,0.0004496913580246914,0.0013662678912875444
C,low,10,0.004962767709512467,0.007771005533380848,0.0004496913580246914,0.0014322355897294226
C,low,11,0.005577700356169636,0.0076295280692555666,0.0004496913580246914,0.0014687676254186114
C,low,12,0.005825945450298887,0.00754711404083218,0.0004496913580246914,0.0014815632323403598
C,low,13,0.005740084604696154,0.007556726718857724,0.0004496913580246914,0.001475679886076688
C,low,14,0.0053746202006478665,0.0075615401048471885,0.0004496913580246914,0.001447851875424001
C,low,15,0.004801127930000241,0.007561259459722087,0.0004496913580246914,0.0014035792738983277
C,low,16,0.004102301380129057,0.00755585770779987,0.0004496913580246914,0.0013492406703648862
C,low,17,0.003365360574267126,0.007545558222159852,0.0004496913580246914,0.0012915832404650444
C,low,18,0.002675300907059787,0.007530783102972034,0.0004496913580246914,0.001237197840280233
C,low,19,0.0021084247288944234,0.0075120829551012114,0.0004496913580246914,0.0011920144817897866
C,low,20,0.0017265675092240623,0.00749006486997749,0.0004496913580246914,0.0011608512638272804
C,low,21,0.001572395102779482,0.007465331820284907,0.0004496913580246914,0.0011470468304833634
C,low,22,0.001666087548355911,0.007443727477251501,0.0004496913580246914,0.001152609184074646
C,low,23,0.0020036483536973507,0.007430575123112803,0.0004496913580246914,0.0011776407003711538
C,low,24,0.002556982732101894,0.007413813129399007,0.0004496913580246914,0.0012190428905479091
C,low,25,0.0032756546452836935,0.007394060370557665,0.0004496913580246914,0.0012729718376420802
C,low,26,0.0040900502385500205,0.0073719859202845996,0.0004496913580246914,0.0013341077283051403
C,low,27,0.004917589067388343,0.007348112951484628,0.0004496913580246914,0.0013961189829377295
C,low,28,0.005667966032480601,0.007322138102265377,0.0004496913580246914,0.00145201420792793
C,low,29,0.006249610498263534,0.007294244305313345,0.0004496913580246914,0.001494741882992043
C,low,30,0.0065766519742075915,0.0072646320799583915,0.0004496913580246914,0.0015176916708461406
C,low,31,0.006575293842464218,0.007233984194557297,0.0004496913580246914,0.001515222070757833
C,low,32,0.006166263823225303,0.007203202586729472,0.0004496913580246914,0.0014812859884224365
C,low,33,0.005333264013656709,0.0071705243640629605,0.0004496913580246914,0.001414489843959851
C,low,34,0.004066740551113971,0.0071357551412241736,0.0004496913580246914,0.001314081457742141
C,low,35,0.0023812544963390564,0.007098911747370378,0.0004496913580246914,0.0011811856669528885
C,low,36,0.0003151146691664873,0.007060091477709598,0.0004496913580246914,0.0010187659063947596
C,low,37,-0.0020726181556184205,0.007019571330248246,0.0004496913580246914,0.0008314007079189681
C,low,38,-0.004706685854032622,0.006978461829121188,0.0004496913580246914,0.0006249827141272043
C,low,39,-0.007501448248300827,0.006938333519988385,0.0004496913580246914,0.0004496913580246914
C,low,40,-0.010367428482853606,0.006896955045499276,0.0004496913580246914,0.0004496913580246914
C,low,41,-0.01321816523985704,0.006853585281507614,0.0004496913580246914,0.0004496913580246914
C,low,42,-0.01597677875082579,0.006808483766566835,0.0004496913580246914,0.0004496913580246914
C,low,43,-0.018581806652598853,0.006762209393907479,0.0004496913580246914,0.0004496913580246914
C,low,44,-0.020991798566240127,0.006713562700866834,0.0004496913580246914,0.0004496913580246914
C,low,45,-0.023188358279513988,0.006664387225190602,0.0004496913580246914,0.0004496913580246914
C,low,46,-0.025179231048201238,0.0066218025887182395,0.0004496913580246914,0.0004496913580246914
C,low,47,-0.026990216753393425,0.006576760094848124,0.0004496913580246914,0.0004496913580246914
C,low,48,-0.028673841647905925,0.0065293816352573215,0.0004496913580246914,0.0004496913580246914
C,low,49,-0.030297720579870964,0.006483832255891501,0.0004496913580246914,0.0004496913580246914
C,low,50,-0.03037475846600249,0.006479155259009642,0.0004496913580246914,0.0004496913580246914
C,low,51,-0.032129142500817,0.006468220557648952,0.0004496913580246914,0.0004496913580246914
C,low,52,-0.034069857911192984,0.006455981842865689,0.0004496913580246914,0.0004496913580246914
C,low,53,-0.03627136105422406,0.006442496798337107,0.0004496913580246914,0.0004496913580246914
C,low,54,-0.03879383746430969,0.006427853962178695,0.0004496913580246914,0.0004496913580246914
C,low,55,-0.04167828318002641,0.006412255302260006,0.0004496913580246914,0.0004496913580246914
C,low,56,-0.04494307071184669,0.006402227204629117,0.0004496913580246914,0.0004496913580246914
C,low,57,-0.0485822661208943,0.006556092100599951,0.0004496913580246914,0.0004496913580246914
C,low,58,-0.052565831845529036,0.006746502602910928,0.0004496913580246914,0.0004496913580246914
C,low,59,-0.05684168888413269,0.0069389277678922525,0.0004496913580246914,0.0004496913580246914
C,low,60,-0.06133949698344962,0.007133188235623396,0.0004496913580246914,0.0004496913580246914
C,low,61,-0.06597584581510657,0.007329219285277131,0.0004496913580246914,0.0004496913580246914
C,low,62,-0.0706604741508595,0.007526977982366527,0.0004496913580246914,0.0004496913580246914
C,low,63,-0.07530296355701162,0.0077264258024952815,0.0004496913580246914,0.0004496913580246914
C,low,64,-0.07981955521334422,0.007927530694651493,0.0004496913580246914,0.0004496913580246914
C,low,65,-0.08413936076302035,0.008130263234327181,0.0004496913580246914,0.0004496913580246914
C,low,66,-0.08614780826696021,0.008309539490184285,0.0004496913580246914,0.0004496913580246914
C,low,67,-0.08996148786542718,0.008544354521967354,0.0004496913580246914,0.0004496913580246914
C,low,68,-0.0933501316208749,0.008773154607974863,0.0004496913580246914,0.0004496913580246914
C,low,69,-0.0964487023183653,0.009004306649543133,0.0004496913580246914,0.0004496913580246914
C,low,70,-0.0993052754822851,0.009238357025484971,0.0004496913580246914,0.0004496913580246914
C,low,71,-0.10197892299441684,0.00947528858835715,0.0004496913580246914,0.0004496913580246914
C,low,72,-0.10454333617471859,0.009715084534103658,0.0004496913580246914,0.0004496913580246914
C,low,73,-0.10708084597865729,0.009957728027694311,0.0004496913580246914,0.0004496913580246914
C,low,74,-0.10967020011580082,0.010202943245669763,0.0004496913580246914,0.0004496913580246914
C,low,75,-0.11238523316319839,0.01045049856225117,0.0004496913580246914,0.0004496913580246914
C,low,76,-0.11291116203565135,0.010600516965659135,0.0004496913580246914,0.0004496913580246914
C,low,77,-0.11687683392769974,0.010909246514551134,0.0004496913580246914,0.0004496913580246914
C,low,78,-0.12037437575208806,0.011164635224308349,0.0004496913580246914,0.0004496913580246914
C,low,79,-0.12416657656592674,0.011422779458586224,0.0004496913580246914,0.0004496913580246914
C,low,80,-0.12823654286067301,0.011683662195327151,0.0004496913580246914,0.0004496913580246914
C,low,81,-0.13254424352484484,0.0119472681601605,0.0004496913580246914,0.0004496913580246914
C,low,82,-0.13398887226858056,0.012117246472260602,0.0004496913580246914,0.0004496913580246914
C,low,83,-0.13846733087733426,0.012386947916245162,0.0004496913580246914,0.0004496913580246914
C,low,84,-0.14489841173141144,0.012705346902724745,0.0004496913580246914,0.0004496913580246914
C,low,85,-0.14948188614095506,0.012979334653937722,0.0004496913580246914,0.0004496913580246914
C,low,86,-0.15390854895147402,0.013256018632703977,0.0004496913580246914,0.0004496913580246914
C,low,87,-0.15438660194189383,0.013439118444412717,0.0004496913580246914,0.0004496913580246914
C,low,88,-0.028314222191268043,0.013990139748872784,0.0004496913580246914,0.0004496913580246914
C,low,89,-0.034501057012218145,0.014189323397338924,0.0004496913580246914,0.0004496913580246914
C,low,90,0.005528216954956477,0.014079457502758724,0.0004496913580246914,0.0019626292019841976
C,low,91,-0.0010960982877494202,0.014080373375709583,0.0004496913580246914,0.0014515644357993955
C,low,92,0.023898418423096146,0.013826418804645585,0.0004496913580246914,0.003360558428066491
C,low,93,0.14902257829389348,0.013459477818666582,0.0004496913580246914,0.012986887045722227
C,low,94,0.14729456751389858,0.013184835979396684,0.0004496913580246914,0.0128323613806555
C,low,95,0.13986593423694257,0.012747322907584102,0.0004496913580246914,0.0122254056438678
C,low,96,0.13762584051401036,0.012454072262470956,0.0004496913580246914,0.012029931541395162
C,low,97,0.14275317697312007,0.012395377816310393,0.0004496913580246914,0.012421030462147414
C,low,98,0.1354431591290798,0.011962611045484326,0.0004496913580246914,0.011823593377666987
C,low,99,0.1329691873031601,0.011689811983722542,0.0004496913580246914,0.011611651179543412
C,low,100,0.12426776746803071,0.011217288057446758,0.0004496913580246914,0.010903785148570792
C,low,101,0.13318151260036723,0.011370134269853093,0.0004496913580246914,0.01160336781406021
C,low,102,0.12963386091519816,0.011110772934092947,0.0004496913580246914,0.011309616809358882
C,low,103,0.12575596779120635,0.010853940357803434,0.0004496913580246914,0.010990579332485323
C,low,104,0.12144460695624619,0.010593007103409388,0.0004496913580246914,0.010637778862627744
C,low,105,0.11375161854361947,0.010191359715677887,0.0004496913580246914,0.010013192766921093
C,low,106,0.10909165368165742,0.009925671759291394,0.0004496913580246914,0.009633126963036174
C,low,107,0.10088470843590086,0.009485981250736544,0.0004496913580246914,0.008965948278289924
C,low,108,0.10528289670413533,0.009644214765297181,0.0004496913580246914,0.009317524033135224
C,low,109,0.1009978732798372,0.00940279197250344,0.0004496913580246914,0.008968261207742334
C,low,110,0.09692871288473623,0.009164096437382717,0.0004496913580246914,0.008635864916830166
C,low,111,0.09312942749703083,0.008928157033201626,0.0004496913580246914,0.008324504979184603
C,low,112,0.08963215915970818,0.008695003448229066,0.0004496913580246914,0.00803666378147664
C,low,113,0.08644504533443957,0.008464666362596258,0.0004496913580246914,0.007772971581561406
C,low,114,0.08355194554375722,0.008237177554004877,0.0004496913580246914,0.007532185424210038
C,low,115,0.08083764004908607,0.008012661575075294,0.0004496913580246914,0.007305424508037142
C,low,116,0.07661002818547202,0.007677609112529336,0.0004496913580246914,0.006953367075463067
C,low,117,0.07438138282685886,0.007489756553637055,0.0004496913580246914,0.006766908902816041
C,low,118,0.07003592092647776,0.007114124596373048,0.0004496913580246914,0.006402626969355772
C,low,119,0.06794429865299077,0.00693365884314383,0.0004496913580246914,0.006227311535195571
C,low,120,0.07102001186740858,0.007114237330480878,0.0004496913580246914,0.00647856861094826
C,low,121,0.06842571785629953,0.006930545245408022,0.0004496913580246914,0.0062642178319218785
C,low,122,0.06559822468954926,0.006748434362602573,0.0004496913580246914,0.006031995297233937
C,low,123,0.06250900087692833,0.006567988550226145,0.0004496913580246914,0.005779705974317474
C,low,124,0.05915316047736583,0.006399094862854069,0.0004496913580246914,0.005507735751560177
C,low,125,0.05555019790208143,0.00625384224134354,0.0004496913580246914,0.005218521616005013
C,low,126,0.05174283693201416,0.006283327933001208,0.0004496913580246914,0.004927018893905507
C,low,127,0.04779406824902191,0.006319549737336752,0.0004496913580246914,0.0046251248446264395
C,low,128,0.043782613774934094,0.0063524420317993295,0.0004496913580246914,0.004318137022124492
C,low,129,0.03979716507085368,0.006381859541785099,0.0004496913580246914,0.004012887701592498
C,low,130,0.03592983896315505,0.006407776870324317,0.0004496913580246914,0.0037164827032005686
C,low,131,0.03226936199233108,0.006430212850373998,0.0004496913580246914,0.003435769663788972
C,low,132,0.028894506351868486,0.006459740234307866,0.0004496913580246914,0.0031776424835012612
C,low,133,0.025867244313170393,0.006512560549422724,0.0004496913580246914,0.002948133091249469
C,low,134,0.023230692012072365,0.006562471501684258,0.0004496913580246914,0.002748546567419492
C,low,135,0.021002972224805284,0.00660926580142217,0.0004496913580246914,0.002580265279801501
C,low,136,0.019180770316707934,0.006661608939127357,0.0004496913580246914,0.0024437021030737104
C,low,137,0.017734940013168006,0.006713055938978287,0.0004496913580246914,0.00233611079877672
C,low,138,0.016614785813994806,0.006761780179929375,0.0004496913580246914,0.002253438734099088
C,low,139,0.015752110330287974,0.0068090362173849495,0.0004496913580246914,0.002190520566950071
C,low,140,0.015041719775045856,0.006853411019000566,0.0004496913580246914,0.002139130462503582
C,low,141,0.014419641421945956,0.006895462410238792,0.0004496913580246914,0.0020943752956932675
C,low,142,0.013809717012813132,0.0069359974721163115,0.0004496913580246914,0.0020504409324791236
C,low,143,0.013135667342034847,0.006977359174457758,0.0004496913580246914,0.002001622416396034
C,low,144,0.012335098311261958,0.007018576236201787,0.0004496913580246914,0.001943030443477141
C,low,145,0.011364449392848723,0.007058206162185322,0.0004496913580246914,0.0018711925582588
C,low,146,0.010202389063140645,0.007095908021706757,0.0004496913580246914,0.0017844365034604475
C,low,147,0.008851465240046905,0.007131563124020402,0.0004496913580246914,0.0016829497194496379
C,low,148,0.007337848132407011,0.007165139092876075,0.0004496913580246914,0.0015687490142965346
C,low,149,0.005708994207258651,0.007196721183266543,0.0004496913580246914,0.001445502730750401
C,low,150,0.004030611560442371,0.0072269555094908525,0.0004496913580246914,0.001318330792433119
C,low,151,0.002380354622623371,0.0072561013124788415,0.0004496913580246914,0.0011932450567208497
C,low,152,0.0008426258448415332,0.0072834430326574095,0.0004496913580246914,0.0010767028454860296
C,low,153,-0.0004994586044518767,0.007308655147828158,0.0004496913580246914,0.0009750923258777995
C,low,154,-0.0015698319494724799,0.007331515826986529,0.0004496913580246914,0.0008942657312896642
C,low,155,-0.0023060624464363573,0.0073522608053656294,0.0004496913580246914,0.0008390585153494809
C,low,156,-0.002664583403816896,0.007370271878113683,0.0004496913580246914,0.0008127846044982089
C,low,157,-0.0026244995364483195,0.007384911205706549,0.0004496913580246914,0.0008170070732452338
C,low,158,-0.0021896321982414983,0.00739554117334273,0.0004496913580246914,0.0008513818653627494
C,low,159,-0.0013886337481486548,0.007414174640582055,0.0004496913580246914,0.0009146250688606019
C,low,160,-0.00027312565184050295,0.007435457671836518,0.0004496913580246914,0.001002340433641668
C,low,161,0.0010860222658141904,0.007453522561051022,0.0004496913580246914,0.0011086068539247849
C,low,162,0.0026040130309791373,0.0074677389909055154,0.0004496913580246914,0.0012268327177380133
C,low,163,0.004188633975749839,0.00747747616152494,0.0004496913580246914,0.0013498541772588566
C,low,164,0.0057474370785108335,0.0074821650487785175,0.0004496913580246914,0.0014704939913031904
C,low,165,0.007194998422322406,0.007481365779763325,0.0004496913580246914,0.0015821268674448866
C,low,166,0.008459601616702894,0.007474840627978186,0.0004496913580246914,0.0016792007904846513
C,low,167,0.009488752723414253,0.007462605501261185,0.0004496913580246914,0.0017576665296817468
C,low,168,0.010253021280092853,0.007444944621379909,0.0004496913580246914,0.0018152751467185775
C,low,169,0.010747856174940337,0.007526168977340797,0.0004496913580246914,0.0018597241629846554
C,low,170,0.010993273513246457,0.0076720451121546004,0.0004496913580246914,0.0018899165606019333
C,low,171,0.01103147506512125,0.007811377246394347,0.0004496913580246914,0.0019036151474934875
C,low,172,0.010918863314932381,0.00794320789794385,0.0004496913580246914,0.0019050980874132893
C,low,173,0.010720820563149451,0.00806718896039318,0.0004496913580246914,0.0018993834508906353
C,low,174,0.010526503531177026,0.008179914012295944,0.0004496913580246914,0.001893087773416124
C,low,175,0.01041436727112207,0.008280960207571344,0.0004496913580246914,0.0018922320585411585
C,low,176,0.010455455090396994,0.008369996934780629,0.0004496913580246914,0.0019022725328069153
C,low,177,0.010707274340374225,0.008446973512176917,0.0004496913580246914,0.0019276425812153662
C,low,178,0.01120801585333303,0.0085118430787404,0.0004496913580246914,0.001971285411425419
C,low,179,0.011974084248106812,0.008564310704099593,0.0004496913580246914,0.0020344440549541977
C,low,180,0.012997389550422388,0.008603819326106028,0.0004496913580246914,0.0021164513022012667
C,low,181,0.01424492536371103,0.008629502210637775,0.0004496913580246914,0.0022146934856750625
C,low,182,0.015660454519462064,0.00864016849701495,0.0004496913580246914,0.0023247394302837203
C,low,183,0.017168255497639145,0.008634350001776571,0.0004496913580246914,0.002440633140387015
C,low,184,0.01867854440035481,0.008610420758615393,0.0004496913580246914,0.0025553213857230092
C,low,185,0.020094208893563045,0.008566782792648001,0.0004496913580246914,0.002661187630108877
C,low,186,0.021318384397321498,0.008502108150537948,0.0004496913580246914,0.0027506552891866853
C,low,187,0.022262247586070566,0.008415691465899905,0.0004496913580246914,0.0028168162848742646
C,low,188,0.02285231950934418,0.008307547475633066,0.0004496913580246914,0.0028540020821741703
C,low,189,0.023036584437265518,0.008178684051390142,0.0004496913580246914,0.002858276889556764
C,low,190,0.02278880402345813,0.0080313015498091,0.0004496913580246914,0.0028277859238632123
C,low,191,0.02211060720631251,0.00786867601098896,0.0004496913580246914,0.002762907655655977
C,low,192,0.021031187929947515,0.007782715206824195,0.0004496913580246914,0.0026729863531459648
C,low,193,0.0196047176950337,0.007818892287477966,0.0004496913580246914,0.0025657106467987397
C,low,194,0.017905856514549585,0.007844721403353596,0.0004496913580246914,0.002436618666504875
C,low,195,0.016023878116137077,0.007859692364501783,0.0004496913580246914,0.0022925594506665787
C,low,196,0.014056002801939292,0.00786386788590055,0.0004496913580246914,0.0021410394049259135
C,low,197,0.012100471855334428,0.007857839024206531,0.0004496913580246914,0.0019896844814460616
C,low,198,0.010249840614872986,0.00784261361375411,0.0004496913580246914,0.001845714060850856
C,low,199,0.00858483642289234,0.007819469317433202,0.0004496913580246914,0.0017154556898399335
C,low,200,0.007169106773869052,0.0077898044044938065,0.0004496913580246914,0.0016039283316638007
C,low,201,0.006045101518936055,0.007755012396157311,0.0004496913580246914,0.0015145149625843649
C,low,202,0.005231330508001469,0.007726968827853348,0.0004496913580246914,0.001449560133939415
C,low,203,0.004721172218571421,0.0077165059594121975,0.0004496913580246914,0.0014093887483012052
C,low,204,0.004483354110129195,0.0076996804972350045,0.0004496913580246914,0.0013897403246422991
C,low,205,0.004464108756681497,0.007677874138983921,0.0004496913580246914,0.0013865727542951712
C,low,206,0.004590917535584202,0.00765228153529115,0.0004496913580246914,0.0013943826443576662
C,low,207,0.004777602330302916,0.007623797968170384,0.0004496913580246914,0.0014065895292031865
C,low,208,0.004930430685059386,0.007592707711568496,0.0004496913580246914,0.0014159829009743735
C,low,209,0.004954806682499171,0.007559510435866269,0.0004496913580246914,0.0014153022467874568
C,low,210,0.004762049389729725,0.007524728756332096,0.0004496913580246914,0.001397745227319585
C,low,211,0.004275759279892327,0.007489839350278443,0.0004496913580246914,0.0013575307585008312
C,low,212,0.003437288186465648,0.007454771636114601,0.0004496913580246914,0.0012901280727299572
C,low,213,0.0022098931391366376,0.007418149073264722,0.0004496913580246914,0.001192595849722327
C,low,214,0.0005812499081661595,0.007379662691096147,0.0004496913580246914,0.001063959305498635
C,low,215,-0.0014358625351993586,0.0073393274331139385,0.0004496913580246914,0.000905205624839088
C,low,216,-0.0038047724660240337,0.007297274059912689,0.0004496913580246914,0.0007191745057012852
C,low,217,-0.006467923314298946,0.007253804234548938,0.0004496913580246914,0.0005103303179205241
C,low,218,-0.009351452089281185,0.007209541575378528,0.0004496913580246914,0.0004496913580246914
C,low,219,-0.012370992363090657,0.007165170495015295,0.0004496913580246914,0.0004496913580246914
C,low,220,-0.015438248434666131,0.007119556205459113,0.0004496913580246914,0.0004496913580246914
C,low,221,-0.018467839629872015,0.007072310018220227,0.0004496913580246914,0.0004496913580246914
C,low,222,-0.021383885625114153,0.007023416120123203,0.0004496913580246914,0.0004496913580246914
C,low,223,-0.024125831012285926,0.006973009619260887,0.0004496913580246914,0.0004496913580246914
C,low,224,-0.02665304938175732,0.006920415190635246,0.0004496913580246914,0.0004496913580246914
C,low,225,-0.02894788708433141,0.006868013065887401,0.0004496913580246914,0.0004496913580246914
C,low,226,-0.03101690002898502,0.006824463131613668,0.0004496913580246914,0.0004496913580246914
C,low,227,-0.03126594597293626,0.006790495406373196,0.0004496913580246914,0.0004496913580246914
C,low,228,-0.03300368441344234,0.006742257291066208,0.0004496913580246914,0.0004496913580246914
C,low,229,-0.034664888836100485,0.006693696067623562,0.0004496913580246914,0.0004496913580246914
C,low,230,-0.03632904486468348,0.006685310592504724,0.0004496913580246914,0.0004496913580246914
C,low,231,-0.03808074931192487,0.006679630461386444,0.0004496913580246914,0.0004496913580246914
C,low,232,-0.040002939752573054,0.006671265643252866,0.0004496913580246914,0.0004496913580246914
C,low,233,-0.042170242008583075,0.006660164941540825,0.0004496913580246914,0.0004496913580246914
C,low,234,-0.04464295262915264,0.006646320821490677,0.0004496913580246914,0.0004496913580246914
C,low,235,-0.047462122579826,0.006629751779132147,0.0004496913580246914,0.0004496913580246914
C,low,236,-0.05064612965210545,0.006610882624370944,0.0004496913580246914,0.0004496913580246914
C,low,237,-0.05418899953349556,0.0067246105850884575,0.0004496913580246914,0.0004496913580246914
C,low,238,-0.058060606177744854,0.006902220686244901,0.0004496913580246914,0.0004496913580246914
C,low,239,-0.062208744423389126,0.007081732662218641,0.0004496913580246914,0.0004496913580246914
C,low,240,-0.06656290662165382,0.007263037597268871,0.0004496913580246914,0.0004496913580246914
C,low,241,-0.07103947813363898,0.0074460802344550455,0.0004496913580246914,0.0004496913580246914
C,low,242,-0.07554794059083231,0.007630812626798207,0.0004496913580246914,0.0004496913580246914
C,low,243,-0.07999761482111867,0.007817188672550076,0.0004496913580246914,0.0004496913580246914
C,low,244,-0.08430441310400624,0.00800516269254767,0.0004496913580246914,0.0004496913580246914
C,low,245,-0.0883970791582959,0.008194688828238362,0.0004496913580246914,0.0004496913580246914
C,low,246,-0.09043185043557281,0.008372579351830067,0.0004496913580246914,0.0004496913580246914
C,low,247,-0.09398556002838733,0.008594365761549545,0.0004496913580246914,0.0004496913580246914
C,low,248,-0.09723453007674915,0.008819139317662936,0.0004496913580246914,0.0004496913580246914
C,low,249,-0.1001958114516848,0.009046878700400114,0.0004496913580246914,0.0004496913580246914
C,low,250,-0.1029092426070937,0.009277562020776096,0.0004496913580246914,0.0004496913580246914
C,low,251,-0.10543410858892764,0.009511166969560569,0.0004496913580246914,0.0004496913580246914
C,low,252,-0.10784429343585354,0.009747671015122866,0.0004496913580246914,0.0004496913580246914
C,low,253,-0.11022230798446085,0.009987051626421856,0.0004496913580246914,0.0004496913580246914
C,low,254,-0.11265265912781823,0.010229286458731375,0.0004496913580246914,0.0004496913580246914
C,low,255,-0.11432978316544849,0.010435351170197121,0.0004496913580246914,0.0004496913580246914
C,low,256,-0.11658984087620514,0.010683777375371187,0.0004496913580246914,0.0004496913580246914
C,low,257,-0.11963738337024665,0.010934022977975612,0.0004496913580246914,0.0004496913580246914
C,low,258,-0.12296938741752264,0.011187047760968686,0.0004496913580246914,0.0004496913580246914
C,low,259,-0.126593444378444,0.01144283341570889,0.0004496913580246914,0.0004496913580246914
C,low,260,-0.1304928788872507,0.011701363241694972,0.0004496913580246914,0.0004496913580246914
C,low,261,-0.13355495522626143,0.011927103026851236,0.0004496913580246914,0.0004496913580246914
C,low,262,-0.1359206983445132,0.01213092699723219,0.0004496913580246914,0.0004496913580246914
C,low,263,-0.14232608234416572,0.012455978599423295,0.0004496913580246914,0.0004496913580246914
C,low,264,-0.14679079969699746,0.012725041828212418,0.0004496913580246914,0.0004496913580246914
C,low,265,-0.14995953289160116,0.012962596061006986,0.0004496913580246914,0.0004496913580246914
C,low,266,-0.1518705071650339,0.013175829150269842,0.0004496913580246914,0.0004496913580246914
C,low,267,-0.1586197675299179,0.013512265147470188,0.0004496913580246914,0.0004496913580246914
C,low,268,-0.044146265695732975,0.014051800692984541,0.0004496913580246914,0.0004496913580246914
C,low,269,-0.0419271521530216,0.014240007092401698,0.0004496913580246914,0.0004496913580246914
C,low,270,-0.0188824519039921,0.014171922087323539,0.0004496913580246914,0.0004496913580246914
C,low,271,0.13645515754562124,0.014515679014449516,0.0004496913580246914,0.012098675660499285
C,low,272,0.024554679194874408,0.014077066979709072,0.0004496913580246914,0.0034305359702610705
C,low,273,0.1458561158377371,0.013528907139467364,0.0004496913580246914,0.012747918439599111
C,low,274,0.14828744157783025,0.013192647643105477,0.0004496913580246914,0.012909574785566027
C,low,275,0.14674713427560027,0.012919226039142095,0.0004496913580246914,0.012769626567495553
C,low,276,0.1456690423116641,0.01266865542103078,0.0004496913580246914,0.0126671063065351
C,low,277,0.1438885327657389,0.012399789963688642,0.0004496913580246914,0.012508975519245954
C,low,278,0.14185996027442277,0.012133311533124653,0.0004496913580246914,0.012331888256755201
C,low,279,0.14024093498436774,0.011892764472371331,0.0004496913580246914,0.012188402735859496
C,low,280,0.13757671513235606,0.011630963131736529,0.0004496913580246914,0.011962629495686158
C,low,281,0.13454385689114318,0.01137163598897709,0.0004496913580246914,0.011708602845688292
C,low,282,0.13114856450939208,0.011114815663271773,0.0004496913580246914,0.011426804025668508
C,low,283,0.11818294523100427,0.010486316502682428,0.0004496913580246914,0.010377875133772124
C,low,284,0.114674976525342,0.010236536995906103,0.0004496913580246914,0.01008792542602223
C,low,285,0.11093349423959248,0.009989244481288535,0.0004496913580246914,0.009780149592660574
C,low,286,0.10704358708792593,0.009744397421353416,0.0004496913580246914,0.009461109915839457
C,low,287,0.11226890164488917,0.00991386290773583,0.0004496913580246914,0.009877373808072918
C,low,288,0.10798435595455863,0.009672275136635308,0.0004496913580246914,0.009528135115061261
C,low,289,0.10383993795433077,0.009433406851848507,0.0004496913580246914,0.009189918580723709
C,low,290,0.09990741154636262,0.009197290768894428,0.0004496913580246914,0.008868264067535266
C,low,291,0.09624050100818628,0.008963960501969421,0.0004496913580246914,0.008567319560968803
C,low,292,0.09287105639449401,0.008733450729027679,0.0004496913580246914,0.008289545302740871
C,low,293,0.08980691853598202,0.00850579729566829,0.0004496913580246914,0.008035549061084129
C,low,294,0.08703164471906297,0.008281037248528982,0.0004496913580246914,0.00780406496663518
C,low,295,0.08450612313989471,0.008065284661368449,0.0004496913580246914,0.007592546898245614
C,low,296,0.07782789310949531,0.007527053369822358,0.0004496913580246914,0.007035721178959696
C,low,297,0.07585897136790154,0.007347545699282048,0.0004496913580246914,0.0068699473045666344
C,low,298,0.0739137061983938,0.0071691252876169035,0.0004496913580246914,0.0067060826763897146
C,low,299,0.07190972081963067,0.006991888449575395,0.0004496913580246914,0.006537778492994295
C,low,300,0.07526515710066825,0.0071810058253840535,0.0004496913580246914,0.006811278003553418
C,low,301,0.07274602794143087,0.007000678414587095,0.0004496913580246914,0.006602986601544596
C,low,302,0.06998589646805055,0.006822004402251537,0.0004496913580246914,0.00637622691900479
C,low,303,0.06695585481571877,0.00664505727616621,0.0004496913580246914,0.0061287740811639645
C,low,304,0.0636506228140002,0.006479292083768323,0.0004496913580246914,0.005860950223593251
C,low,305,0.060089290307785176,0.0063630782510128185,0.0004496913580246914,0.005577188932006018
C,low,306,0.05631415607521182,0.0064072546362173065,0.0004496913580246914,0.0052893063820547166
C,low,307,0.052387771839225966,0.006448631195717331,0.0004496913580246914,0.00498953727121476
C,low,308,0.04838840333483783,0.006486644362242073,0.0004496913580246914,0.004683877137120362
C,low,309,0.044404265076603354,0.006521275883346459,0.0004496913580246914,0.004379131246909708
C,low,310,0.04052697536655862,0.006552539460253357,0.0004496913580246914,0.004082369971204628
C,low,311,0.036844739414146364,0.006580540195823705,0.0004496913580246914,0.0038004073773125055
C,low,312,0.033435780803058784,0.006615060901004767,0.0004496913580246914,0.0035400340821036685
C,low,313,0.030362534025350517,0.006671753140959812,0.0004496913580246914,0.0033072752443140683
C,low,314,0.027667049247831046,0.006726348529980062,0.0004496913580246914,0.00310350291495456
C,low,315,0.025367955764495978,0.006778097351258776,0.0004496913580246914,0.0029300966910304595
C,low,316,0.02345922701422232,0.006835376438439873,0.0004496913580246914,0.0027872379207301073
C,low,317,0.02191083307276864,0.006891878057111268,0.0004496913580246914,0.0026721227723672768
C,low,318,0.02067123566879759,0.006945807847907665,0.0004496913580246914,0.00258063607381985
C,low,319,0.019671526949891487,0.006997852187864236,0.0004496913580246914,0.0025075138223576944
C,low,320,0.018830884804520623,0.007047973520155114,0.0004496913580246914,0.002446516846039795
C,low,321,0.01806293277996939,0.007096141206912911,0.0004496913580246914,0.002390977931086597
C,low,322,0.017282491306728952,0.007142619645494917,0.0004496913580246914,0.0023343449808814714
C,low,323,0.016412212142454842,0.007188581167966065,0.0004496913580246914,0.0022707402245695143
C,low,324,0.015388566102269035,0.007233632029743849,0.0004496913580246914,0.002195231337346673
C,low,325,0.01416672651239563,0.007277023260252287,0.0004496913580246914,0.002104301679988265
C,low,326,0.01272395527259424,0.007318411406359594,0.0004496913580246914,0.0019961702684377957
C,low,327,0.011061237094566757,0.007357637756238491,0.0004496913580246914,0.0018709008372534911
C,low,328,0.009203026898385331,0.00739466254174616,0.0004496913580246914,0.0017303772716150845
C,low,329,0.007195118683480114,0.00742970421180979,0.0004496913580246914,0.0015781499147600236
C,low,330,0.005100812941755659,0.007464002453917902,0.0004496913580246914,0.0014191987188019724
C,low,331,0.002995659753943518,0.007498073351083731,0.0004496913580246914,0.0012593929864990164
C,low,332,0.0009611943854023574,0.007530356982917041,0.0004496913580246914,0.0011049036549629165
C,low,333,-0.0009218526927831124,0.007560232036344635,0.0004496913580246914,0.00096191198638592
C,low,334,-0.0025803383322791666,0.007587200535152544,0.0004496913580246914,0.0008360233181229459
C,low,335,-0.003954952529651404,0.007610971210978491,0.0004496913580246914,0.0007317915649172136
C,low,336,-0.005005413571439465,0.007630675616990313,0.0004496913580246914,0.0006522578738850964
C,low,337,-0.005714189942249202,0.007645146128627284,0.0004496913580246914,0.0005986848909242347
C,low,338,-0.006088418255128115,0.007653009329681587,0.0004496913580246914,0.0005704159779748049
C,low,339,-0.00615980583526969,0.007678185162676963,0.0004496913580246914,0.0005668502567443883
C,low,340,-0.005982475900588905,0.00770985254496302,0.0004496913580246914,0.0005829765929301014
C,low,341,-0.005628843176148529,0.007736153049438167,0.0004496913580246914,0.0006122924284945708
C,low,342,-0.005183798675103194,0.00775570349981245,0.0004496913580246914,0.0006481408043757142
C,low,343,-0.0047376236998821954,0.007767118247051685,0.0004496913580246914,0.0006834486533309792
C,low,344,-0.004378221575253521,0.0077691337903787235,0.0004496913580246914,0.0007113358190683027
C,low,345,-0.004183342718220118,0.0077607573664839405,0.0004496913580246914,0.0007257264389092456
C,low,346,-0.004213568455185441,0.007741413312932257,0.0004496913580246914,0.0007219016093940445
C,low,347,-0.004506749379029964,0.007711054127692311,0.0004496913580246914,0.0006969370948041934
C,low,348,-0.005074499258095686,0.007670204633694788,0.0004496913580246914,0.0006499772666357333
C,low,349,-0.005901075897530884,0.0077602072782054264,0.0004496913580246914,0.0005931428534471097
C,low,350,-0.006944719606617845,0.007932830394826262,0.0004496913580246914,0.0005259344743987977
C,low,351,-0.00814121009791005,0.008090301522802091,0.0004496913580246914,0.0004496913580246914
C,low,352,-0.009409190412569336,0.008229338724705456,0.0004496913580246914,0.0004496913580246914
C,low,353,-0.010656673732735494,0.008347733154664562,0.0004496913580246914,0.0004496913580246914
C,low,354,-0.011788137290850756,0.008444466489920104,0.0004496913580246914,0.0004496913580246914
C,low,355,-0.01271166229309573,0.008519512399879383,0.0004496913580246914,0.0004496913580246914
C,low,356,-0.013345652151687617,0.008573564352858089,0.0004496913580246914,0.0004496913580246914
C,low,357,-0.013624751940354857,0.008607938813524873,0.0004496913580246914,0.0004496913580246914
C,low,358,-0.013504639282721111,0.008624223161248274,0.0004496913580246914,0.0004496913580246914
C,low,359,-0.012965418856279743,0.008624033870416254,0.0004496913580246914,0.0004496913580246914
C,nominal,0,-0.0014236762949604782,0.017222373262867536,0.001349074074074074,0.0025681093339434457
C,nominal,1,-8.947572831813266e-05,0.01716612143109439,0.001349074074074074,0.0026667164894117476
C,nominal,2,0.0015688134162717077,0.017083898925691877,0.001349074074074074,0.0027883265695959553
C,nominal,3,0.00347349570249387,0.0169767391841674,0.001349074074074074,0.002927024296810283
C,nominal,4,0.005531222550383367,0.01684512789810636,0.001349074074074074,0.0030756443247291453
C,nominal,5,0.007639379837895955,0.016689209849000207,0.001349074074074074,0.003226280068433345
C,nominal,6,0.009693267434614907,0.016509067394020343,0.001349074074074074,0.0033708591688761764
C,nominal,7,0.011593522075572555,0.016305346020555965,0.001349074074074074,0.0035017645135901635
C,nominal,8,0.01325318825993023,0.016078875028771193,0.001349074074074074,0.0036123505623998006
C,nominal,9,0.014603841695129717,0.015831159362466252,0.001349074074074074,0.003697453785308331
C,nominal,10,0.015600229783090584,0.015564911847827616,0.001349074074074074,0.0037537917925091198
C,nominal,11,0.016223045325712022,0.015283784281991371,0.001349074074074074,0.0037801566055326694
C,nominal,12,0.016479603640246896,0.015121684332463643,0.001349074074074074,0.0037874450596227264
C,nominal,13,0.016402440277342414,0.015145011742125233,0.001349074074074074,0.003783291050884849
C,nominal,14,0.016046007818044595,0.015158776070431904,0.001349074074074074,0.0037568506086787415
C,nominal,15,0.01548182852749308,0.015162383514737952,0.001349074074074074,0.0037135966081968384
C,nominal,16,0.014792539113763476,0.015155775431096405,0.001349074074074074,0.003659900813646595
C,nominal,17,0.014065299511690896,0.015139393934209084,0.001349074074074074,0.0036025226424305536
C,nominal,18,0.01338504211986662,0.015114078487530642,0.001349074074074074,0.003548080293780653
C,nominal,19,0.012828003732915512,0.015080925494907253,0.001349074074074074,0.003502540835480151
C,nominal,20,0.012455952089080945,0.01504114430147327,0.001349074074074074,0.003470763610382269
C,nominal,21,0.012311483536199543,0.014995936019164768,0.001349074074074074,0.003456128052111444
C,nominal,22,0.012414707218991449,0.01495698319469627,0.001349074074074074,0.0034610872232783726
C,nominal,23,0.01276155473181987,0.014934927664076426,0.001349074074074074,0.0034861483330166894
C,nominal,24,0.013323858673291663,0.014905641533798373,0.001349074074074074,0.0035272762505470703
C,nominal,25,0.014051040360899335,0.014870348511153424,0.001349074074074074,0.0035806627216090087
C,nominal,26,0.014873092614393752,0.014830340359983278,0.001349074074074074,0.003641005630738968
C,nominal,27,0.015707578591121565,0.01478669102235766,0.001349074074074074,0.0037020269763487056
C,nominal,28,0.01646425264636843,0.014738807780263357,0.001349074074074074,0.0037567176255117116
C,nominal,29,0.017051470154756342,0.014687052425148209,0.001349074074074074,0.0037980341496839927
C,nominal,30,0.017383287112694296,0.014631822157444819,0.001349074074074074,0.0038193757152885114
C,nominal,31,0.017385834446284217,0.014574478986707766,0.001349074074074074,0.003815147641434566
C,nominal,32,0.01697111028703756,0.014515804428712786,0.001349074074074074,0.003778619962635057
C,nominal,33,0.01613060955331962,0.014453232136034331,0.001349074074074074,0.003708938401956323
C,nominal,34,0.014855046826129733,0.014386410309223012,0.001349074074074074,0.0036053593468636375
C,nominal,35,0.013158921826804237,0.014315370219420635,0.001349074074074074,0.003469004015912413
C,nominal,36,0.01108048157868842,0.014240304217539338,0.001349074074074074,0.003302838410202759
C,nominal,37,0.00867872452132417,0.014161764220738948,0.001349074074074074,0.0031114574646653637
C,nominal,38,0.006028850298486209,0.014081969845876771,0.001349074074074074,0.0029008348876823284
C,nominal,39,0.003216436509852131,0.014004060538187903,0.001349074074074074,0.002677816130250002
C,nominal,40,0.0003309007173162439,0.0139235725241852,0.001349074074074074,0.002448956268634371
C,nominal,41,-0.0025413568431716573,0.013839022529336024,0.001349074074074074,0.002220807537512682
C,nominal,42,-0.005323514010038995,0.013750929169007359,0.001349074074074074,0.001999337589426571
C,nominal,43,-0.00795416846872326,0.01366040967713661,0.001349074074074074,0.0017893704636121413
C,nominal,44,-0.01039192862277742,0.01356506479872628,0.001349074074074074,0.0015939148283911156
C,nominal,45,-0.012618457146584145,0.013468581594307697,0.001349074074074074,0.0014146700962749652
C,nominal,46,-0.01464194467667303,0.013385161701650092,0.001349074074074074,0.001349074074074074
C,nominal,47,-0.016487457390821986,0.013296780225206261,0.001349074074074074,0.001349074074074074
C,nominal,48,-0.018207984351948363,0.013203613753140433,0.001349074074074074,0.001349074074074074
C,nominal,49,-0.01987119259360408,0.013105797643277588,0.001349074074074074,0.001349074074074074
C,nominal,50,-0.01998919866168685,0.013031098576287583,0.001349074074074074,0.001349074074074074
C,nominal,51,-0.021787926177462176,0.013006677035166394,0.001349074074074074,0.001349074074074074
C,nominal,52,-0.0237755890905878,0.012982934107872518,0.001349074074074074,0.001349074074074074
C,nominal,53,-0.02602670152800657,0.012956635687726849,0.001349074074074074,0.001349074074074074
C,nominal,54,-0.02860150699056427,0.01292789695437522,0.001349074074074074,0.001349074074074074
C,nominal,55,-0.03154105960233956,0.01289687805798864,0.001349074074074074,0.001349074074074074
C,nominal,56,-0.034863790169858314,0.012863861656176341,0.001349074074074074,0.001349074074074074
C,nominal,57,-0.03856382327775522,0.012845580556099257,0.001349074074074074,0.001349074074074074
C,nominal,58,-0.04261118030473713,0.013075310722182196,0.001349074074074074,0.001349074074074074
C,nominal,59,-0.04695384153891707,0.013456291364948882,0.001349074074074074,0.001349074074074074
C,nominal,60,-0.051521526215750735,0.013841574426980098,0.001349074074074074,0.001349074074074074
C,nominal,61,-0.05623088427645606,0.014230506879780466,0.001349074074074074,0.001349074074074074
C,nominal,62,-0.060991716706278995,0.014622933241321716,0.001349074074074074,0.001349074074074074
C,nominal,63,-0.06571366397607047,0.015018756049553869,0.001349074074074074,0.001349074074074074
C,nominal,64,-0.07031303015076941,0.01541790221009892,0.001349074074074074,0.001349074074074074
C,nominal,65,-0.07471899016450118,0.0158203073793939,0.001349074074074074,0.001349074074074074
C,nominal,66,-0.0768151000179498,0.01617502380413747,0.001349074074074074,0.001349074074074074
C,nominal,67,-0.08072178520565221,0.016641029388741138,0.001349074074074074,0.001349074074074074
C,nominal,68,-0.08419500884830423,0.017094331347143613,0.001349074074074074,0.001349074074074074
C,nominal,69,-0.08738095519772798,0.017552328250597708,0.001349074074074074,0.001349074074074074
C,nominal,70,-0.09032853456953072,0.01801615610704333,0.001349074074074074,0.001349074074074074
C,nominal,71,-0.09309689196454798,0.018485779129701372,0.001349074074074074,0.001349074074074074
C,nominal,72,-0.09575979254202374,0.018961162199894507,0.001349074074074074,0.001349074074074074
C,nominal,73,-0.09839964148488851,0.019442270083857262,0.001349074074074074,0.001349074074074074
C,nominal,74,-0.10109488022726824,0.019928529696849946,0.001349074074074074,0.001349074074074074
C,nominal,75,-0.10391908858075947,0.020419460459666573,0.001349074074074074,0.001349074074074074
C,nominal,76,-0.10440761679596929,0.02070782243496387,0.001349074074074074,0.001349074074074074
C,nominal,77,-0.1086535707841999,0.0213289792469923,0.001349074074074074,0.001349074074074074
C,nominal,78,-0.11227273527805082,0.021835627888978446,0.001349074074074074,0.001349074074074074
C,nominal,79,-0.11619086943054945,0.02234780859499151,0.001349074074074074,0.001349074074074074
C,nominal,80,-0.12039116595837762,0.022865485707484496,0.001349074074074074,0.001349074074074074
C,nominal,81,-0.12483368262592447,0.023388627044499007,0.001349074074074074,0.001349074074074074
C,nominal,82,-0.1262683970188868,0.023718082914599786,0.001349074074074074,0.001349074074074074
C,nominal,83,-0.13089145602856508,0.024253645919840843,0.001349074074074074,0.001349074074074074
C,nominal,84,-0.1376332564832136,0.024892813198391425,0.001349074074074074,0.001349074074074074
C,nominal,85,-0.14237049553145578,0.025436744913233975,0.001349074074074074,0.001349074074074074
C,nominal,86,-0.1469558896361854,0.025986076927182227,0.001349074074074074,0.001349074074074074
C,nominal,87,-0.14744855874140747,0.026342724945548207,0.001349074074074074,0.001349074074074074
C,nominal,88,-0.021365709360879948,0.027887602094720604,0.001349074074074074,0.0018523065381049885
C,nominal,89,-0.0277981790435314,0.028299639281470827,0.001349074074074074,0.0013877669936681657
C,nominal,90,0.012810521171924698,0.0281577119147175,0.001349074074074074,0.004510203170265601
C,nominal,91,0.00618379237119337,0.028158683333949098,0.001349074074074074,0.003998956458730128
C,nominal,92,0.031241393350692526,0.02777431266606206,0.001349074074074074,0.005902755093885384
C,nominal,93,0.1562801817526336,0.02746730568133953,0.001349074074074074,0.015527120943979409
C,nominal,94,0.1547268546151169,0.026914898973492696,0.001349074074074074,0.015364641480602593
C,nominal,95,0.14771021846100432,0.026046453930620106,0.001349074074074074,0.01475622472157596
C,nominal,96,0.14565108628761414,0.025457905383207382,0.001349074074074074,0.014551928369662154
C,nominal,97,0.15062846681396067,0.025324633610096608,0.001349074074074074,0.014925702193214296
C,nominal,98,0.1437188762724705,0.02446666245475864,0.001349074074074074,0.014326353296854102
C,nominal,99,0.14138933948331384,0.02391803778259922,0.001349074074074074,0.01410427293718465
C,nominal,100,0.13315272849247214,0.022984101490140556,0.001349074074074074,0.013396668980139867
C,nominal,101,0.14159900185278698,0.023259365151934577,0.001349074074074074,0.01406962708369765
C,nominal,102,0.13817329110917756,0.022736822921487126,0.001349074074074074,0.013764977934464866
C,nominal,103,0.13441302581525286,0.02221929972368016,0.001349074074074074,0.013434901661954707
C,nominal,104,0.13022532359865607,0.02169404848850608,0.001349074074074074,0.013071247846231647
C,nominal,105,0.12287034860158605,0.02089850802163207,0.001349074074074074,0.012442350048087818
C,nominal,106,0.11833836462625258,0.020364585334491408,0.001349074074074074,0.012051462188329008
C,nominal,107,0.11051893156810978,0.019496650900002285,0.001349074074074074,0.011381140622539507
C,nominal,108,0.11447600552503578,0.01978027688675403,0.001349074074074074,0.011708355124366498
C,nominal,109,0.11028444391989516,0.019293332353377848,0.001349074074074074,0.011347359280345139
C,nominal,110,0.10630500869852902,0.018811796222414114,0.001349074074074074,0.011003148527850549
C,nominal,111,0.10259178831797269,0.018335725427421765,0.001349074074074074,0.010679900751959447
C,nominal,112,0.09917699925405384,0.017865178514526472,0.001349074074074074,0.010380106309304036
C,nominal,113,0.09606885136996146,0.01740021598018111,0.001349074074074074,0.01010440334491841
C,nominal,114,0.09325127464938762,0.016940900468872446,0.001349074074074074,0.009851556722087967
C,nominal,115,0.09061723327342497,0.016488099056661817,0.001349074074074074,0.009613374408185707
C,nominal,116,0.08665682408090106,0.01582650509355633,0.001349074074074074,0.009256738362226648
C,nominal,117,0.08449260685550672,0.015447182710580244,0.001349074074074074,0.009060477589975847
C,nominal,118,0.08046847258423505,0.014708907749601926,0.001349074074074074,0.008693007741808409
C,nominal,119,0.07842848430677772,0.014344153763993527,0.001349074074074074,0.008507456641263214
C,nominal,120,0.08111384874937236,0.014672219957330394,0.001349074074074074,0.008739974437245583
C,nominal,121,0.0785727940674457,0.014300915144185898,0.001349074074074074,0.008515255340403672
C,nominal,122,0.0757956271788822,0.013932714141317333,0.001349074074074074,0.008272557200632679
C,nominal,123,0.07275388436384655,0.013567747532753902,0.001349074074074074,0.008009693819182132
C,nominal,124,0.0694427486319409,0.01322603827190585,0.001349074074074074,0.007727838495667187
C,nominal,125,0.06588178455708203,0.012901124414496527,0.001349074074074074,0.007428002235461308
C,nominal,126,0.062113787217178584,0.012582655925822962,0.001349074074074074,0.007112688514120489
C,nominal,127,0.0582018195756188,0.012540515750234776,0.001349074074074074,0.0068075876023035164
C,nominal,128,0.05422467659127712,0.012608723982294092,0.001349074074074074,0.00650597226647926
C,nominal,129,0.050271123358219136,0.012670694830716445,0.001349074074074074,0.006205695847911695
C,nominal,130,0.04643335044437106,0.012725800288829785,0.001349074074074074,0.005913823359043275
C,nominal,131,0.04280015805845821,0.012773962360053782,0.001349074074074074,0.005637200649576542
C,nominal,132,0.03945039175337268,0.012815225360916102,0.001349074074074074,0.005381914900793886
C,nominal,133,0.0364463403747763,0.012875828358917504,0.001349074074074074,0.005154796970192423
C,nominal,134,0.033831113482876575,0.012978317794040635,0.001349074074074074,0.004960912907169537
C,nominal,135,0.031623221070093466,0.013074802874006525,0.001349074074074074,0.004797995674699074
C,nominal,136,0.029818946196716312,0.013182469147855643,0.001349074074074074,0.004667084517328082
C,nominal,137,0.02838917305892991,0.01328841751814351,0.001349074074074074,0.00456493754452727
C,nominal,138,0.027283257279433534,0.013388993940908594,0.001349074074074074,0.004487365063298004
C,nominal,139,0.026433108788822882,0.01348670299712877,0.001349074074074074,0.004429306464965406
C,nominal,140,0.02574164929576667,0.013577876572813381,0.001349074074074074,0.0043829881071435215
C,nominal,141,0.02513902427215307,0.013664229550115642,0.001349074074074074,0.00434315230110098
C,nominal,142,0.024546670370201747,0.01374763019583255,0.001349074074074074,0.0043038812165149916
C,nominal,143,0.023888349362454334,0.013832765372636231,0.001349074074074074,0.0042596539147446415
C,nominal,144,0.023101727842603007,0.013917691068024728,0.001349074074074074,0.004205510718412634
C,nominal,145,0.022143306064070167,0.013999520512220122,0.001349074074074074,0.004137872421010053
C,nominal,146,0.020991814527179967,0.014077569609202787,0.001349074074074074,0.004055045072251754
C,nominal,147,0.019649861342629242,0.014151598647273396,0.001349074074074074,0.003957211418973969
C,nominal,148,0.018143679531405624,0.014221539970284105,0.001349074074074074,0.0038463903936488985
C,nominal,149,0.01652091490378735,0.014287545784157295,0.001349074074074074,0.0037262701148105433
C,nominal,150,0.014847175601755027,0.01435092391613825,0.001349074074074074,0.0036020138516892953
C,nominal,151,0.013200281817422088,0.014412176675148505,0.001349074074074074,0.0034796650071427923
C,nominal,152,0.01166444182520456,0.014469901346030305,0.001349074074074074,0.0033656128990150356
C,nominal,153,0.0103230260139108,0.014523419716662411,0.001349074074074074,0.0032662380964948463
C,nominal,154,0.009252162076474451,0.01457228448602228,0.001349074074074074,0.003187380135995118
C,nominal,155,0.008514345800730603,0.014616963022923616,0.001349074074074074,0.003133897285775788
C,nominal,156,0.008153205610127267,0.014656215076956263,0.001349074074074074,0.0031090602382008894
C,nominal,157,0.008189699326986162,0.014688760983913465,0.001349074074074074,0.0031143873696681808
C,nominal,158,0.008620066921523162,0.014713321662577971,0.001349074074074074,0.003149489859884347
C,nominal,159,0.009415716809188832,0.014753919019750383,0.001349074074074074,0.003214015110257655
C,nominal,160,0.010525089586854991,0.01479984110681003,0.001349074074074074,0.0033031582325358812
C,nominal,161,0.011877372540096484,0.014839349117773702,0.001349074074074074,0.0034105495106381313
C,nominal,162,0.013387829083160429,0.014871178394617992,0.001349074074074074,0.0035295530461248777
C,nominal,163,0.014964304542600884,0.014894063527735861,0.001349074074074074,0.003652960499254378
C,nominal,164,0.01651440420449789,0.014906863295793651,0.001349074074074074,0.003773554591071878
C,nominal,165,0.017952759724008692,0.014908694167037875,0.001349074074074074,0.003884680084185691
C,nominal,166,0.01920770740543373,0.014899077138917477,0.001349074074074074,0.003980770412372778
C,nominal,167,0.020226803559771373,0.01487804063414331,0.001349074074074074,0.0040577811878020585
C,nominal,168,0.02098066765438673,0.014846149363779095,0.001349074074074074,0.004113488967451067
C,nominal,169,0.02146479403725234,0.01501048833350173,0.001349074074074074,0.00416352487428658
C,nominal,170,0.02169924280352555,0.015303104108983273,0.001349074074074074,0.004204193434607163
C,nominal,171,0.021726255674458024,0.015582631930268829,0.001349074074074074,0.004227846265796824
C,nominal,172,0.02160161595829587,0.015847385686075646,0.001349074074074074,0.004238657534287925
C,nominal,173,0.021389993380898382,0.016097065338563293,0.001349074074074074,0.004241594036995499
C,nominal,174,0.021182600003894173,0.0163242377975406,0.001349074074074074,0.004243120200727992
C,nominal,175,0.02105792334087392,0.01652805741619579,0.001349074074074074,0.004249226910267724
C,nominal,176,0.02108703458303224,0.016707863334033794,0.001349074074074074,0.004265347061502009
C,nominal,177,0.0213274659499009,0.016863553714814843,0.001349074074074074,0.004295912011166338
C,nominal,178,0.021817405326091326,0.016995065497463956,0.001349074074074074,0.004343863489471858
C,nominal,179,0.02257330689694557,0.01710180242098523,0.001349074074074074,0.004410425101692191
C,nominal,180,0.02358711591051699,0.017182638424927517,0.001349074074074074,0.0044948884518089885
C,nominal,181,0.024825840284963843,0.01723583205880422,0.001349074074074074,0.0045945734833154365
C,nominal,182,0.026233245166680873,0.01725900005044944,0.001349074074074074,0.004704957192679809
C,nominal,183,0.02773360643153021,0.017249206685449454,0.001349074074074074,0.004819970147915097
C,nominal,184,0.029237133571218803,0.01720320069239368,0.001349074074074074,0.004932433199352815
C,nominal,185,0.03064670375152151,0.017117786760404662,0.001349074074074074,0.005034605749377018
C,nominal,186,0.03186543808960991,0.016990309563240234,0.001349074074074074,0.005118807689263128
C,nominal,187,0.03280449522033851,0.016819358851127682,0.001349074074074074,0.005178075159835354
C,nominal,188,0.03339037442417121,0.016604964443870607,0.001349074074074074,0.005206739110188412
C,nominal,189,0.033571034469796826,0.01634914225580181,0.001349074074074074,0.005200939562160388
C,nominal,190,0.0333202077277856,0.016056292961871704,0.001349074074074074,0.005158989250745162
C,nominal,191,0.03263949002910945,0.015732968365928794,0.001349074074074074,0.005081516851469001
C,nominal,192,0.03155803833587376,0.015563646793201054,0.001349074074074074,0.004985006568601451
C,nominal,193,0.030129983268928285,0.01563962955363441,0.001349074074074074,0.004880680001740949
C,nominal,194,0.028429940086895342,0.015694959664753656,0.001349074074074074,0.004753773128985262
C,nominal,195,0.026547133969189965,0.015728612942018088,0.001349074074074074,0.004611091582654942
C,nominal,196,0.024578733024325585,0.015740710758987832,0.001349074074074074,0.004460142267230973
C,nominal,197,0.02262292291523837,0.015732430946494874,0.001349074074074074,0.004308592118960899
C,nominal,198,0.02077220022532147,0.015705784696003967,0.001349074074074074,0.004163733404423258
C,nominal,199,0.01910723074307799,0.015663322696588752,0.001349074074074074,0.0040319871481224335
C,nominal,200,0.017691597993547078,0.015607836727474567,0.001349074074074074,0.003918474901313398
C,nominal,201,0.01656768584241653,0.015542108986019699,0.001349074074074074,0.0038266816997250173
C,nominal,202,0.015753936518756662,0.015489885646842075,0.001349074074074074,0.003759862821419655
C,nominal,203,0.015243659618095816,0.015472826314034568,0.001349074074074074,0.0037191732972322823
C,nominal,204,0.015005512768489892,0.015443039493461807,0.001349074074074074,0.0036984994029283717
C,nominal,205,0.014985658025586112,0.015403283706363511,0.001349074074074074,0.0036938998249961123
C,nominal,206,0.015111505737517517,0.015355943433340943,0.001349074074074074,0.003699957497751424
C,nominal,207,0.01529680637509677,0.015302804489104644,0.001349074074074074,0.0037101551592748
C,nominal,208,0.015447755714682581,0.015244430759606072,0.001349074074074074,0.0037172983390654822
C,nominal,209,0.015469685701541351,0.01518181702652366,0.001349074074074074,0.0037141591611161272
C,nominal,210,0.015273842811993005,0.015116004079919303,0.001349074074074074,0.0036939696675858257
C,nominal,211,0.01478375438025067,0.015049940969922352,0.001349074074074074,0.0036510567399824856
C,nominal,212,0.01394069842362094,0.014983482384131672,0.001349074074074074,0.003580878148746343
C,nominal,213,0.012707857372030965,0.014913871269118638,0.001349074074074074,0.003480380296385
C,nominal,214,0.011072831527050889,0.014840485912241632,0.001349074074074074,0.0033485584443898545
C,nominal,215,0.009048323486570038,0.014763352655383323,0.001349074074074074,0.003186394764039611
C,nominal,216,0.006670927720751999,0.01468272972687252,0.001349074074074074,0.002996732827748805
C,nominal,217,0.003998122744385978,0.014599217437079776,0.001349074074074074,0.0027840540263476656
C,nominal,218,0.001103692854688246,0.014514060306100264,0.001349074074074074,0.0025541476204312117
C,nominal,219,-0.0019280746439639617,0.014428624758317759,0.001349074074074074,0.00231362269400878
C,nominal,220,-0.005008963334263778,0.014340639140706664,0.001349074074074074,0.002069110787534173
C,nominal,221,-0.008053671692738434,0.014249324317277082,0.001349074074074074,0.0018271336901650188
C,nominal,222,-0.0109863981063173,0.014154647191227634,0.001349074074074074,0.0015935377380332046
C,nominal,223,-0.013746665133763698,0.014056876720890107,0.001349074074074074,0.0013730101533276549
C,nominal,224,-0.016293923332499998,0.013954661025172576,0.001349074074074074,0.001349074074074074
C,nominal,225,-0.018610594817196305,0.013852759372617542,0.001349074074074074,0.001349074074074074
C,nominal,226,-0.020703309920319716,0.013768489442757282,0.001349074074074074,0.001349074074074074
C,nominal,227,-0.020985468451869913,0.013702383505812491,0.001349074074074074,0.001349074074074074
C,nominal,228,-0.022750937474013598,0.013608503561566909,0.001349074074074074,0.001349074074074074
C,nominal,229,-0.024441952990520294,0.013509520285459431,0.001349074074074074,0.001349074074074074
C,nominal,230,-0.02613807026420182,0.013412892499660952,0.001349074074074074,0.001349074074074074
C,nominal,231,-0.027923955062729305,0.013396833428452876,0.001349074074074074,0.001349074074074074
C,nominal,232,-0.029882613559727236,0.013382833416470005,0.001349074074074074,0.001349074074074074
C,nominal,233,-0.03208874017485409,0.013363398425132086,0.001349074074074074,0.001349074074074074
C,nominal,234,-0.03460270040215699,0.013338437212148935,0.001349074074074074,0.001349074074074074
C,nominal,235,-0.037465614818190274,0.013307934157123755,0.001349074074074074,0.001349074074074074
C,nominal,236,-0.0406959317627336,0.01327190947322212,0.001349074074074074,0.001349074074074074
C,nominal,237,-0.04428774859337944,0.013246531150430368,0.001349074074074074,0.001349074074074074
C,nominal,238,-0.04821101216047893,0.013393340235355284,0.001349074074074074,0.001349074074074074
C,nominal,239,-0.05241359143383289,0.013747941423315705,0.001349074074074074,0.001349074074074074
C,nominal,240,-0.056825054048046414,0.014106476242942484,0.001349074074074074,0.001349074074074074
C,nominal,241,-0.06136186162614822,0.014468549557660193,0.001349074074074074,0.001349074074074074
C,nominal,242,-0.06593357280147048,0.014834038531041482,0.001349074074074074,0.001349074074074074
C,nominal,243,-0.07044958586217442,0.015202843655105953,0.001349074074074074,0.001349074074074074
C,nominal,244,-0.07482589069685228,0.01557487017298525,0.001349074074074074,0.001349074074074074
C,nominal,245,-0.07899130848125423,0.01595002404447792,0.001349074074074074,0.001349074074074074
C,nominal,246,-0.081113090969166,0.016301927422546086,0.001349074074074074,0.001349074074074074
C,nominal,247,-0.08474632024341486,0.016741074408764833,0.001349074074074074,0.001349074074074074
C,nominal,248,-0.08807828369992458,0.017186233098799793,0.001349074074074074,0.001349074074074074
C,nominal,249,-0.0911261073516414,0.0176373597824533,0.001349074074074074,0.001349074074074074
C,nominal,250,-0.0939297041180668,0.018094409502391558,0.001349074074074074,0.001349074074074074
C,nominal,251,-0.09654843300909394,0.018557336351679006,0.001349074074074074,0.001349074074074074
C,nominal,252,-0.09905625182240627,0.01902609387990783,0.001349074074074074,0.001349074074074074
C,nominal,253,-0.10153574529841697,0.019500635555406234,0.001349074074074074,0.001349074074074074
C,nominal,254,-0.10407149478852289,0.019980915155933664,0.001349074074074074,0.001349074074074074
C,nominal,255,-0.10579998069527391,0.020385924061509925,0.001349074074074074,0.001349074074074074
C,nominal,256,-0.10824223521236362,0.020881886432519748,0.001349074074074074,0.001349074074074074
C,nominal,257,-0.1114074391821087,0.021378248472070753,0.001349074074074074,0.001349074074074074
C,nominal,258,-0.11486133746232519,0.02188019135160698,0.001349074074074074,0.001349074074074074
C,nominal,259,-0.11861160501610114,0.02238767682157014,0.001349074074074074,0.001349074074074074
C,nominal,260,-0.12264165270083552,0.022900669838751088,0.001349074074074074,0.001349074074074074
C,nominal,261,-0.1257839515069994,0.02334566650009494,0.001349074074074074,0.001349074074074074
C,nominal,262,-0.128195776830227,0.023745303748564275,0.001349074074074074,0.001349074074074074
C,nominal,263,-0.1349040539052306,0.02439793514911077,0.001349074074074074,0.001349074074074074
C,nominal,264,-0.1395179595433101,0.024932034544437806,0.001349074074074074,0.001349074074074074
C,nominal,265,-0.14278757420855331,0.02540102350136729,0.001349074074074074,0.001349074074074074
C,nominal,266,-0.1447623399934584,0.02581989997700429,0.001349074074074074,0.001349074074074074
C,nominal,267,-0.15183378196121888,0.02649449971268804,0.001349074074074074,0.001349074074074074
C,nominal,268,-0.03727633813556295,0.027964484819171253,0.001349074074074074,0.001349074074074074
C,nominal,269,-0.03523432908121184,0.028374495515458318,0.001349074074074074,0.001349074074074074
C,nominal,270,-0.011983539969613731,0.028292111679781518,0.001349074074074074,0.0026074515208462795
C,nominal,271,0.14372496158562836,0.029558690919322856,0.001349074074074074,0.014719726273530185
C,nominal,272,0.031898696952868504,0.02827665269623893,0.001349074074074074,0.005992233769221251
C,nominal,273,0.15326945820126828,0.027611916844848126,0.001349074074074074,0.015305970296768237
C,nominal,274,0.15570960524621225,0.026930108504384834,0.001349074074074074,0.01544164457952138
C,nominal,275,0.15432421962697432,0.0263796496477881,0.001349074074074074,0.015292273863793398
C,nominal,276,0.15340151044603012,0.025874938824619408,0.001349074074074074,0.015182133431377278
C,nominal,277,0.1517661502542278,0.025333552919917145,0.001349074074074074,0.015014174627634639
C,nominal,278,0.1498779849578279,0.024796912462991805,0.001349074074074074,0.014827075418273121
C,nominal,279,0.14840089260499192,0.024312221274725293,0.001349074074074074,0.01467570323145966
C,nominal,280,0.1458678163118578,0.02378488288023918,0.001349074074074074,0.014439560122846988
C,nominal,281,0.14296161337176547,0.023262458041259083,0.001349074074074074,0.014175005510264242
C,nominal,282,0.13968857239100263,0.022745010328048612,0.001349074074074074,0.01388252953079099
C,nominal,283,0.1274215812353249,0.021512511883050738,0.001349074074074074,0.012840902246788242
C,nominal,284,0.12401913964520177,0.02100932554043557,0.001349074074074074,0.012539542066793004
C,nominal,285,0.1203790907008457,0.020511015193593163,0.001349074074074074,0.01222022422024991
C,nominal,286,0.11658660465861337,0.020017522461551005,0.001349074074074074,0.011889515981494164
C,nominal,287,0.12136912467667196,0.020323876277591826,0.001349074074074074,0.012282175999557393
C,nominal,288,0.1171821190970173,0.019836665359998538,0.001349074074074074,0.011921511146374677
C,nominal,289,0.1131314202244906,0.019354848287101274,0.001349074074074074,0.011571779977746286
C,nominal,290,0.10928887034536564,0.018878489656856137,0.001349074074074074,0.011238530864368965
C,nominal,291,0.1057082701732861,0.018407655873360212,0.001349074074074074,0.010925920219648635
C,nominal,292,0.10242154414146927,0.017942415459798054,0.001349074074074074,0.010636416635900257
C,nominal,293,0.09943660541367427,0.01748283925444636,0.001349074074074074,0.01037063616266363
C,nominal,294,0.09673708166061853,0.017029000471122026,0.001349074074074074,0.010127321152140475
C,nominal,295,0.09428392973262767,0.01659325372786729,0.001349074074074074,0.009904412304050534
C,nominal,296,0.08815561476415885,0.015542747868139875,0.001349074074074074,0.009350490943850211
C,nominal,297,0.0862448246349699,0.015180037574256558,0.001349074074074074,0.009175066528489694
C,nominal,298,0.08435452671981866,0.014819453307180605,0.001349074074074074,0.009001387347762289
C,nominal,299,0.08240240573699532,0.014461185674493277,0.001349074074074074,0.008823116621256837
C,nominal,300,0.08536751709774838,0.014806340561604153,0.001349074074074074,0.009078538399641399
C,nominal,301,0.08290180134890225,0.01444180044101597,0.001349074074074074,0.008860154459098627
C,nominal,302,0.08019216285018524,0.014080521611630741,0.001349074074074074,0.008623200961559874
C,nominal,303,0.07720976131899628,0.013722637454698455,0.001349074074074074,0.008365462868340643
C,nominal,304,0.07394938534317168,0.013387417852582678,0.001349074074074074,0.00808802493794401
C,nominal,305,0.07043019472761808,0.013068605583768223,0.001349074074074074,0.007791882740076102
C,nominal,306,0.06669455933793486,0.012756192412070027,0.001349074074074074,0.007479533314043585
C,nominal,307,0.06280510296114535,0.012796036424526076,0.001349074074074074,0.007182495322968474
C,nominal,308,0.058840164147467476,0.012875141911266432,0.001349074074074074,0.0068826625045319365
C,nominal,309,0.054888030715137134,0.012947619319594697,0.001349074074074074,0.006583306329840419
C,nominal,310,0.05104039447069599,0.013013393298670633,0.001349074074074074,0.006291495969858535
C,nominal,311,0.0473855340538599,0.013072491656688338,0.001349074074074074,0.006014045193715141
C,nominal,312,0.044001746161405605,0.013125152339638077,0.001349074074074074,0.005757013773228679
C,nominal,313,0.04095153788441646,0.01319432415103171,0.001349074074074074,0.005526995527426556
C,nominal,314,0.03827703136579809,0.013305226048800427,0.001349074074074074,0.005329186528904206
C,nominal,315,0.03599692720858024,0.01341161771321314,0.001349074074074074,0.005161461799521093
C,nominal,316,0.034105269534368536,0.013529212158773521,0.001349074074074074,0.005024574204717752
C,nominal,317,0.03257209861400112,0.013645337810856775,0.001349074074074074,0.004915234292041504
C,nominal,318,0.031345946068975665,0.01375639487836588,0.001349074074074074,0.004829192974331908
C,nominal,319,0.03035797388423753,0.013863752939308117,0.001349074074074074,0.004761244353668646
C,nominal,320,0.02952743001226107,0.01396733558983707,0.001349074074074074,0.00470515166682856
C,nominal,321,0.02876800856992673,0.014067080722798482,0.001349074074074074,0.0046542507170312655
C,nominal,322,0.027994601325662474,0.014163516259514846,0.001349074074074074,0.004602015245769855
C,nominal,323,0.02712993237308561,0.014258985722080987,0.001349074074074074,0.004542663433269027
C,nominal,324,0.026110546011583913,0.014352700088770272,0.001349074074074074,0.0044712381250273285
C,nominal,325,0.024891690298671484,0.014443159425398122,0.001349074074074074,0.004384170503400431
C,nominal,326,0.023450703103370267,0.01452967433649145,0.001349074074074074,0.004279658753075749
C,nominal,327,0.021788646262330805,0.014611924404041793,0.001349074074074074,0.004157760082281836
C,nominal,328,0.019930052806260423,0.014689826606545336,0.001349074074074074,0.004020361065802913
C,nominal,329,0.017920795594954058,0.014763813899786845,0.001349074074074074,0.0038710346832361805
C,nominal,330,0.01582425442680134,0.014836361310516329,0.001349074074074074,0.0037148623254103135
C,nominal,331,0.013716058810346661,0.01490849631342194,0.001349074074074074,0.0035577588830068363
C,nominal,332,0.011677823206530814,0.014977094104708481,0.001349074074074074,0.003405780656731427
C,nominal,333,0.009790356712990911,0.015040906898524381,0.001349074074074074,0.0032650666366909947
C,nominal,334,0.008126880212872726,0.015098933460442216,0.001349074074074074,0.003141189326644671
C,nominal,335,0.0067467802795235215,0.015150585919073532,0.001349074074074074,0.003038685663471995
C,nominal,336,0.005690413798067869,0.015194122055389564,0.001349074074074074,0.002960535173877888
C,nominal,337,0.004975385889444143,0.015227201355670563,0.001349074074074074,0.002907915682493418
C,nominal,338,0.004594631857212,0.015247071823752664,0.001349074074074074,0.002880069728469495
C,nominal,339,0.004516514530677929,0.015301568309661794,0.001349074074074074,0.0028782471327422625
C,nominal,340,0.004686979049137482,0.01536904375850103,0.001349074074074074,0.002896606698120255
C,nominal,341,0.005033677228008567,0.015425776578641935,0.001349074074074074,0.002927735633229205
C,nominal,342,0.005471782760697701,0.015468995831246887,0.001349074074074074,0.0029648748913537488
C,nominal,343,0.005911077193129173,0.015495925776569998,0.001349074074074074,0.003000848994575553
C,nominal,344,0.006263718138746011,0.015504035107009402,0.001349074074074074,0.003028684664024337
C,nominal,345,0.006452014121720462,0.015491334115659217,0.001349074074074074,0.0030422336602916418
C,nominal,346,0.006415440623478529,0.015456667415426204,0.001349074074074074,0.00303673673139697
C,nominal,347,0.006116201568489217,0.015399936052745613,0.001349074074074074,0.0030092698781816994
C,nominal,348,0.0055427351962747924,0.015322185835334661,0.001349074074074074,0.0029590216845377664
C,nominal,349,0.0047108329702713015,0.01550487827165039,0.001349074074074074,0.002908928336568031
C,nominal,350,0.0036623008513287296,0.015851985887503597,0.001349074074074074,0.0028548060755271853
C,nominal,351,0.002461402127283029,0.016168785986491845,0.001349074074074074,0.002786588589025839
C,nominal,352,0.0011895332253377363,0.0164487143497135,0.001349074074074074,0.0027100499672107433
C,nominal,353,-6.128335738790214e-05,0.01668735299330242,0.001349074074074074,0.0026319498175859965
C,nominal,354,-0.0011954931953805131,0.016882665012096627,0.001349074074074074,0.002559503998203404
C,nominal,355,-0.0021211500546925847,0.01703459753927884,0.001349074074074074,0.0024998030466501734
C,nominal,356,-0.002756634282252212,0.017144537438939497,0.001349074074074074,0.002459251786781426
C,nominal,357,-0.0030365723571235737,0.01721511779377576,0.001349074074074074,0.002443097641716989
C,nominal,358,-0.0029166278398674896,0.01724951376183308,0.001349074074074074,0.0024550066297812953
C,nominal,359,-0.002376895868153914,0.017250958864529913,0.001349074074074074,0.0024967641200907406
C,high,0,0.014460902627327507,0.031062375611043705,0.004496913580246914,0.008009512209750864
C,high,1,0.015797925771877597,0.030953736785920477,0.004496913580246914,0.008104294950447382
C,high,2,0.017460060221794145,0.030795858533890916,0.004496913580246914,0.008220364101518909
C,high,3,0.019369598902593828,0.030590807129007924,0.004496913580246914,0.008351883181450753
C,high,4,0.02143317554609337,0.03035466397767762,0.004496913580246914,0.008492888852142822
C,high,5,0.023548152458157525,0.030078863027721753,0.004496913580246914,0.008634800577614142
C,high,6,0.025609800167517825,0.02975948658083171,0.004496913580246914,0.008769235088607217
C,high,7,0.027518720395284905,0.02939767677760834,0.004496913580246914,0.008888610892970156
C,high,8,0.02918791698204372,0.028994923984697697,0.004496913580246914,0.008986330321507825
C,high,9,0.030548919337845454,0.02855393671445213,0.004496913580246914,0.009057319139837776
C,high,10,0.03155642289345776,0.028079597785877295,0.004496913580246914,0.009098458385751162
C,high,11,0.032191062780025606,0.027578479811413828,0.004496913580246914,0.009108761002425882
C,high,12,0.03246009092516891,0.027294061661337334,0.004496913580246914,0.009107573502045234
C,high,13,0.03239597378631181,0.027347147167651988,0.004496913580246914,0.00910672229583054
C,high,14,0.03205308924413969,0.02738311049069992,0.004496913580246914,0.009083040102996882
C,high,15,0.03150287942373234,0.02740087104701518,0.004496913580246914,0.009041956054841632
C,high,16,0.03082789571421511,0.02740031115886407,0.004496913580246914,0.008989830777243763
C,high,17,0.03011520791782655,0.027382214213803994,0.004496913580246914,0.008933443065712232
C,high,18,0.02944965393907687,0.027348078618500107,0.004496913580246914,0.008879454672652545
C,high,19,0.028907372238947144,0.027299865163166223,0.004496913580246914,0.008833891774854425
C,high,20,0.028550028958866266,0.027239737923913415,0.004496913580246914,0.008801679543424357
C,high,21,0.028420116186329638,0.027169846245535142,0.004496913580246914,0.0087862625333229
C,high,22,0.02853763672494476,0.027111206231830942,0.004496913580246914,0.008790805783701828
C,high,23,0.028898414299003646,0.027082960959585498,0.004496913580246914,0.008816464140323235
C,high,24,0.029474172585076317,0.027041668304991797,0.004496913580246914,0.0088577037723818
C,high,25,0.03021411893432281,0.026989493669904687,0.004496913580246914,0.00891077257748669
C,high,26,0.03104765617815935,0.026928637593726604,0.004496913580246914,0.008970393037954164
C,high,27,0.031892562876721396,0.026861108449612172,0.004496913580246914,0.00903037587394549
C,high,28,0.03265868256720018,0.026785877950425085,0.004496913580246914,0.009083685225125407
C,high,29,0.03325425963949555,0.026703587075305436,0.004496913580246914,0.00912329064157415
C,high,30,0.03359323982042435,0.026614941155584652,0.004496913580246914,0.009142606556790818
C,high,31,0.03360164535201421,0.026522382978376453,0.004496913580246914,0.009136113297098045
C,high,32,0.03317837998275594,0.02642455587816534,0.004496913580246914,0.009095905544824173
C,high,33,0.032326627862813984,0.026319434815265632,0.004496913580246914,0.009022072737506144
C,high,34,0.03103750623865337,0.026206487173499368,0.004496913580246914,0.008913888380567342
C,high,35,0.029325422822502008,0.026085763369095842,0.004496913580246914,0.008772468070339339
C,high,36,0.02722853194297132,0.02595760405520473,0.004496913580246914,0.008600782098624695
C,high,37,0.024805738536738054,0.02582299742088028,0.004496913580246914,0.00840345184858166
C,high,38,0.022132154527264455,0.025685935140284825,0.004496913580246914,0.008186580992866456
C,high,39,0.019293263647081567,0.025552063872869353,0.004496913580246914,0.007957201197527077
C,high,40,0.016378394517571025,0.025413345952413496,0.004496913580246914,0.007721584912807448
C,high,41,0.013473855751856412,0.02526710859430648,0.004496913580246914,0.00748618552053726
C,high,42,0.0106563831011412,0.02511428386436856,0.004496913580246914,0.007256995907832543
C,high,43,0.007987288807090128,0.02495688107211251,0.004496913580246914,0.007038901996852056
C,high,44,0.005507876292416642,0.02479058053575534,0.004496913580246914,0.006834757471309567
C,high,45,0.003236394552810626,0.024622020535167658,0.004496913580246914,0.006646482645677337
C,high,46,0.0011639848806192883,0.024476669014030124,0.004496913580246914,0.006475359096809369
C,high,47,-0.0007333183469648273,0.024322278722263814,0.004496913580246914,0.006317049411674304
C,high,48,-0.0025091984080120185,0.024159049760211267,0.004496913580246914,0.0061674268018672256
C,high,49,-0.004231400614203746,0.023987162336419555,0.004496913580246914,0.0060212779106648
C,high,50,-0.004410858955213391,0.023848189872662448,0.004496913580246914,0.005996707632519217
C,high,51,-0.006276101692429948,0.023660225945016336,0.004496913580246914,0.005838281192329197
C,high,52,-0.008334185859680017,0.02356183698793632,0.004496913580246914,0.005671886661130888
C,high,53,-0.010659712238680338,0.023516264548677914,0.004496913580246914,0.005488931505401047
C,high,54,-0.013313011279946147,0.02346620907694116,0.004496913580246914,0.005280339336187887
C,high,55,-0.016335224235809312,0.02341179469333029,0.004496913580246914,0.005042945251351927
C,high,56,-0.01974486935687575,0.023353259057173347,0.004496913580246914,0.004775338711442716
C,high,57,-0.02353615901304659,0.023316093594102753,0.004496913580246914,0.004496913580246914
C,high,58,-0.027679202993549288,0.02331657543616267,0.004496913580246914,0.004496913580246914
C,high,59,-0.03212207052109362,0.023318796868989394,0.004496913580246914,0.004496913580246914
C,high,60,-0.036794570064202406,0.023770212285266535,0.004496913580246914,0.004496913580246914
C,high,61,-0.04161344196848031,0.024460654478664034,0.004496913580246914,0.004496913580246914
C,high,62,-0.04648858053940823,0.0251584508029497,0.004496913580246914,0.004496913580246914
C,high,63,-0.0513297146046587,0.025862563047401976,0.004496913580246914,0.004496913580246914
C,high,64,-0.0560532425569072,0.02657272742922892,0.004496913580246914,0.004496913580246914
C,high,65,-0.06058843426672239,0.027288785733768795,0.004496913580246914,0.004496913580246914
C,high,66,-0.06281603764443416,0.027916919335195852,0.004496913580246914,0.004496913580246914
C,high,67,-0.06686223121598976,0.028745945705930705,0.004496913580246914,0.004496913580246914
C,high,68,-0.07046232468944828,0.029550292130964884,0.004496913580246914,0.004496913580246914
C,high,69,-0.07377933451677197,0.03036306713868205,0.004496913580246914,0.004496913580246914
C,high,70,-0.07686342320039913,0.031186431521569795,0.004496913580246914,0.004496913580246914
C,high,71,-0.07977384541974471,0.032020316478788564,0.004496913580246914,0.004496913580246914
C,high,72,-0.08258447709298145,0.03286465450144813,0.004496913580246914,0.004496913580246914
C,high,73,-0.08537783474423537,0.033719377808865324,0.004496913580246914,0.004496913580246914
C,high,74,-0.08823190039446939,0.03458339695778665,0.004496913580246914,0.004496913580246914
C,high,75,-0.09121987170710111,0.035455800125545715,0.004496913580246914,0.004496913580246914
C,high,76,-0.0916522989364462,0.03594337510301131,0.004496913580246914,0.004496913580246914
C,high,77,-0.09631867606895013,0.03707142056901942,0.004496913580246914,0.004496913580246914
C,high,78,-0.10012027456699488,0.03797225436416484,0.004496913580246914,0.004496913580246914
C,high,79,-0.10422730872748352,0.03888310271857116,0.004496913580246914,0.004496913580246914
C,high,80,-0.10862310060493456,0.03980389707480191,0.004496913580246914,0.004496913580246914
C,high,81,-0.11326784127754397,0.040734575080930466,0.004496913580246914,0.004496913580246914
C,high,82,-0.1146876841443461,0.04129928677388803,0.004496913580246914,0.004496913580246914
C,high,83,-0.11952764375541133,0.04225294624592795,0.004496913580246914,0.004496913580246914
C,high,84,-0.12673552361091675,0.04340982822386025,0.004496913580246914,0.004496913580246914
C,high,85,-0.13170340961720686,0.04437800152204441,0.004496913580246914,0.004496913580246914
C,high,86,-0.13652690066325238,0.045355916560775304,0.004496913580246914,0.004496913580246914
C,high,87,-0.137041493940678,0.04597213475889883,0.004496913580246914,0.004496913580246914
C,high,88,-0.01094294011529781,0.04994868101146669,0.004496913580246914,0.007506615809889574
C,high,89,-0.017743862090501297,0.050727223376679995,0.004496913580246914,0.007041926025168109
C,high,90,0.023733977497377053,0.05068192913306638,0.004496913580246914,0.010238881684447795
C,high,91,0.017103628359607576,0.050681354791632355,0.004496913580246914,0.00972723635426234
C,high,92,0.0422558557420871,0.05032305747892264,0.004496913580246914,0.011640348242361863
C,high,93,0.16716658694074385,0.050922849394013175,0.004496913580246914,0.021324802186323846
C,high,94,0.16587528526694445,0.04992007461535864,0.004496913580246914,0.02114779011437524
C,high,95,0.15947664479709697,0.048374676017807074,0.004496913580246914,0.020534824136952474
C,high,96,0.15768895494801985,0.04730975454545501,0.004496913580246914,0.020314715238694044
C,high,97,0.16244140157522152,0.047026914006650204,0.004496913580246914,0.020659592251687633
C,high,98,0.15613245198755657,0.04550302087466383,0.004496913580246914,0.020055206239368857
C,high,99,0.15401956775354456,0.04450731425255885,0.004496913580246914,0.019815345833804274
C,high,100,0.1464801700291343,0.04285725675997886,0.004496913580246914,0.01910628293125873
C,high,101,0.15422523573141655,0.04326947051492465,0.004496913580246914,0.0197357026424646
C,high,102,0.15098243640014666,0.042318568684867726,0.004496913580246914,0.019412114589893087
C,high,103,0.14739861285132266,0.04137659723944502,0.004496913580246914,0.01906290201317652
C,high,104,0.1433963985622709,0.04042199548899431,0.004496913580246914,0.01868043163975812
C,high,105,0.13654844368853591,0.03901099517659267,0.004496913580246914,0.018043166579099428
C,high,106,0.1322084310431453,0.03804305097862041,0.004496913580246914,0.017633602007852293
C,high,107,0.12497026626642319,0.036511726192096416,0.004496913580246914,0.01695694386254009
C,high,108,0.1282656687563865,0.03693345113209469,0.004496913580246914,0.017243759250654415
C,high,109,0.12421429987998207,0.03604587143130395,0.004496913580246914,0.016862667539451082
C,high,110,0.12036945241921825,0.03516790252395997,0.004496913580246914,0.01649825269623289
C,high,111,0.11678532954938552,0.034299644737545765,0.004496913580246914,0.016154704806090377
C,high,112,0.11349425939557235,0.03344120127001686,0.004496913580246914,0.015834526285925094
C,high,113,0.1105045604232443,0.03259267876329491,0.004496913580246914,0.015538367221183581
C,high,114,0.10780026830783322,0.0317541876369707,0.004496913580246914,0.015265004316728696
C,high,115,0.1052866231099333,0.030928959328317823,0.004496913580246914,0.015007375188136659
C,high,116,0.10172701792404462,0.02976110999035095,0.004496913580246914,0.014642602462530522
C,high,117,0.09965944289847851,0.02906855556531314,0.004496913580246914,0.014429629511095037
C,high,118,0.09611730007087096,0.027774792229441864,0.004496913580246914,0.0140564886034192
C,high,119,0.09415476278745816,0.02710791194067107,0.004496913580246914,0.0138536014450717
C,high,120,0.09625460407231799,0.027608972948975147,0.004496913580246914,0.014054288350408421
C,high,121,0.09379340838416496,0.026930057718284488,0.004496913580246914,0.013811995841238382
C,high,122,0.09109173091288161,0.026256607629741417,0.004496913580246914,0.013551569331992518
C,high,123,0.08812120959422388,0.02558883716770535,0.004496913580246914,0.013270836941506886
C,high,124,0.0848771308638035,0.024963941587573445,0.004496913580246914,0.012972304973100073
C,high,125,0.08137916453958291,0.024369662207343958,0.004496913580246914,0.012656545273682629
C,high,126,0.07767021264492523,0.02378397496855885,0.004496913580246914,0.012325168797336734
C,high,127,0.07381344656551413,0.0232073055605919,0.004496913580246914,0.011983082725779786
C,high,128,0.06988777081579167,0.022642582189477612,0.004496913580246914,0.011636601312134974
C,high,129,0.06598206078926731,0.022558700550187848,0.004496913580246914,0.011328762449032035
C,high,130,0.06218861766619509,0.022665284563088705,0.004496913580246914,0.011044282579420046
C,high,131,0.0585963521576489,0.022760748907789313,0.004496913580246914,0.010774467674802331
C,high,132,0.05528421985562896,0.022843981347328735,0.004496913580246914,0.010525324166894882
C,high,133,0.05231498446718516,0.022914544066388907,0.004496913580246914,0.01030166115228195
C,high,134,0.04973174568908288,0.022977214576630375,0.004496913580246914,0.010107172860008739
C,high,135,0.04755359433802574,0.023148010594605983,0.004496913580246914,0.009952284331221584
C,high,136,0.04577621001672887,0.02334968963879261,0.004496913580246914,0.009830702133913693
C,high,137,0.04437052262757277,0.02354853955478156,0.004496913580246914,0.009737581958514993
C,high,138,0.04328596447759162,0.023737933021249234,0.004496913580246914,0.00966851060947846
C,high,139,0.04245460647662525,0.02392236013671159,0.004496913580246914,0.00961859310288093
C,high,140,0.0417915435768479,0.024092944789292418,0.004496913580246914,0.00958059323812811
C,high,141,0.04121809854746374,0.02425439310838853,0.004496913580246914,0.009548803368507119
C,high,142,0.04065210040628467,0.024410754456123628,0.004496913580246914,0.009517195591235207
C,high,143,0.04001737239308357,0.024570467993379964,0.004496913580246914,0.00948054323969626
C,high,144,0.039251672139614585,0.024730030706560015,0.004496913580246914,0.009433773367760384
C,high,145,0.038311591070902325,0.024884241483483116,0.004496913580246914,0.00937313522796184
C,high,146,0.037175952723238946,0.02503186252936982,0.004496913580246914,0.009296899325046973
C,high,147,0.035847455496502756,0.025172455419755126,0.004496913580246914,0.009205240039834714
C,high,148,0.03435242662990353,0.02530588964317141,0.004496913580246914,0.009100178724774302
C,high,149,0.032738795948580396,0.02543238870536312,0.004496913580246914,0.008985430914656135
C,high,150,0.031072021663724015,0.025554347494749195,0.004496913580246914,0.008866232188153796
C,high,151,0.029430172609620164,0.025672625183270587,0.004496913580246914,0.008748672669204535
C,high,152,0.027897165795749104,0.025784772092359284,0.004496913580246914,0.008639038417292313
C,high,153,0.026556752941454816,0.02588949276155244,0.004496913580246914,0.008543691798071547
C,high,154,0.025485153115394857,0.02598597087678684,0.004496913580246914,0.008468450925322661
C,high,155,0.02474495817148104,0.026075035367418977,0.004496913580246914,0.008418209378001544
C,high,156,0.02437988913104351,0.026154442267231588,0.004496913580246914,0.008396167546163203
C,high,157,0.024410997622137883,0.02622187640996079,0.004496913580246914,0.008403771144452059
C,high,158,0.024834615601170156,0.026275024185287613,0.004496913580246914,0.008440558625498284
C,high,159,0.025622242645195057,0.026357114017636945,0.004496913580246914,0.008507666409169137
C,high,160,0.026722412444898234,0.026448852823818838,0.004496913580246914,0.008599634665796071
C,high,161,0.02806439795151993,0.026529101167125445,0.004496913580246914,0.008709374931994241
C,high,162,0.029563553161432367,0.026595571512192117,0.004496913580246914,0.008830179372964852
C,high,163,0.031127810392877455,0.02664597567793146,0.004496913580246914,0.008954767443735256
C,high,164,0.03266485489347848,0.02667825087708529,0.004496913580246914,0.009075856926741033
C,high,165,0.03408940167653813,0.026690796671033433,0.004496913580246914,0.009186743699658299
C,high,166,0.03532986608852999,0.02668274171090546,0.004496913580246914,0.009281837021561375
C,high,167,0.03633387981430706,0.02665412943470909,0.004496913580246914,0.009357099479090752
C,high,168,0.037072137215827555,0.026605976909054647,0.004496913580246914,0.009410348312105106
C,high,169,0.03754020083072035,0.026912327372576948,0.004496913580246914,0.009470102484822324
C,high,170,0.0377581967389442,0.0274524303183536,0.004496913580246914,0.009528597766766804
C,high,171,0.0377684265884632,0.027967099729936298,0.004496913580246914,0.009569099252962924
C,high,172,0.037625744923341094,0.028454005042857104,0.004496913580246914,0.009595659719614059
C,high,173,0.03739375260752178,0.028913934759271037,0.004496913580246914,0.00961324748200562
C,high,174,0.0371667447129699,0.029331644603303446,0.004496913580246914,0.009627962138601339
C,high,175,0.03702325744550171,0.029705574372892014,0.004496913580246914,0.009645743195863712
C,high,176,0.03703440382198511,0.030034503615867573,0.004496913580246914,0.009671983598599745
C,high,177,0.037257753364190925,0.030318221730418912,0.004496913580246914,0.009711109189398907
C,high,178,0.03773148953522878,0.030556693352922912,0.004496913580246914,0.009766063494456148
C,high,179,0.0384721408702037,0.03074880696775597,0.004496913580246914,0.009838036098607998
C,high,180,0.03947170545065889,0.030892486652535453,0.004496913580246914,0.009926249390678574
C,high,181,0.04069721266684306,0.030984571329198858,0.004496913580246914,0.010027915431793358
C,high,182,0.042092431137509094,0.03102077839185477,0.004496913580246914,0.010138364932821286
C,high,183,0.04358163283236681,0.03099718374115886,0.004496913580246914,0.010251451896105376
C,high,184,0.0450750173275148,0.030919206820536643,0.004496913580246914,0.01036066544352249
C,high,185,0.04647544603845921,0.030770476786877395,0.004496913580246914,0.010457247131584616
C,high,186,0.04768601862804252,0.03054606367815299,0.004496913580246914,0.010533339684120022
C,high,187,0.04861786667174044,0.030243426278917216,0.004496913580246914,0.010581889888168028
C,high,188,0.049197456796411757,0.029862618270391078,0.004496913580246914,0.0105972280144138
C,high,189,0.04937270951859378,0.02940726839608744,0.004496913580246914,0.010575615579836514
C,high,190,0.049117313284276806,0.028885297572723623,0.004496913580246914,0.010515633553780898
C,high,191,0.048432814263304876,0.02830849817666169,0.004496913580246914,0.010418311145059148
C,high,192,0.04734831394476313,0.028010734358345175,0.004496913580246914,0.010311654961659592
C,high,193,0.04591788162977017,0.028157311977688643,0.004496913580246914,0.010212592099340955
C,high,194,0.04421606544541398,0.02826682672713256,0.004496913580246914,0.01008972933430143
C,high,195,0.04233201774876929,0.028337424715495912,0.004496913580246914,0.009949802659279722
C,high,196,0.04036282835790503,0.028369313454012817,0.004496913580246914,0.00980031958425292
C,high,197,0.03840659950509429,0.028364601550116095,0.004496913580246914,0.009649012427099568
C,high,198,0.0365557396409942,0.028326897223944453,0.004496913580246914,0.009503289881553908
C,high,199,0.03489082222335647,0.028260779455128636,0.004496913580246914,0.009369722351734961
C,high,200,0.03347533482306412,0.02817126095315396,0.004496913580246914,0.009253595353103246
C,high,201,0.03235156232763724,0.028063337049526193,0.004496913580246914,0.009158557050707056
C,high,202,0.031537845534889454,0.02797973819831139,0.004496913580246914,0.009089319732500066
C,high,203,0.031027390717382405,0.027959439074115508,0.004496913580246914,0.009048366496257555
C,high,204,0.03078875075603094,0.02791622249275051,0.004496913580246914,0.009026618306233136
C,high,205,0.030767981928943037,0.027855041472727566,0.004496913580246914,0.009020295015561003
C,high,206,0.03089238804041749,0.027780175977783258,0.004496913580246914,0.009024117593996971
C,high,207,0.03107561244228755,0.02769482862367669,0.004496913580246914,0.009031669835336747
C,high,208,0.03122374325911737,0.027600002828238736,0.004496913580246914,0.009035782877110812
C,high,209,0.03124200423010462,0.027497477913602793,0.004496913580246914,0.009029281029607053
C,high,210,0.03104153294538792,0.027389116324901135,0.004496913580246914,0.009005451332584031
C,high,211,0.030545747030788183,0.027280215701599518,0.004496913580246914,0.008958793420708927
C,high,212,0.029695813779353878,0.027170504179579568,0.004496913580246914,0.008884746756090543
C,high,213,0.028454803721372452,0.027055009139752968,0.004496913580246914,0.008780078152864615
C,high,214,0.026810203955377983,0.02693260199380159,0.004496913580246914,0.008643735026942868
C,high,215,0.024774602519224125,0.026803321115175856,0.004496913580246914,0.008476691638456789
C,high,216,0.022384478000916048,0.026667622790264387,0.004496913580246914,0.008281797900554047
C,high,217,0.01969719183241336,0.02652657962809412,0.004496913580246914,0.008063562612693477
C,high,218,0.016786410270642396,0.026382424448508305,0.004496913580246914,0.007827842185119654
C,high,219,0.013736301934726079,0.0262376101861035,0.004496913580246914,0.00758132037969364
C,high,220,0.010634964316339751,0.02608804196583264,0.004496913580246914,0.007330478879797253
C,high,221,0.00756758021296193,0.02593231219551282,0.004496913580246914,0.00708178182164157
C,high,222,0.004609833171877976,0.02577035689467505,0.004496913580246914,0.00684106404834514
C,high,223,0.0018220836840196427,0.025602656453824563,0.004496913580246914,0.006613020072364522
C,high,224,-0.0007552342586140143,0.025426774239841236,0.004496913580246914,0.00640058178867494
C,high,225,-0.003104656416493654,0.025251276849926414,0.004496913580246914,0.006205757749493269
C,high,226,-0.005232924757321755,0.025107342547188084,0.004496913580246914,0.0060304334714403034
C,high,227,-0.0055647521702703985,0.02499341561697435,0.004496913580246914,0.005996038846196293
C,high,228,-0.007371817064870471,0.0248317692853514,0.004496913580246914,0.005844132115777849
C,high,229,-0.009107549222149996,0.024660558863071974,0.004496913580246914,0.005696991484639042
C,high,230,-0.01085160836347932,0.02447988245465886,0.004496913580246914,0.005548477939134224
C,high,231,-0.01268876368893596,0.024290753012022295,0.004496913580246914,0.005392128805793699
C,high,232,-0.014702124270458502,0.02419915514352882,0.004496913580246914,0.005229709172304808
C,high,233,-0.016966487424260622,0.02417119683050653,0.004496913580246914,0.0050528325159140365
C,high,234,-0.019542322061663512,0.024133612394918517,0.004496913580246914,0.004851179809664738
C,high,235,-0.02247085317573667,0.024085977111013956,0.004496913580246914,0.004621537340684976
C,high,236,-0.025770634928675817,0.024028231850764428,0.004496913580246914,0.004496913580246914
C,high,237,-0.02943587218320527,0.023987988339358838,0.004496913580246914,0.004496913580246914
C,high,238,-0.03343662113458006,0.023981328327424827,0.004496913580246914,0.004496913580246914
C,high,239,-0.037720861949498544,0.02396323082542623,0.004496913580246914,0.004496913580246914
C,high,240,-0.0422182751876353,0.02426013909329527,0.004496913580246914,0.004496913580246914
C,high,241,-0.04684543686491207,0.024900507815800724,0.004496913580246914,0.004496913580246914
C,high,242,-0.05151202111742775,0.025547584396595265,0.004496913580246914,0.004496913580246914
C,high,243,-0.05612754242375807,0.026200763361852467,0.004496913580246914,0.004496913580246914
C,high,244,-0.0606081070861213,0.026859824544082894,0.004496913580246914,0.004496913580246914
C,high,245,-0.0648826524656917,0.02752458303219557,0.004496913580246914,0.004496913580246914
C,high,246,-0.06713495176955575,0.028147546854551224,0.004496913580246914,0.004496913580246914
C,high,247,-0.07088746056595617,0.028926072608486092,0.004496913580246914,0.004496913580246914
C,high,248,-0.07434391413468772,0.02971552135242623,0.004496913580246914,0.004496913580246914
C,high,249,-0.07752155120157628,0.030515811177596195,0.004496913580246914,0.004496913580246914
C,high,250,-0.0804603963845264,0.03132685779239152,0.004496913580246914,0.004496913580246914
C,high,251,-0.08321991963934337,0.03214857497808197,0.004496913580246914,0.004496913580246914
C,high,252,-0.08587418940223536,0.032980875311937996,0.004496913580246914,0.004496913580246914
C,high,253,-0.08850590126935115,0.0338236710251783,0.004496913580246914,0.004496913580246914
C,high,254,-0.0911997482795799,0.034676874748782435,0.004496913580246914,0.004496913580246914
C,high,255,-0.093005276990012,0.035386691639543076,0.004496913580246914,0.004496913580246914
C,high,256,-0.09572082671660141,0.03627701977543208,0.004496913580246914,0.004496913580246914
C,high,257,-0.09906252289990174,0.03715933666930611,0.004496913580246914,0.004496913580246914
C,high,258,-0.10269926252952902,0.03805175984755571,0.004496913580246914,0.004496913580246914
C,high,259,-0.10663884597258692,0.03895421604337546,0.004496913580246914,0.004496913580246914
C,high,260,-0.11086481342121281,0.03986663773567858,0.004496913580246914,0.004496913580246914
C,high,261,-0.11412744592810635,0.040650152939074785,0.004496913580246914,0.004496913580246914
C,high,262,-0.11660839455879772,0.041347903341173234,0.004496913580246914,0.004496913580246914
C,high,263,-0.12377101124682789,0.042529449695410775,0.004496913580246914,0.004496913580246914
C,high,264,-0.128608699312779,0.04347996992004107,0.004496913580246914,0.004496913580246914
C,high,265,-0.1320296361839815,0.0443076516353128,0.004496913580246914,0.004496913580246914
C,high,266,-0.13410008923609512,0.04504116862607687,0.004496913580246914,0.004496913580246914
C,high,267,-0.14165480360817037,0.04626009901106619,0.004496913580246914,0.004496913580246914
C,high,268,-0.02697144679530796,0.04996165660194595,0.004496913580246914,0.006270849522117129
C,high,269,-0.025195094473497222,0.05079037366795902,0.004496913580246914,0.006471857962535634
C,high,270,-0.001635172068046213,0.05078735133124444,0.004496913580246914,0.008289520004876406
C,high,271,0.154629667645639,0.05463067582813977,0.004496913580246914,0.020643545021124907
C,high,272,0.04291472358985971,0.05123007453485781,0.004496913580246914,0.01176117269480845
C,high,273,0.16438947174656496,0.05119870405430047,0.004496913580246914,0.021131803688338384
C,high,274,0.16684285074878527,0.04994633011353891,0.004496913580246914,0.02122447383196946
C,high,275,0.1656898476540354,0.048945728824676196,0.004496913580246914,0.021058300654221575
C,high,276,0.16500021264757914,0.048027599240619334,0.004496913580246914,0.02093424474445976
C,high,277,0.16358257648696112,0.04704322305072026,0.004496913580246914,0.020748904285314923
C,high,278,0.1619050219829355,0.046067311427505836,0.004496913580246914,0.020544161528583436
C,high,279,0.16064082903592816,0.045185143258912125,0.004496913580246914,0.020378547244972244
C,high,280,0.1583044680811104,0.04422583467203032,0.004496913580246914,0.020124251755643575
C,high,281,0.15558824809269892,0.043275276430318664,0.004496913580246914,0.019841321336652586
C,high,282,0.1524985842134184,0.04233357846377062,0.004496913580246914,0.01953025946583248
C,high,283,0.14127953524180578,0.04018137544494786,0.004496913580246914,0.01849852705916309
C,high,284,0.1380353843249915,0.03926580736167191,0.004496913580246914,0.018177561086933903
C,high,285,0.13454748539272557,0.03835877263656712,0.004496913580246914,0.01783844583559357
C,high,286,0.13090113101464454,0.03746021476923174,0.004496913580246914,0.017487758162336133
C,high,287,0.1350194592243461,0.03792355845746606,0.004496913580246914,0.017841282228534885
C,high,288,0.13097876381070528,0.03703567065560437,0.004496913580246914,0.017460990313758463
C,high,289,0.12706864362973033,0.03615737002425578,0.004496913580246914,0.017091513399227324
C,high,290,0.12336105854387017,0.035288770606621174,0.004496913580246914,0.016738412743093466
C,high,291,0.11990992392093582,0.03442998972356181,0.004496913580246914,0.016405857534297658
C,high,292,0.11674727576193211,0.03358114849189404,0.004496913580246914,0.016096329031931027
C,high,293,0.11388113573021268,0.03274237214792543,0.004496913580246914,0.015810455854794604
C,high,294,0.11129523707295187,0.03191379014350519,0.004496913580246914,0.015546992840776007
C,high,295,0.10895063962172706,0.03111798232213566,0.004496913580246914,0.015304677619125212
C,high,296,0.10364719724615422,0.02929726720269682,0.004496913580246914,0.014754974108707642
C,high,297,0.1018236045355724,0.028634401760420602,0.004496913580246914,0.014563117769752549
C,high,298,0.10001575750195599,0.027975233043538265,0.004496913580246914,0.014372761616164681
C,high,299,0.09814143311304231,0.02732009919484845,0.004496913580246914,0.014177587369436015
C,high,300,0.10052105709336859,0.02785193494366435,0.004496913580246914,0.014402237039894515
C,high,301,0.09813546146010937,0.027185270450989313,0.004496913580246914,0.014166723141288478
C,high,302,0.09550156242338724,0.02652436495690848,0.004496913580246914,0.013912494396627758
C,high,303,0.09259062107391255,0.025869449358863556,0.004496913580246914,0.013637351113640133
C,high,304,0.08939752913692896,0.02525638176381787,0.004496913580246914,0.013343665964563798
C,high,305,0.08594155135736742,0.02467340588161465,0.004496913580246914,0.01303201830547701
C,high,306,0.08226516423201943,0.024099304208907123,0.004496913580246914,0.012704048490812234
C,high,307,0.07843109964402442,0.023534383214459578,0.004496913580246914,0.012364620590932407
C,high,308,0.07451780536641195,0.02298209547826271,0.004496913580246914,0.012020054077521191
C,high,309,0.0706136791729378,0.02305047677894444,0.004496913580246914,0.011724086107398321
C,high,310,0.06681052312690207,0.023177509624952138,0.004496913580246914,0.011440434625914677
C,high,311,0.0631967260134302,0.023292755929881382,0.004496913580246914,0.011170484717848116
C,high,312,0.059850694198925844,0.023396117244713778,0.004496913580246914,0.010920278660774661
C,high,313,0.0568350436730154,0.02348775666630766,0.004496913580246914,0.010694660520009495
C,high,314,0.05419200454274865,0.023575343957378078,0.004496913580246914,0.010497480594145582
C,high,315,0.05194038437470661,0.023752351055986352,0.004496913580246914,0.01033740242520779
C,high,316,0.050074333314587875,0.023971771746095844,0.004496913580246914,0.010210347612707076
C,high,317,0.04856399692584983,0.024189073576337473,0.004496913580246914,0.010110576427637909
C,high,318,0.04735801166924278,0.02439750368283976,0.004496913580246914,0.010033604579635999
C,high,319,0.046387644285756605,0.02459948749047068,0.004496913580246914,0.009974315723474327
C,high,320,0.04557224782387176,0.024794877301495245,0.004496913580246914,0.009926475704117824
C,high,321,0.044825622254862724,0.02498355768542763,0.004496913580246914,0.009883424378108824
C,high,322,0.04406276635406276,0.02516647660857022,0.004496913580246914,0.00983867615452415
C,high,323,0.04320651271903177,0.025347849769729477,0.004496913580246914,0.009786602043885899
C,high,324,0.04219351587555624,0.025526253219889966,0.004496913580246914,0.009722204405512823
C,high,325,0.04097913597808526,0.02569898194115843,0.004496913580246914,0.009641830086361394
C,high,326,0.039540824849534306,0.02586478828442953,0.004496913580246914,0.009543642988731777
C,high,327,0.03787976001397688,0.02602308710442574,0.004496913580246914,0.0094276888208644
C,high,328,0.036020591668073074,0.026173718952921914,0.004496913580246914,0.009295857301002698
C,high,329,0.034009310962164974,0.026317451638932978,0.004496913580246914,0.009151756373541509
C,high,330,0.03190941665436987,0.02645872737376264,0.004496913580246914,0.009000628397232447
C,high,331,0.029796657394951378,0.02659938167061933,0.004496913580246914,0.008848459804442184
C,high,332,0.027752766438223497,0.026733775086927217,0.004496913580246914,0.008701122031261629
C,high,333,0.02585867082165194,0.02685964621875485,0.004496913580246914,0.008564684956821512
C,high,334,0.02418770803060057,0.026975177117643367,0.004496913580246914,0.00844466706390771
C,high,335,0.022799379493285917,0.027079293789315045,0.004496913580246914,0.008345576642176
C,high,336,0.02173415485232887,0.02716884452352583,0.004496913580246914,0.008270293161717185
C,high,337,0.02100974963698416,0.02723960096101953,0.004496913580246914,0.008219857299228679
C,high,338,0.020619207025722175,0.027286594487342032,0.004496913580246914,0.00819334888218088
C,high,339,0.02053099507959936,0.02739591331488586,0.004496913580246914,0.008194977499574478
C,high,340,0.020691161473727057,0.02752857878459569,0.004496913580246914,0.008217572550796508
C,high,341,0.021027457834244215,0.02764187865167232,0.004496913580246914,0.008252263617740473
C,high,342,0.021455154914399047,0.02773081242962718,0.004496913580246914,0.008292127109878568
C,high,343,0.021884128532646225,0.027790371572267023,0.004496913580246914,0.008329822538959355
C,high,344,0.02222662770974531,0.02781598812275333,0.004496913580246914,0.008358226530285388
C,high,345,0.022405049381631334,0.02780406977259081,0.004496913580246914,0.008371074008813437
C,high,346,0.02235895424147448,0.027752527477334053,0.004496913580246914,0.008363540256080906
C,high,347,0.02205062798976799,0.027661180049965407,0.004496913580246914,0.00833270123763375
C,high,348,0.021468586877830514,0.027532130009190716,0.004496913580246914,0.008277833093134354
C,high,349,0.020628696271974577,0.02788355927301741,0.004496913580246914,0.008240143174767902
C,high,350,0.019572831538248594,0.028528786938045357,0.004496913580246914,0.008208458215763421
C,high,351,0.018365320465072648,0.029117076770254068,0.004496913580246914,0.008160678799022122
C,high,352,0.017087618682198342,0.029636551930549537,0.004496913580246914,0.00810217365839104
C,high,353,0.015831802205633492,0.030079215640288287,0.004496913580246914,0.008039430389345816
C,high,354,0.014693472947824849,0.030441365855181365,0.004496913580246914,0.007979540031096159
C,high,355,0.013764618302912125,0.030722879887626894,0.004496913580246914,0.007929590909763813
C,high,356,0.013126892521900893,0.030926234678312018,0.004496913580246914,0.007896074629646059
C,high,357,0.012845697017723345,0.031056158641736907,0.004496913580246914,0.007884402442859586
C,high,358,0.012965389324412943,0.03111836453957968,0.004496913580246914,0.007898437798147579
C,high,359,0.013505888614034824,0.031118679310285516,0.004496913580246914,0.007940167278111136
