prototype,scenario,crank_deg,load_torque_nm,journal_friction_nm,input_equivalent_bearing_drag_nm,required_input_nm
B,low,0,0.002554144218660923,0.010947085459703867,0.00045269204389574764,0.000742070252022565
B,low,1,0.004306663764762341,0.010906789722996043,0.00045269204389574764,0.0007787691505435181
B,low,2,-0.007336651597843027,0.010852568007939207,0.00045269204389574764,0.0005280503345785362
B,low,3,-0.017283381507702787,0.010784960562545699,0.00045269204389574764,0.00045269204389574764
B,low,4,-0.012147059737736048,0.010704212242784344,0.00045269204389574764,0.00045269204389574764
B,low,5,0.004628919695653881,0.01061042259506793,0.00045269204389574764,0.0007793240374383103
B,low,6,0.016545244357684653,0.010503647315021262,0.00045269204389574764,0.001032443665824458
B,low,7,0.012487280850565854,0.010384251084092794,0.00045269204389574764,0.0009429083490796178
B,low,8,-0.000876489847552386,0.010252661822628231,0.00045269204389574764,0.0006536559493972018
B,low,9,-0.0066582431760131245,0.010109607040993968,0.00045269204389574764,0.0005266667495066196
B,low,10,0.0032239185052216506,0.009956492568496483,0.00045269204389574764,0.0007351939959215992
B,low,11,0.01893248862596232,0.009795317249217022,0.00045269204389574764,0.0010684286238678699
B,low,12,0.023746963335927816,0.009711095452449851,0.00045269204389574764,0.001169814360176133
B,low,13,0.012855252435413586,0.009745878461555635,0.00045269204389574764,0.000937112716413092
B,low,14,-0.0012064565449100178,0.009778306803587305,0.00045269204389574764,0.0006364165436101956
B,low,15,-0.002598618753993061,0.009805456923419009,0.00045269204389574764,0.0006071595972527852
B,low,16,0.010097654524815635,0.009825778486735569,0.00045269204389574764,0.0008797203577578705
B,low,17,0.02235067238173687,0.009839461901287592,0.00045269204389574764,0.0011426383376848522
B,low,18,0.020067947858892637,0.009846925372980311,0.00045269204389574764,0.0010938715970480312
B,low,19,0.005491693966752367,0.009848729997620083,0.00045269204389574764,0.0007814905685093546
B,low,20,-0.005262472238248297,0.00984548240582753,0.00045269204389574764,0.0005509218571583341
B,low,21,-0.00026345326419955663,0.009837794047256246,0.00045269204389574764,0.0006579033946985744
B,low,22,0.014860993302884715,0.00983152011947925,0.00045269204389574764,0.0009819383020911344
B,low,23,0.023254079910515646,0.009832006162079736,0.00045269204389574764,0.001161841693942802
B,low,24,0.015753093111665693,0.009827223747881265,0.00045269204389574764,0.0010009670108784927
B,low,25,0.0011507891996105908,0.00981780602985932,0.00045269204389574764,0.0006877871062557851
B,low,26,-0.003729125396879436,0.00980439265787323,0.00045269204389574764,0.0005829061055597092
B,low,27,0.007008621567161919,0.009787604950567167,0.00045269204389574764,0.0008126934696015322
B,low,28,0.02163722745749019,0.009767207469097226,0.00045269204389574764,0.001125798073700862
B,low,29,0.023903655411335576,0.009743426171061857,0.00045269204389574764,0.0011738657746570094
B,low,30,0.011209469111525481,0.00971652816597054,0.00045269204389574764,0.0009012087893839167
B,low,31,-0.002539735218877223,0.009687268342234946,0.00045269204389574764,0.0006058884842969335
B,low,32,-0.0026118620996521645,0.009655490789883618,0.00045269204389574764,0.0006036614516939184
B,low,33,0.009961209421038906,0.009620543741031861,0.00045269204389574764,0.0008723969727810093
B,low,34,0.019518700220885702,0.00958230921306413,0.00045269204389574764,0.001076427671338088
B,low,35,0.013358173488360027,0.009540824893693336,0.00045269204389574764,0.0009434970503697994
B,low,36,-0.003979826267036783,0.009496212180858984,0.00045269204389574764,0.0005709273386878902
B,low,37,-0.0157764678621313,0.009448791218443456,0.00045269204389574764,0.00045269204389574764
B,low,38,-0.011862497278010387,0.009399842295675911,0.00045269204389574764,0.00045269204389574764
B,low,39,2.298963720971603e-05,0.009350698190443395,0.00045269204389574764,0.0006536027054966802
B,low,40,0.002996823340006036,0.00929905603389568,0.00045269204389574764,0.0007162354118205958
B,low,41,-0.009930977531772125,0.00924434134239134,0.00045269204389574764,0.00045269204389574764
B,low,42,-0.027935937767267386,0.009186855601822157,0.00045269204389574764,0.00045269204389574764
B,low,43,-0.03447749755491936,0.009127175421874368,0.00045269204389574764,0.00045269204389574764
B,low,44,-0.025830662398287216,0.00906398615294652,0.00045269204389574764,0.00045269204389574764
B,low,45,-0.015239683855451033,0.008999977991872144,0.00045269204389574764,0.00045269204389574764
B,low,46,-0.018029645403200616,0.008944783632176918,0.00045269204389574764,0.00045269204389574764
B,low,47,-0.034329881843536296,0.008883732858913099,0.00045269204389574764,0.00045269204389574764
B,low,48,-0.04907181999603923,0.008818338908566595,0.00045269204389574764,0.00045269204389574764
B,low,49,-0.048845950584379544,0.008749573017428802,0.00045269204389574764,0.00045269204389574764
B,low,50,-0.037065853666161955,0.008726956059414495,0.00045269204389574764,0.00045269204389574764
B,low,51,-0.03020584330918521,0.008703557589060423,0.00045269204389574764,0.00045269204389574764
B,low,52,-0.03936314116186117,0.008675631493673282,0.00045269204389574764,0.00045269204389574764
B,low,53,-0.05785204755530613,0.00864317594491879,0.00045269204389574764,0.00045269204389574764
B,low,54,-0.06877093772487751,0.008606120652440187,0.00045269204389574764,0.00045269204389574764
B,low,55,-0.06402898272019542,0.008564458716800494,0.00045269204389574764,0.00045269204389574764
B,low,56,-0.05345887266261574,0.008519852627525052,0.00045269204389574764,0.00045269204389574764
B,low,57,-0.053779465842460523,0.008691394866698007,0.00045269204389574764,0.00045269204389574764
B,low,58,-0.06980074120731518,0.0089390494200051,0.00045269204389574764,0.00045269204389574764
B,low,59,-0.08899136431976255,0.00918912161345953,0.00045269204389574764,0.00045269204389574764
B,low,60,-0.09550150432551334,0.00944125328148408,0.00045269204389574764,0.00045269204389574764
B,low,61,-0.08790468875964802,0.009695329891975323,0.00045269204389574764,0.00045269204389574764
B,low,62,-0.08072718489552676,0.009951405574450227,0.00045269204389574764,0.00045269204389574764
B,low,63,-0.08805406921092873,0.010209539909041178,0.00045269204389574764,0.00045269204389574764
B,low,64,-0.10763196419419205,0.010469638758180706,0.00045269204389574764,0.00045269204389574764
B,low,65,-0.12333063026143008,0.010731468575132089,0.00045269204389574764,0.00045269204389574764
B,low,66,-0.12047241838574388,0.01097568543822774,0.00045269204389574764,0.00045269204389574764
B,low,67,-0.11016543807106768,0.011285817013706647,0.00045269204389574764,0.00045269204389574764
B,low,68,-0.10652510929742871,0.011599941685622284,0.00045269204389574764,0.00045269204389574764
B,low,69,-0.11866997295234498,0.011918110125872424,0.00045269204389574764,0.00045269204389574764
B,low,70,-0.13776051171117507,0.012240192948516688,0.00045269204389574764,0.00045269204389574764
B,low,71,-0.14696102115805074,0.012565982407034828,0.00045269204389574764,0.00045269204389574764
B,low,72,-0.1403983183445933,0.012895380499081233,0.00045269204389574764,0.00045269204389574764
B,low,73,-0.1298176242250213,0.013228462852469515,0.00045269204389574764,0.00045269204389574764
B,low,74,-0.13145410277774522,0.013565347911321591,0.00045269204389574764,0.00045269204389574764
B,low,75,-0.14786099116048973,0.013906018663020046,0.00045269204389574764,0.00045269204389574764
B,low,76,-0.16284945261856862,0.014155903122118401,0.00045269204389574764,0.00045269204389574764
B,low,77,-0.1661393254431076,0.014534226611581696,0.00045269204389574764,0.00045269204389574764
B,low,78,-0.15669864475361917,0.014884694957305229,0.00045269204389574764,0.00045269204389574764
B,low,79,-0.15014147956729576,0.015238683896595159,0.00045269204389574764,0.00045269204389574764
B,low,80,-0.15911910595260456,0.015596280586889392,0.00045269204389574764,0.00045269204389574764
B,low,81,-0.17901317202783867,0.015957403354212907,0.00045269204389574764,0.00045269204389574764
B,low,82,-0.1903171896273061,0.016234207610586155,0.00045269204389574764,0.00045269204389574764
B,low,83,-0.18837219164257568,0.01660310187703335,0.00045269204389574764,0.00045269204389574764
B,low,84,-0.17928030227259648,0.016991021788973774,0.00045269204389574764,0.00045269204389574764
B,low,85,-0.17814405521123258,0.017364781573547382,0.00045269204389574764,0.00045269204389574764
B,low,86,-0.19268513023439288,0.01774199578851619,0.00045269204389574764,0.00045269204389574764
B,low,87,-0.20869875022943432,0.018037343402389293,0.00045269204389574764,0.00045269204389574764
B,low,88,-0.03764953186883886,0.01885450156665059,0.00045269204389574764,0.00045269204389574764
B,low,89,-0.02515427599259695,0.01914613873435968,0.00045269204389574764,0.00045269204389574764
B,low,90,0.014886487543085152,0.019187706972293724,0.00045269204389574764,0.0011830202871094579
B,low,91,0.012524793832584563,0.01918809431872816,0.00045269204389574764,0.001132409296795969
B,low,92,0.04319893340650631,0.019144401774411596,0.00045269204389574764,0.0017889260798379179
B,low,93,0.20304494610677318,0.018654771453774893,0.00045269204389574764,0.005204486401760717
B,low,94,0.18407553417229433,0.017772077389147444,0.00045269204389574764,0.004778986873316225
B,low,95,0.1960720549059926,0.017397889546567718,0.00045269204389574764,0.005028093802566879
B,low,96,0.20326704309188723,0.017026586104750944,0.00045269204389574764,0.0051743490482818524
B,low,97,0.19445077365710986,0.01665808845885654,0.00045269204389574764,0.004977487613939608
B,low,98,0.19259730299195763,0.016821562624195124,0.00045269204389574764,0.0049412651238029985
B,low,99,0.17504339912123773,0.016251950541537632,0.00045269204389574764,0.004552815279123271
B,low,100,0.17952113889789637,0.015889688269461005,0.00045269204389574764,0.004641024244842192
B,low,101,0.18285454235797194,0.015270598566882367,0.00045269204389574764,0.004699201408711726
B,low,102,0.182853098035204,0.014917536169674193,0.00045269204389574764,0.004691603099384391
B,low,103,0.17998383671408993,0.015068157868413697,0.00045269204389574764,0.004633333217217584
B,low,104,0.16039480601150471,0.01471826260109383,0.00045269204389574764,0.00420597283548951
B,low,105,0.1534585109847951,0.014372203970122083,0.00045269204389574764,0.004049886723142087
B,low,106,0.1606807260724902,0.014029874171759299,0.00045269204389574764,0.00419734654158628
B,low,107,0.16371401279459166,0.013498410700720942,0.00045269204389574764,0.004250969296453031
B,low,108,0.15636244608487065,0.013163842117020234,0.00045269204389574764,0.004086228742324479
B,low,109,0.13228859154407763,0.01258709845595183,0.00045269204389574764,0.0035578808727715506
B,low,110,0.11670533004293632,0.012261306924833569,0.00045269204389574764,0.0032168946538016522
B,low,111,0.12610416074890635,0.012421060016413136,0.00045269204389574764,0.003421768277720325
B,low,112,0.13621680228127592,0.012100767317363901,0.00045269204389574764,0.0036316522976388844
B,low,113,0.13975351163399993,0.011784296577545492,0.00045269204389574764,0.003700673186975853
B,low,114,0.12752076726549624,0.011471601088361144,0.00045269204389574764,0.0034317808717819224
B,low,115,0.10827890323665622,0.011169867180970797,0.00045269204389574764,0.0030128937418044195
B,low,116,0.09886838993306213,0.010902303127556755,0.00045269204389574764,0.0028054589562032514
B,low,117,0.10525162317064854,0.010636768624780772,0.00045269204389574764,0.002936582471609853
B,low,118,0.11575056451587468,0.010373291854277888,0.00045269204389574764,0.003155963999703201
B,low,119,0.11410512934916066,0.010111757763581834,0.00045269204389574764,0.003115091030365708
B,low,120,0.09593159591227723,0.009685419558710853,0.00045269204389574764,0.0027164312300880502
B,low,121,0.07871274141965975,0.009431753713262273,0.00045269204389574764,0.0023419344807296383
B,low,122,0.07535086217476152,0.009179805055771045,0.00045269204389574764,0.0022644776069644323
B,low,123,0.08301681103431195,0.00872743698585173,0.00045269204389574764,0.0024190896780727812
B,low,124,0.08991924168858645,0.008496438407406317,0.00045269204389574764,0.002562081620713151
B,low,125,0.08638151706335728,0.0086342787774886,0.00045269204389574764,0.002489210301801395
B,low,126,0.06658023534836677,0.008643934361159207,0.00045269204389574764,0.0020650070668194014
B,low,127,0.052556118433434905,0.008661585487671238,0.00045269204389574764,0.0017647998954283721
B,low,128,0.05449699032381203,0.008677723986882706,0.00045269204389574764,0.0018067454198965776
B,low,129,0.06468338714680072,0.008692152899300535,0.00045269204389574764,0.0020253845174490154
B,low,130,0.06623437542178291,0.008704766545763493,0.00045269204389574764,0.0020588979331178496
B,low,131,0.05214536364755657,0.00871548619763575,0.00045269204389574764,0.0017571512741167764
B,low,132,0.03322813879250287,0.008737625558593884,0.00045269204389574764,0.0013521640164415457
B,low,133,0.026029115636685363,0.008800250967723229,0.00045269204389574764,0.0011992062458077973
B,low,134,0.034292332049605134,0.00885976855309959,0.00045269204389574764,0.0013775913195024161
B,low,135,0.04478552514948206,0.008915986276045501,0.00045269204389574764,0.0016037018052453608
B,low,136,0.04217563133012294,0.008981097588621811,0.00045269204389574764,0.001549158284438116
B,low,137,0.026244033013196465,0.009045447115563713,0.00045269204389574764,0.0012090680754621092
B,low,138,0.012105329514473795,0.009106311450917264,0.00045269204389574764,0.0009073311249440813
B,low,139,0.013186257186717136,0.00916495174697119,0.00045269204389574764,0.0009317560213839233
B,low,140,0.026087448421809593,0.009220941893274166,0.00045269204389574764,0.001209473386382968
B,low,141,0.03433683416838721,0.009273914327177167,0.00045269204389574764,0.0013874217355873708
B,low,142,0.026823855456099863,0.009324343620507627,0.00045269204389574764,0.0012274734027050644
B,low,143,0.010213638926140493,0.009374553885032074,0.00045269204389574764,0.0008725349968101116
B,low,144,0.0014020329086664458,0.009423433609566902,0.00045269204389574764,0.0006847193612447134
B,low,145,0.008491117420228029,0.009469584479673141,0.00045269204389574764,0.0008376522183620792
B,low,146,0.021658203053083573,0.009512660851950032,0.00045269204389574764,0.0011207918360989712
B,low,147,0.02417727162408135,0.009552533862097342,0.00045269204389574764,0.001175638835008974
B,low,148,0.01121371157734905,0.009589159192721925,0.00045269204389574764,0.000898569761018325
B,low,149,-0.004719421531280972,0.009622637141027976,0.00045269204389574764,0.0005577849710593923
B,low,150,-0.007774579871221476,0.00965359530217362,0.00045269204389574764,0.0004929658657182816
B,low,151,0.00348461461153922,0.009682267843691708,0.00045269204389574764,0.0007349040306762459
B,low,152,0.014533675465838293,0.009707879565830097,0.00045269204389574764,0.0009722726987240308
B,low,153,0.011269206085855828,0.009730147391134732,0.00045269204389574764,0.0009027810673223284
B,low,154,-0.004081916148582634,0.009749546121941727,0.00045269204389574764,0.0005741690237774154
B,low,155,-0.015407295382165285,0.009767669097422556,0.00045269204389574764,0.00045269204389574764
B,low,156,-0.010769739272055785,0.0097822203412813,0.00045269204389574764,0.00045269204389574764
B,low,157,0.0042215049268840305,0.009792601501714593,0.00045269204389574764,0.0007530629807227071
B,low,158,0.012712242964953886,0.009798234544797902,0.00045269204389574764,0.0009351696997117582
B,low,159,0.005523783857267398,0.009811257203302694,0.00045269204389574764,0.0007813751941994618
B,low,160,-0.008568114909717739,0.009826261049853156,0.00045269204389574764,0.0004796584820845211
B,low,161,-0.012739741751795229,0.009837465746090273,0.00045269204389574764,0.00045269204389574764
B,low,162,-0.0010804967287421116,0.009844312440721363,0.00045269204389574764,0.0006405310294920107
B,low,163,0.014694489273982514,0.00984624076657239,0.00045269204389574764,0.0009786850574535946
B,low,164,0.018325774369153117,0.009842676616337562,0.00045269204389574764,0.001056439707336477
B,low,165,0.007196894169134551,0.009833232525132775,0.00045269204389574764,0.0008177067621370739
B,low,166,-0.004795226829939923,0.0098177123811835,0.00045269204389574764,0.0005603413398328957
B,low,167,-0.0029061670544385343,0.009796232997388011,0.00045269204389574764,0.0006003700690789926
B,low,168,0.011855225639451255,0.009769129460769568,0.00045269204389574764,0.0009161770211810018
B,low,169,0.023840445616070786,0.009853151744372823,0.00045269204389574764,0.0011748627692138975
B,low,170,0.020339405311578754,0.010008655667913337,0.00045269204389574764,0.0011031563138608558
B,low,171,0.005877399017660541,0.010155829027419338,0.00045269204389574764,0.0007963397643407038
B,low,172,-0.0028307185141379083,0.010292891267987108,0.00045269204389574764,0.0006126323035375771
B,low,173,0.0043947068104519624,0.010418492259203632,0.00045269204389574764,0.0007701903092775977
B,low,174,0.01982220703481753,0.010531832967154367,0.00045269204389574764,0.0011032844650628406
B,low,175,0.02655462185613959,0.010632446504355252,0.00045269204389574764,0.001249739976862458
B,low,176,0.017566788477497118,0.010719997388879169,0.00045269204389574764,0.0010589760345159525
B,low,177,0.0036458382556099496,0.010794464113444396,0.00045269204389574764,0.0007621978388429
B,low,178,0.0013103264960693877,0.010855785839652897,0.00045269204389574764,0.0007134540538349255
B,low,179,0.014274351652781453,0.010903704022145045,0.00045269204389574764,0.0009923451576416
B,low,180,0.029274693351536853,0.010937680110333236,0.00045269204389574764,0.0013145827645291083
B,low,181,0.03094714468559494,0.010956864327638587,0.00045269204389574764,0.0013508403852287706
B,low,182,0.019042660561641646,0.010960086206989992,0.00045269204389574764,0.0010957550319065424
B,low,183,0.008647374884480061,0.010945884611667896,0.00045269204389574764,0.0008726435934531027
B,low,184,0.013163091673308607,0.010912623134067835,0.00045269204389574764,0.000968718167167705
B,low,185,0.02917058960283069,0.010858702525026966,0.00045269204389574764,0.0013106586961560709
B,low,186,0.040184181623586265,0.010782824293710665,0.00045269204389574764,0.0015450918620819813
B,low,187,0.03508674092609699,0.01068432387907418,0.00045269204389574764,0.0014337248114962954
B,low,188,0.02054440353735951,0.010563226587560547,0.00045269204389574764,0.001119436516737827
B,low,189,0.013461870397242469,0.010420512370352566,0.00045269204389574764,0.0009645743905948867
B,low,190,0.021957536983143032,0.010258359963960344,0.00045269204389574764,0.0011431905209855833
B,low,191,0.03623122419935919,0.010080077738639216,0.00045269204389574764,0.0014453039681498285
B,low,192,0.039583392995887604,0.009993193600324636,0.00045269204389574764,0.0015152903505703925
B,low,193,0.027207394346653157,0.010050913059289904,0.00045269204389574764,0.0012512668768420577
B,low,194,0.011643296652233398,0.010097373250479557,0.00045269204389574764,0.0009186700510698078
B,low,195,0.008762743636514967,0.010131974331973218,0.00045269204389574764,0.0008576714242217119
B,low,196,0.020021944323629314,0.010154744788755039,0.00045269204389574764,0.0010994832200013794
B,low,197,0.0309112524960102,0.010166286186272288,0.00045269204389574764,0.001333126257764971
B,low,198,0.027336866662121425,0.010167606025334027,0.00045269204389574764,0.0012565430531433352
B,low,199,0.011528143014987948,0.010159935622753781,0.00045269204389574764,0.0009175428377430925
B,low,200,-0.0004024538722715754,0.010144601262017851,0.00045269204389574764,0.0006615000726540268
B,low,201,0.0034899741558578035,0.010122945840590692,0.00045269204389574764,0.0007444641631611903
B,low,202,0.01759410390753677,0.010106834101182465,0.00045269204389574764,0.001046419281736952
B,low,203,0.025053038398386497,0.010107105374233864,0.00045269204389574764,0.0012062959484872332
B,low,204,0.016685497357883706,0.010099809916134123,0.00045269204389574764,0.001026794137388928
B,low,205,0.0012652128743555887,0.01008628954477614,0.00045269204389574764,0.0006959941362125285
B,low,206,-0.0043855728864930655,0.010067691830325074,0.00045269204389574764,0.0005744795726987312
B,low,207,0.005642533876346974,0.01004488714111599,0.00045269204389574764,0.000788927919612975
B,low,208,0.019632875303294734,0.010018164019055571,0.00045269204389574764,0.0010882167207293876
B,low,209,0.021323611214156966,0.009988027570641362,0.00045269204389574764,0.0011238091303326114
B,low,210,0.008095051833474667,0.009955004182637648,0.00045269204389574764,0.0008395673871766185
B,low,211,-0.0061601354334272366,0.009920565652358552,0.00045269204389574764,0.0005332911140888914
B,low,212,-0.006702862870367444,0.009884542209092035,0.00045269204389574764,0.0005208864741667651
B,low,213,0.005451331303174914,0.009845574014831137,0.00045269204389574764,0.0007805578128859322
B,low,214,0.014646446583496172,0.009803378971573368,0.00045269204389574764,0.0009767366588449404
B,low,215,0.008165615146415636,0.009757983651932992,0.00045269204389574764,0.0008368569701292143
B,low,216,-0.009470115479275093,0.009709517701130576,0.00045269204389574764,0.0004578232643573278
B,low,217,-0.02154643783415626,0.009658275659686359,0.00045269204389574764,0.00045269204389574764
B,low,218,-0.017880291743442224,0.009604893207837813,0.00045269204389574764,0.00045269204389574764
B,low,219,-0.006195798864277281,0.00955001992084178,0.00045269204389574764,0.0005245846419874078
B,low,220,-0.003378368375522311,0.00949252221517494,0.00045269204389574764,0.0005837395798965327
B,low,221,-0.016436242365149383,0.00943204824581668,0.00045269204389574764,0.00045269204389574764
B,low,222,-0.03456009651110611,0.009368580860142665,0.00045269204389574764,0.00045269204389574764
B,low,223,-0.04120510088591898,0.009302243386833255,0.00045269204389574764,0.00045269204389574764
B,low,224,-0.032628727367158404,0.009232336146377676,0.00045269204389574764,0.00045269204389574764
B,low,225,-0.022065017312789818,0.009161490134105041,0.00045269204389574764,0.00045269204389574764
B,low,226,-0.024848560246390473,0.009099064587573348,0.00045269204389574764,0.00045269204389574764
B,low,227,-0.041198360909469454,0.009032661773808478,0.00045269204389574764,0.00045269204389574764
B,low,228,-0.055998868169916095,0.008962316688971256,0.00045269204389574764,0.00045269204389574764
B,low,229,-0.0558218353273212,0.008892891544319723,0.00045269204389574764,0.00045269204389574764
B,low,230,-0.044065500833461516,0.00886487042906424,0.00045269204389574764,0.00045269204389574764
B,low,231,-0.03720120110134317,0.00883530800370388,0.00045269204389574764,0.00045269204389574764
B,low,232,-0.04633808042884132,0.008801298540416178,0.00045269204389574764,0.00045269204389574764
B,low,233,-0.06480794864177808,0.008762801895356637,0.00045269204389574764,0.00045269204389574764
B,low,234,-0.07571048144508491,0.008719718435374819,0.00045269204389574764,0.00045269204389574764
B,low,235,-0.06947375176865882,0.008684873822166409,0.00045269204389574764,0.00045269204389574764
B,low,236,-0.05885874691017598,0.008633536600324789,0.00045269204389574764,0.00045269204389574764
B,low,237,-0.05912469113245458,0.008764552293658408,0.00045269204389574764,0.00045269204389574764
B,low,238,-0.07508341585835294,0.009008812367973117,0.00045269204389574764,0.00045269204389574764
B,low,239,-0.09420199454463642,0.009255468703656828,0.00045269204389574764,0.00045269204389574764
B,low,240,-0.10063102739848952,0.00950424176989783,0.00045269204389574764,0.00045269204389574764
B,low,241,-0.09294445633624362,0.009755027794845798,0.00045269204389574764,0.00045269204389574764
B,low,242,-0.0856689513172873,0.010007880792571812,0.00045269204389574764,0.00045269204389574764
B,low,243,-0.09288997760039794,0.010262857265886452,0.00045269204389574764,0.00045269204389574764
B,low,244,-0.11235453484807333,0.010519858936511799,0.00045269204389574764,0.00045269204389574764
B,low,245,-0.1279327517825084,0.01077864766437247,0.00045269204389574764,0.00045269204389574764
B,low,246,-0.1251161286071746,0.011022557352135129,0.00045269204389574764,0.00045269204389574764
B,low,247,-0.11467421363773851,0.011330052801458648,0.00045269204389574764,0.00045269204389574764
B,low,248,-0.1108913458157189,0.011641585012952217,0.00045269204389574764,0.00045269204389574764
B,low,249,-0.12288786385379603,0.011957199269543058,0.00045269204389574764,0.00045269204389574764
B,low,250,-0.14182605787417346,0.012276760985870903,0.00045269204389574764,0.00045269204389574764
B,low,251,-0.15087038426920366,0.012600057421591449,0.00045269204389574764,0.00045269204389574764
B,low,252,-0.14414635906818718,0.012926985780322564,0.00045269204389574764,0.00045269204389574764
B,low,253,-0.1333982602206673,0.013257617176076143,0.00045269204389574764,0.00045269204389574764
B,low,254,-0.13486207652280713,0.013592066022570909,0.00045269204389574764,0.00045269204389574764
B,low,255,-0.15051407963449903,0.013904809358834796,0.00045269204389574764,0.00045269204389574764
B,low,256,-0.16617153849303054,0.014217228016684843,0.00045269204389574764,0.00045269204389574764
B,low,257,-0.1693536133429604,0.014561973567235827,0.00045269204389574764,0.00045269204389574764
B,low,258,-0.15972356876276664,0.014910129020712176,0.00045269204389574764,0.00045269204389574764
B,low,259,-0.15296776187704986,0.015261809108566737,0.00045269204389574764,0.00045269204389574764
B,low,260,-0.1617421970871456,0.015617101194781123,0.00045269204389574764,0.00045269204389574764
B,low,261,-0.18083317416429331,0.0159559990198826,0.00045269204389574764,0.00045269204389574764
B,low,262,-0.19256832370217797,0.01625121690285097,0.00045269204389574764,0.00045269204389574764
B,low,263,-0.1917330415570322,0.0166505134649467,0.00045269204389574764,0.00045269204389574764
B,low,264,-0.1815844425736847,0.017018712164537993,0.00045269204389574764,0.00045269204389574764
B,low,265,-0.17960317574966916,0.017373315839652397,0.00045269204389574764,0.00045269204389574764
B,low,266,-0.19136860747015433,0.017680661243001695,0.00045269204389574764,0.00045269204389574764
B,low,267,-0.21243390652721647,0.018092659440585107,0.00045269204389574764,0.00045269204389574764
B,low,268,-0.0489260332331549,0.01908137797768493,0.00045269204389574764,0.00045269204389574764
B,low,269,-0.029809078369273656,0.019205271899147044,0.00045269204389574764,0.00045269204389574764
B,low,270,-0.1457742292434857,0.018907912297733896,0.00045269204389574764,0.00045269204389574764
B,low,271,0.05382837441323963,0.019276274036963054,0.00045269204389574764,0.0020195783704175818
B,low,272,0.05948863838038162,0.019195123237782004,0.00045269204389574764,0.0021391581279613255
B,low,273,0.20351168701144112,0.018644782794675376,0.00045269204389574764,0.005214276187545363
B,low,274,0.1847226234804886,0.01776428665252807,0.00045269204389574764,0.004792689260395591
B,low,275,0.19690847384754268,0.017392417143999778,0.00045269204389574764,0.005045903870703498
B,low,276,0.20429450972023144,0.017023443552911206,0.00045269204389574764,0.00519630386816578
B,low,277,0.21310340884686788,0.01720262440639906,0.00045269204389574764,0.005388949615339225
B,low,278,0.1942676910224322,0.016833673221117104,0.00045269204389574764,0.004977326908512286
B,low,279,0.18293940316224766,0.01646839433897655,0.00045269204389574764,0.004726693190612658
B,low,280,0.18730471325193634,0.016106886415850955,0.00045269204389574764,0.004812508566267731
B,low,281,0.18511871768909044,0.015289381102347498,0.00045269204389574764,0.004748133118815113
B,low,282,0.18530604315377222,0.014938626335349354,0.00045269204389574764,0.004744630261683846
B,low,283,0.16974575359219504,0.01459100957558939,0.00045269204389574764,0.004403668620708685
B,low,284,0.15089993760222878,0.014246731036906272,0.00045269204389574764,0.003992358295591887
B,low,285,0.1569132111861105,0.014413190917368715,0.00045269204389574764,0.0041248114305443935
B,low,286,0.16433406067580014,0.014073250266328684,0.00045269204389574764,0.0042765798813042015
B,low,287,0.17141485524697458,0.013737074801842426,0.00045269204389574764,0.004421140476012024
B,low,288,0.16402930923717093,0.013404554357963495,0.00045269204389574764,0.004255715526301749
B,low,289,0.14435940101019376,0.013075734482714181,0.00045269204389574764,0.003827073377334275
B,low,290,0.12851257387786835,0.012750795406775487,0.00045269204389574764,0.0034804563032545407
B,low,291,0.12848580832216597,0.012429880534986207,0.00045269204389574764,0.0034730043050658476
B,low,292,0.1321074993015073,0.011677916159208752,0.00045269204389574764,0.0035345125055880502
B,low,293,0.1361639741413821,0.011366006269472881,0.00045269204389574764,0.0036147715280104367
B,low,294,0.12442439944593377,0.011057827824915588,0.00045269204389574764,0.0033565463664019493
B,low,295,0.10563591466587899,0.01076224753695786,0.00045269204389574764,0.0029475086206026415
B,low,296,0.1045266970097373,0.010980930048795787,0.00045269204389574764,0.0029284213618512743
B,low,297,0.11106303252620797,0.010719348457157826,0.00045269204389574764,0.003062911115041276
B,low,298,0.12168990380412435,0.010459844804239855,0.00045269204389574764,0.0032851197832725523
B,low,299,0.12015252849723132,0.010202340113438225,0.00045269204389574764,0.0032466492757773817
B,low,300,0.10382762111916807,0.009946885669309341,0.00045269204389574764,0.0028912745796570087
B,low,301,0.08661118534412238,0.009693681668757146,0.00045269204389574764,0.002516839570749304
B,low,302,0.08326136957025322,0.009442930783811903,0.00045269204389574764,0.002439666931457157
B,low,303,0.09278766725489593,0.009194695645045868,0.00045269204389574764,0.0026385280114013584
B,low,304,0.09954763997230848,0.008966619156254099,0.00045269204389574764,0.0027785292165758437
B,low,305,0.09082080399121029,0.008825884048054976,0.00045269204389574764,0.0025884663931598348
B,low,306,0.07111984115353408,0.00885305473541943,0.00045269204389574764,0.002166788749334566
B,low,307,0.057162752217253095,0.008876550119321194,0.00045269204389574764,0.0018681434828655321
B,low,308,0.05915087795935875,0.008896158148105219,0.00045269204389574764,0.0019111761854308975
B,low,309,0.06937843504891436,0.00891178133372051,0.00045269204389574764,0.0021307230877622356
B,low,310,0.0709630074955287,0.008923335621565455,0.00045269204389574764,0.002164933623051572
B,low,311,0.05688491846493503,0.008930889709782478,0.00045269204389574764,0.0018633532273387666
B,low,312,0.037943871174827705,0.008955311139983855,0.00045269204389574764,0.0014579042848682174
B,low,313,0.030690411894704558,0.009020276091418478,0.00045269204389574764,0.0013038299036806204
B,low,314,0.038883875643809275,0.009081881749315223,0.00045269204389574764,0.0014807646903533197
B,low,315,0.04930084675141381,0.009139795034166528,0.00045269204389574764,0.0017052778160489613
B,low,316,0.046600134888478306,0.009208871016360155,0.00045269204389574764,0.001648872726012484
B,low,317,0.030546394405763046,0.009277829155772032,0.00045269204389574764,0.0013062633650877716
B,low,318,0.014953517974484845,0.009287816053464534,0.00045269204389574764,0.0009722679618473375
B,low,319,0.015932802775864296,0.009354248452037596,0.00045269204389574764,0.000994681310611752
B,low,320,0.02871358395071116,0.00941756380444257,0.00045269204389574764,0.0012699748747246598
B,low,321,0.0368264595700612,0.009477696307455354,0.00045269204389574764,0.0014451508032732455
B,low,322,0.029147467184493313,0.00953488652023348,0.00045269204389574764,0.001281789131188417
B,low,323,0.012326237519103122,0.009590320726328743,0.00045269204389574764,0.0009224399486760944
B,low,324,0.003257230473408678,0.009643698645728898,0.00045269204389574764,0.000729203727690706
B,low,325,0.010055498019842495,0.00969426954192595,0.00045269204389574764,0.0008759981044617721
B,low,326,0.02290972943682845,0.00974167987870435,0.00045269204389574764,0.0011525250624899862
B,low,327,0.028613577654113657,0.009814144049185647,0.00045269204389574764,0.001276331483695544
B,low,328,0.01519140081225087,0.009855974029808487,0.00045269204389574764,0.0009895442138644409
B,low,329,-0.0012232263691700708,0.009895113664602186,0.00045269204389574764,0.0006385606844871425
B,low,330,-0.004791698229978031,0.00993289596348947,0.00045269204389574764,0.0005628857538904201
B,low,331,0.005901327030967086,0.009969630118921404,0.00045269204389574764,0.0007928617358943864
B,low,332,0.01631913215611464,0.010003768215897664,0.00045269204389574764,0.0010168831526923075
B,low,333,0.012365542614247169,0.010034719474804481,0.00045269204389574764,0.0009328074007427052
B,low,334,-0.003719735840542645,0.010061987098664533,0.00045269204389574764,0.0005886284991881406
B,low,335,-0.01582298578023646,0.010085312703274956,0.00045269204389574764,0.00045269204389574764
B,low,336,-0.012015019695123622,0.010103843852033943,0.00045269204389574764,0.00045269204389574764
B,low,337,0.0020741158889503726,0.010116399144634601,0.00045269204389574764,0.0007139770883398699
B,low,338,0.009584899258552665,0.010121574598223389,0.00045269204389574764,0.0008750701701126553
B,low,339,0.0013515182080546706,0.01014328517487206,0.00045269204389574764,0.0006990655731937314
B,low,340,-0.013836494524891569,0.010170728844530024,0.00045269204389574764,0.00045269204389574764
B,low,341,-0.019158251622344417,0.01019209135307228,0.00045269204389574764,0.00045269204389574764
B,low,342,-0.008719988193656296,0.010206018563219425,0.00045269204389574764,0.0004845428319950946
B,low,343,0.0057524489504337485,0.010211105597461089,0.00045269204389574764,0.0007948464194936308
B,low,344,0.008010575591451748,0.010206047837166207,0.00045269204389574764,0.0008431375049000763
B,low,345,-0.00453506339066578,0.010189846578774293,0.00045269204389574764,0.0005738936725846304
B,low,346,-0.017964916100790398,0.010161978542936843,0.00045269204389574764,0.00045269204389574764
B,low,347,-0.0175278680730399,0.010122464070156347,0.00045269204389574764,0.00045269204389574764
B,low,348,-0.00423222769290987,0.010071846040002167,0.00045269204389574764,0.0005778553315134667
B,low,349,0.006287913395886502,0.01015795305017506,0.00045269204389574764,0.0008051840373384251
B,low,350,0.0013577058128040574,0.010330074948979988,0.00045269204389574764,0.0007032017481520929
B,low,351,-0.014456463261302609,0.010486033671304197,0.00045269204389574764,0.00045269204389574764
B,low,352,-0.024414050236253055,0.010622600736559146,0.00045269204389574764,0.00045269204389574764
B,low,353,-0.01832995682675515,0.010737583828172777,0.00045269204389574764,0.00045269204389574764
B,low,354,-0.003934459554072682,0.01082992945210195,0.00045269204389574764,0.0006004858945908194
B,low,355,0.0018903305518029742,0.010899571237045857,0.00045269204389574764,0.0007268240266814308
B,low,356,-0.007852370969376948,0.010947202938783533,0.00045269204389574764,0.0005190250336378298
B,low,357,-0.022352424723482478,0.010974174237837949,0.00045269204389574764,0.00045269204389574764
B,low,358,-0.025089351577027536,0.010982097256120751,0.00045269204389574764,0.00045269204389574764
B,low,359,-0.012363017048956882,0.010972584762722799,0.00045269204389574764,0.00045269204389574764
B,nominal,0,0.016998800932524143,0.021923068221026194,0.0013580761316872427,0.002192306866288373
B,nominal,1,0.01876202454629604,0.021844946317627994,0.0013580761316872427,0.0022284244440998803
B,nominal,2,0.007130328685041611,0.021738952535759446,0.0013580761316872427,0.001976845019307293
B,nominal,3,-0.00280389201638752,0.02160616853785795,0.0013580761316872427,0.0017610741709848771
B,nominal,4,0.002345818009263577,0.021447099319966075,0.0013580761316872427,0.0018680409235517328
B,nominal,5,0.019136024468258676,0.021261934333525037,0.0013580761316872427,0.0022239445902302746
B,nominal,6,0.031067382611920623,0.021050788458959743,0.0013580761316872427,0.0024751494142421196
B,nominal,7,0.027025198130457905,0.02081438369544755,0.0013580761316872427,0.0023834443978460527
B,nominal,8,0.013677911648355438,0.02055358135071628,0.0013580761316872427,0.0020917758273120654
B,nominal,9,0.007913334380599763,0.020269849409859354,0.0013580761316872427,0.0019621395702687566
B,nominal,10,0.017813282100840436,0.01996598971616638,0.0013580761316872427,0.002167817039973568
B,nominal,11,0.033540058870549415,0.019645967950143648,0.0013580761316872427,0.0024980372689620426
B,nominal,12,0.03837318340227971,0.01948124326944884,0.0013580761316872427,0.002598097279486637
B,nominal,13,0.027500476453493284,0.019556645888803806,0.0013580761316872427,0.0023666735755807846
B,nominal,14,0.013454051747528223,0.01962654807715532,0.0013580761316872427,0.002067108192401482
B,nominal,15,0.012075085108531664,0.0196855538265145,0.0013580761316872427,0.002038816849602327
B,nominal,16,0.02478391516909999,0.019730888003512102,0.0013580761316872427,0.002312182852636576
B,nominal,17,0.037048806177413754,0.019762932100807623,0.0013580761316872427,0.002575748848555842
B,nominal,18,0.03477719584792298,0.01978251748124165,0.0013580761316872427,0.0025274801382279793
B,nominal,19,0.020211199141018658,0.01979075793277241,0.0013580761316872427,0.0022154568988724077
B,nominal,20,0.009466362680208616,0.019788863484914827,0.0013580761316872427,0.0019851171588889625
B,nominal,21,0.014473708616618643,0.01977805307252755,0.0013580761316872427,0.0020922102556830027
B,nominal,22,0.02960540658438817,0.019770033602151797,0.0013580761316872427,0.0024163631727224786
B,nominal,23,0.038004582905774284,0.019775490755283162,0.0013580761316872427,0.002596503636425271
B,nominal,24,0.03050844160171879,0.01977036299966358,0.0013580761316872427,0.0024357254072655686
B,nominal,25,0.01590965521041288,0.01975591190990782,0.0013580761316872427,0.002122513012695488
B,nominal,26,0.011031845827260148,0.019733412086360105,0.0013580761316872427,0.002017482379835825
B,nominal,27,0.021770199479642118,0.01970410132311075,0.0013580761316872427,0.0022470143347640787
B,nominal,28,0.036397830417376674,0.019667504414087485,0.0013580761316872427,0.0025597508322930417
B,nominal,29,0.038661611772538476,0.01962406817413201,0.0013580761316872427,0.0026073405338363875
B,nominal,30,0.02596302505253437,0.019574322852052232,0.0013580761316872427,0.0023340995349919965
B,nominal,31,0.012207578362301554,0.019519773651470545,0.0013580761316872427,0.002038103395356912
B,nominal,32,0.012127283836141584,0.019460104932360407,0.0013580761316872427,0.002035103497267275
B,nominal,33,0.0246901755967887,0.019394009110912224,0.0013580761316872427,0.0023029532044688984
B,nominal,34,0.034235391960408874,0.019321246893642587,0.0013580761316872427,0.0025059807710487705
B,nominal,35,0.0280604086522293,0.019241890007691054,0.0013580761316872427,0.002371928554953711
B,nominal,36,0.010705685235923607,0.01915617816994105,0.0013580761316872427,0.001998119500297168
B,nominal,37,-0.0011100269742476314,0.019064749437780183,0.0013580761316872427,0.0017429081460805158
B,nominal,38,0.0027824434754380096,0.018970162151596782,0.0013580761316872427,0.0018243099628565411
B,nominal,39,0.014643915648192053,0.018875079673752862,0.0013580761316872427,0.0020765045293626738
B,nominal,40,0.01759114503707632,0.018774895462287923,0.0013580761316872427,0.002137526588206538
B,nominal,41,0.00463406937848129,0.018668459402848902,0.0013580761316872427,0.001857530195073092
B,nominal,42,-0.0134028735461569,0.018556378057941914,0.0013580761316872427,0.0014685336186510847
B,nominal,43,-0.019979253417247538,0.018439798987643342,0.0013580761316872427,0.0013580761316872427
B,nominal,44,-0.011370155341384927,0.018316092650393488,0.0013580761316872427,0.0015069516741471314
B,nominal,45,-0.0008198821231657538,0.018190642639549292,0.0013580761316872427,0.0017303918149087691
B,nominal,46,-0.003653553062231473,0.01808272009645952,0.0013580761316872427,0.0016673432577638042
B,nominal,47,-0.019986795945808124,0.01796432397617416,0.0013580761316872427,0.0013580761316872427
B,nominal,48,-0.034762917241568575,0.017837291498198984,0.0013580761316872427,0.0013580761316872427
B,nominal,49,-0.03457401722986544,0.017701996890526886,0.0013580761316872427,0.0013580761316872427
B,nominal,50,-0.02283341870404998,0.017563524461952737,0.0013580761316872427,0.0013580761316872427
B,nominal,51,-0.016015557330768978,0.017517978735820134,0.0013580761316872427,0.0013902782365623103
B,nominal,52,-0.025218366268681153,0.01746634680458202,0.0013580761316872427,0.0013580761316872427
B,nominal,53,-0.04375616975622981,0.017405579534614923,0.0013580761316872427,0.0013580761316872427
B,nominal,54,-0.05472724544954723,0.017335529550272896,0.0013580761316872427,0.0013580761316872427
B,nominal,55,-0.05004075904505817,0.01725607566664398,0.0013580761316872427,0.0013580761316872427
B,nominal,56,-0.039529480072710795,0.017167213208592942,0.0013580761316872427,0.0013580761316872427
B,nominal,57,-0.039912555371130226,0.0170869094588705,0.0013580761316872427,0.0013580761316872427
B,nominal,58,-0.05599995375379882,0.017292686729733074,0.0013580761316872427,0.0013580761316872427
B,nominal,59,-0.07526057564322473,0.017786661929264088,0.0013580761316872427,0.0013580761316872427
B,nominal,60,-0.08184448948886179,0.01828544353062055,0.0013580761316872427,0.0013580761316872427
B,nominal,61,-0.07432529855535534,0.018788233142015123,0.0013580761316872427,0.0013580761316872427
B,nominal,62,-0.06722955167809022,0.019295090979183437,0.0013580761316872427,0.0013580761316872427
B,nominal,63,-0.07464260942075225,0.0198061316974104,0.0013580761316872427,0.0013580761316872427
B,nominal,64,-0.09431117079266994,0.020321158105472095,0.0013580761316872427,0.0013580761316872427
B,nominal,65,-0.11010488676323198,0.02083968574764651,0.0013580761316872427,0.0013580761316872427
B,nominal,66,-0.10736193698125106,0.021322988793387333,0.0013580761316872427,0.0013580761316872427
B,nominal,67,-0.09715889274886588,0.02193729917948979,0.0013580761316872427,0.0013580761316872427
B,nominal,68,-0.09362731620355817,0.02255966694632074,0.0013580761316872427,0.0013580761316872427
B,nominal,69,-0.10588597560893946,0.023190199158444925,0.0013580761316872427,0.0013580761316872427
B,nominal,70,-0.1250953347648708,0.023828628440883612,0.0013580761316872427,0.0013580761316872427
B,nominal,71,-0.13441955292325217,0.024474524574685554,0.0013580761316872427,0.0013580761316872427
B,nominal,72,-0.1279854580185574,0.025127685578365595,0.0013580761316872427,0.0013580761316872427
B,nominal,73,-0.11753853216161664,0.025788270250019528,0.0013580761316872427,0.0013580761316872427
B,nominal,74,-0.11931427265563258,0.026456526021149982,0.0013580761316872427,0.0013580761316872427
B,nominal,75,-0.13586606006237986,0.027132418641472398,0.0013580761316872427,0.0013580761316872427
B,nominal,76,-0.15086324215651123,0.02761971588803706,0.0013580761316872427,0.0013580761316872427
B,nominal,77,-0.1544679001164248,0.028378534261232134,0.0013580761316872427,0.0013580761316872427
B,nominal,78,-0.14518871589307925,0.029074125471573162,0.0013580761316872427,0.0013580761316872427
B,nominal,79,-0.13879893916432,0.029776805926513557,0.0013580761316872427,0.0013580761316872427
B,nominal,80,-0.1479501548358656,0.030486756645637356,0.0013580761316872427,0.0013580761316872427
B,nominal,81,-0.16802406358547212,0.03120380853270974,0.0013580761316872427,0.0013580761316872427
B,nominal,82,-0.1793782074981844,0.03174639413465675,0.0013580761316872427,0.0013580761316872427
B,nominal,83,-0.17762672029903454,0.03247927417033324,0.0013580761316872427,0.0013580761316872427
B,nominal,84,-0.1688859143405047,0.03325588829624653,0.0013580761316872427,0.0013580761316872427
B,nominal,85,-0.16795485580757577,0.03399830736404248,0.0013580761316872427,0.0013580761316872427
B,nominal,86,-0.18270808628261198,0.03474767386242218,0.0013580761316872427,0.0013580761316872427
B,nominal,87,-0.19880878950046257,0.035328450250356955,0.0013580761316872427,0.0013580761316872427
B,nominal,88,-0.027739535830338852,0.03757201318822697,0.0013580761316872427,0.0015688202451536375
B,nominal,89,-0.015568834291749703,0.038205074386549444,0.0013580761316872427,0.001843249316160831
B,nominal,90,0.024819964339057705,0.03837589452750355,0.0013580761316872427,0.002712582708902633
B,nominal,91,0.02245470388522409,0.03837324679895574,0.0013580761316872427,0.0026618302187109873
B,nominal,92,0.052715440202154094,0.03843282525560724,0.0013580761316872427,0.003311699791190015
B,nominal,93,0.2124451597703601,0.038038986612508964,0.0013580761316872427,0.006726820695791947
B,nominal,94,0.19448854762194542,0.03629853711216393,0.0013580761316872427,0.006304644305857968
B,nominal,95,0.2066891688424402,0.035545299235411894,0.0013580761316872427,0.006550001459144635
B,nominal,96,0.21408169511029354,0.03479778041713841,0.0013580761316872427,0.006692427030337618
B,nominal,97,0.2054567291019502,0.034055829972627086,0.0013580761316872427,0.006491661502798724
B,nominal,98,0.2030558003428156,0.03434568900539511,0.0013580761316872427,0.0064464139520792755
B,nominal,99,0.186011025296828,0.033215236692532644,0.0013580761316872427,0.006056855752515445
B,nominal,100,0.19066725389966588,0.03248540575493973,0.0013580761316872427,0.006141012081074365
B,nominal,101,0.1945809940122649,0.031260936513266877,0.0013580761316872427,0.0061986524889731595
B,nominal,102,0.19473963089290336,0.030549566611270604,0.0013580761316872427,0.006186805502061341
B,nominal,103,0.1913387154293959,0.030811630881585714,0.0013580761316872427,0.006119529027584481
B,nominal,104,0.17190865917758213,0.030106254484646586,0.0013580761316872427,0.005687956825750786
B,nominal,105,0.1651254761134179,0.029408502748742505,0.0013580761316872427,0.0055276144303446585
B,nominal,106,0.17249525922434802,0.028718168323770332,0.0013580761316872427,0.005670778196761796
B,nominal,107,0.17595963046116803,0.027664873802657444,0.0013580761316872427,0.005722455938439332
B,nominal,108,0.16874134295467644,0.026990072009905296,0.0013580761316872427,0.005553279641730575
B,nominal,109,0.14515563465468523,0.025850698884730967,0.0013580761316872427,0.005023335338207651
B,nominal,110,0.1296891104096508,0.025193329793421596,0.0013580761316872427,0.004677744345916331
B,nominal,111,0.13859126787196877,0.02547205837743993,0.0013580761316872427,0.004874522596223609
B,nominal,112,0.14882075346981954,0.02482555870303179,0.0013580761316872427,0.005079919242387931
B,nominal,113,0.15246959559727344,0.024186657002179212,0.0013580761316872427,0.005144432711750956
B,nominal,114,0.1403444704353348,0.02355526457228164,0.0013580761316872427,0.004871016268167361
B,nominal,115,0.12120597741885769,0.022945916370516187,0.0013580761316872427,0.004447751495828486
B,nominal,116,0.11189483805931882,0.022405569106847014,0.0013580761316872427,0.004236599947834488
B,nominal,117,0.11837289775451287,0.021869243106541012,0.0013580761316872427,0.004363951921747554
B,nominal,118,0.1289622629482549,0.021336994405005198,0.0013580761316872427,0.004579510831474195
B,nominal,119,0.12740319224171961,0.020808605393996482,0.0013580761316872427,0.004534769325182529
B,nominal,120,0.10954243904463502,0.019965845108545377,0.0013580761316872427,0.0041338881205671375
B,nominal,121,0.09239679718693458,0.019453031916801443,0.0013580761316872427,0.00375540614505607
B,nominal,122,0.08910481070431334,0.018943625458956056,0.0013580761316872427,0.0036739291015789907
B,nominal,123,0.09711588035749216,0.018052722794011444,0.0013580761316872427,0.003826538990730101
B,nominal,124,0.10407400254785135,0.017585092221226097,0.0013580761316872427,0.003965652751394835
B,nominal,125,0.10021017878061235,0.01779539689255361,0.0013580761316872427,0.0038873451576038657
B,nominal,126,0.08048401037028492,0.017334000256562475,0.0013580761316872427,0.003454655577564458
B,nominal,127,0.06653122057017946,0.017226770415905906,0.0013580761316872427,0.0031533005612586883
B,nominal,128,0.06853970938403664,0.01725941669532612,0.0013580761316872427,0.0031970491700823635
B,nominal,129,0.07879009339016,0.017289228907190774,0.0013580761316872427,0.0034173894525323803
B,nominal,130,0.0804015171375162,0.017315569208073367,0.0013580761316872427,0.0034524924199586236
B,nominal,131,0.0663694705241744,0.017338201101181915,0.0013580761316872427,0.003152222042724543
B,nominal,132,0.04750581681603423,0.017356973906565196,0.0013580761316872427,0.002748310843677114
B,nominal,133,0.040357050027558176,0.017406591390412254,0.0013580761316872427,0.0025961514364276923
B,nominal,134,0.04866728551838648,0.017527719209758152,0.0013580761316872427,0.002776864813274704
B,nominal,135,0.05920434132444002,0.017642522334342284,0.0013580761316872427,0.0030051711175150524
B,nominal,136,0.056635233093903226,0.017775238243453978,0.0013580761316872427,0.002952950774548979
B,nominal,137,0.04074142296229947,0.017906546566086916,0.0013580761316872427,0.002615105656901285
B,nominal,138,0.02663758944454267,0.01803099886772338,0.0013580761316872427,0.0023154790018918474
B,nominal,139,0.027750548034692096,0.018151117335580967,0.0013580761316872427,0.002341908122648171
B,nominal,140,0.040681014037368804,0.018266049262114677,0.0013580761316872427,0.0026215162744230853
B,nominal,141,0.04895699789232772,0.018375059140382462,0.0013580761316872427,0.002801235790310146
B,nominal,142,0.04146802355026241,0.01847909501521115,0.0013580761316872427,0.0026429509294725985
B,nominal,143,0.024879298406955467,0.01858280382687144,0.0013580761316872427,0.002289619818111859
B,nominal,144,0.0160867533358126,0.018683960639096442,0.0013580761316872427,0.002103333204194724
B,nominal,145,0.023192549616379846,0.018779766604162446,0.0013580761316872427,0.002257688533533571
B,nominal,146,0.036374090035675856,0.018869526547252945,0.0013580761316872427,0.002542138558447548
B,nominal,147,0.038905431625804655,0.018952980328929836,0.0013580761316872427,0.002598182697932409
B,nominal,148,0.025952050017555194,0.019030035178894365,0.0013580761316872427,0.0023221983281132017
B,nominal,149,0.01002708729821911,0.019100887269049766,0.0013580761316872427,0.0019823897155193085
B,nominal,150,0.006978156967743358,0.0191667896019695,0.0013580761316872427,0.0019184530729105121
B,nominal,151,0.018241704706171036,0.019228208031550658,0.0013580761316872427,0.0021611864012714694
B,nominal,152,0.02929336768626836,0.019283582569223207,0.0013580761316872427,0.0023992487623347813
B,nominal,153,0.0260298122399526,0.01933234482379623,0.0013580761316872427,0.002330344587271708
B,nominal,154,0.01067521630837576,0.019375810510329213,0.0013580761316872427,0.002002173928727387
B,nominal,155,-0.0006620710635638649,0.019417754279552182,0.0013580761316872427,0.0017600755147459772
B,nominal,156,0.0039627864699355924,0.019452596838768783,0.0013580761316872427,0.0018599490592572097
B,nominal,157,0.018940685548045542,0.019479129574471385,0.0013580761316872427,0.0021815461060210243
B,nominal,158,0.02741751388438454,0.019496192938393764,0.0013580761316872427,0.0023635996832728546
B,nominal,159,0.020214523585160855,0.019528080458538703,0.0013580761316872427,0.0022098980633508992
B,nominal,160,0.006107860734697575,0.019563925864675823,0.0013580761316872427,0.0019083116126408905
B,nominal,161,0.0019212427462745767,0.019592175755388942,0.0013580761316872427,0.0018191833526591116
B,nominal,162,0.013565339046402879,0.01961171065307478,0.0013580761316872427,0.002069175447948338
B,nominal,163,0.0293250995419648,0.0196214065490663,0.0013580761316872427,0.0024071696264367087
B,nominal,164,0.032941267952943706,0.019620092739876378,0.0013580761316872427,0.002484648505933215
B,nominal,165,0.021797458796060643,0.019606989145956773,0.0013580761316872427,0.002245517145533638
B,nominal,166,0.009790684098054125,0.019581696303508436,0.0013580761316872427,0.001987628180760514
B,nominal,167,0.011665390259778275,0.019544453328904126,0.0013580761316872427,0.002027011393790346
B,nominal,168,0.02641281711025912,0.019495923531587377,0.0013580761316872427,0.0023420597702727727
B,nominal,169,0.03838458547664791,0.019667718631175286,0.0013580761316872427,0.00260233847967728
B,nominal,170,0.034870705731467576,0.019981205260806812,0.0013580761316872427,0.002533742948222616
B,nominal,171,0.02039650998400046,0.020278022468778537,0.0013580761316872427,0.0022298725234220465
B,nominal,172,0.01167686418277206,0.02055462121984409,0.0013580761316872427,0.0020489087234785695
B,nominal,173,0.01889145874838685,0.020808308687213818,0.0013580761316872427,0.0022089799261745683
B,nominal,174,0.034308896846717694,0.021037480907804235,0.0013580761316872427,0.00254434108698821
B,nominal,175,0.04103208778831733,0.02124119135151776,0.0013580761316872427,0.0026928086235389888
B,nominal,176,0.03203590339289153,0.021418763838543717,0.0013580761316872427,0.0025037951652828196
B,nominal,177,0.01810748133752157,0.021570163794004834,0.0013580761316872427,0.0022085057684226336
B,nominal,178,0.015765385738429775,0.021695282537362595,0.0013580761316872427,0.0021609882603693493
B,nominal,179,0.02872373930435052,0.021793606423295774,0.0013580761316872427,0.0024408381714601827
B,nominal,180,0.04371934396149556,0.021864049005383634,0.0013580761316872427,0.002763755850627554
B,nominal,181,0.04538799411209403,0.02190489986639348,0.0013580761316872427,0.0028003963901424792
B,nominal,182,0.03348063161473771,0.02191381875922897,0.0013580761316872427,0.0025453714500592996
B,nominal,183,0.02308338394817968,0.021887895769027426,0.0013580761316872427,0.0023219667291925388
B,nominal,184,0.027598057787683723,0.02182386912097769,0.0013580761316872427,0.0024173595445100607
B,nominal,185,0.043605420691936875,0.02171853853694876,0.0013580761316872427,0.0027581952852556075
B,nominal,186,0.05461974407321086,0.02156929531606458,0.0013580761316872427,0.0029910716604354295
B,nominal,187,0.04952384670649266,0.021374802622471708,0.0013580761316872427,0.002877680241104346
B,nominal,188,0.03498383168356996,0.021135116615948513,0.0013580761316872427,0.002560899954979391
B,nominal,189,0.027904394052364806,0.020852210148879023,0.0013580761316872427,0.0024030993698826264
B,nominal,190,0.036403912527645375,0.020530446686087122,0.0013580761316872427,0.002578377040760727
B,nominal,191,0.05068214140918287,0.020176435269681856,0.0013580761316872427,0.002876821345140276
B,nominal,192,0.05403943713615327,0.020006304460499728,0.0013580761316872427,0.002945133350408372
B,nominal,193,0.04166906511548606,0.02012703627536438,0.0013580761316872427,0.00268258104832927
B,nominal,194,0.026111063430603588,0.0202252989638174,0.0013580761316872427,0.0023512251884949625
B,nominal,195,0.023237067128492207,0.02029989961406712,0.0013580761316872427,0.002291224424351837
B,nominal,196,0.03450322674505408,0.020350891020755296,0.0013580761316872427,0.002533790247038095
B,nominal,197,0.04539976249708047,0.020379459151950566,0.0013580761316872427,0.0027679531389109874
B,nominal,198,0.041832722707354095,0.020387601363722696,0.0013580761316872427,0.0026916736126345333
B,nominal,199,0.0260313778274339,0.02037777536580876,0.0013580761316872427,0.0023527853479347275
B,nominal,200,0.014108179130002767,0.020352640395491842,0.0013580761316872427,0.002096691090652748
B,nominal,201,0.018008001828248233,0.020314885999531202,0.0013580761316872427,0.002179468617707892
B,nominal,202,0.032119408260740695,0.020288230860685545,0.0013580761316872427,0.0024813537191663714
B,nominal,203,0.03958531248194444,0.020294332907289245,0.0013580761316872427,0.002641504745139611
B,nominal,204,0.0312242756979023,0.02028527802431501,0.0013580761316872427,0.0024621046322491702
B,nominal,205,0.015809977824843665,0.02026375079440685,0.0013580761316872427,0.0021312613301451154
B,nominal,206,0.010164670061640131,0.020232054889822423,0.0013580761316872427,0.0020095834394603597
B,nominal,207,0.020197694631138893,0.0201919304720544,0.0013580761316872427,0.0022237659701473183
B,nominal,208,0.03419222115812654,0.020143938388546452,0.0013580761316872427,0.0025226886048240952
B,nominal,209,0.03588619258065508,0.020089068217943522,0.0013580761316872427,0.002557820233166122
B,nominal,210,0.022659790663284492,0.020028364348529566,0.0013580761316872427,0.0022730314431544506
B,nominal,211,0.008405679986298254,0.019964777490913074,0.0013580761316872427,0.0019661534953105994
B,nominal,212,0.007862963416261928,0.019897976680456043,0.0013580761316872427,0.001953089422511959
B,nominal,213,0.020016000480981927,0.019825236615128517,0.0013580761316872427,0.0022120121119708173
B,nominal,214,0.02920856392904763,0.019745973757588003,0.0013580761316872427,0.0024073417714042273
B,nominal,215,0.022723570985308764,0.01966022457731814,0.0013580761316872427,0.0022665079638766053
B,nominal,216,0.0050819949114663966,0.01956824834401968,0.0013580761316872427,0.0018864163935075032
B,nominal,217,-0.007001818546993453,0.019470646508161597,0.0013580761316872427,0.0016253263880565874
B,nominal,218,-0.0033448182108520175,0.019368697247377043,0.0013580761316872427,0.0017015234704330637
B,nominal,219,0.008328705369436416,0.019263689491447623,0.0013580761316872427,0.0019494769131705254
B,nominal,220,0.011133081111706637,0.019153336896268545,0.0013580761316872427,0.002007219178840346
B,nominal,221,-0.001940110958528417,0.01903692641678431,0.0013580761316872427,0.0017245202215847026
B,nominal,222,-0.02008155241390977,0.01891443255829296,0.0013580761316872427,0.0013580761316872427
B,nominal,223,-0.026746352716249013,0.01878611720479241,0.0013580761316872427,0.0013580761316872427
B,nominal,224,-0.0181920413318479,0.018650583665134567,0.0013580761316872427,0.0013679042852642032
B,nominal,225,-0.007652889825341797,0.018513079387025084,0.0013580761316872427,0.001590847684363925
B,nominal,226,-0.010463747519523003,0.018392305282266434,0.0013580761316872427,0.0015280126406623678
B,nominal,227,-0.026843725345939356,0.018263450662273382,0.0013580761316872427,0.0013580761316872427
B,nominal,228,-0.04167720995952308,0.018126522838061505,0.0013580761316872427,0.0013580761316872427
B,nominal,229,-0.041535900008912954,0.01798160475355689,0.0013580761316872427,0.0013580761316872427
B,nominal,230,-0.029818158183689606,0.017843264603128142,0.0013580761316872427,0.0013580761316872427
B,nominal,231,-0.022995594934871577,0.017784591000228705,0.0013580761316872427,0.0013580761316872427
B,nominal,232,-0.03217757658436119,0.017720800215135613,0.0013580761316872427,0.0013580761316872427
B,nominal,233,-0.050695934441886935,0.01764801418304743,0.0013580761316872427,0.0013580761316872427
B,nominal,234,-0.06165024121955983,0.0175660099489011,0.0013580761316872427,0.0013580761316872427
B,nominal,235,-0.05547589383292277,0.01749887291254492,0.0013580761316872427,0.0013580761316872427
B,nominal,236,-0.04491947199983174,0.017399884638765975,0.0013580761316872427,0.0013580761316872427
B,nominal,237,-0.04524777648180385,0.017308474157536034,0.0013580761316872427,0.0013580761316872427
B,nominal,238,-0.06127279868115357,0.0174309300013385,0.0013580761316872427,0.0013580761316872427
B,nominal,239,-0.08046155899837266,0.017918546858506763,0.0013580761316872427,0.0013580761316872427
B,nominal,240,-0.08696455675345469,0.018410721523689822,0.0013580761316872427,0.0013580761316872427
B,nominal,241,-0.07935580940995368,0.01890698454023979,0.0013580761316872427,0.0013580761316872427
B,nominal,242,-0.07216226831546052,0.01940743506272686,0.0013580761316872427,0.0013580761316872427
B,nominal,243,-0.0794696826506251,0.019912191471545618,0.0013580761316872427,0.0013580761316872427
B,nominal,244,-0.09902512845574668,0.020421051734230533,0.0013580761316872427,0.0013580761316872427
B,nominal,245,-0.11469862485538165,0.020933523653439975,0.0013580761316872427,0.0013580761316872427
B,nominal,246,-0.1119967795876895,0.021416204377692517,0.0013580761316872427,0.0013580761316872427
B,nominal,247,-0.10165904126119354,0.022025266280963393,0.0013580761316872427,0.0013580761316872427
B,nominal,248,-0.09798517328356095,0.02264247259673184,0.0013580761316872427,0.0013580761316872427
B,nominal,249,-0.1100957416584221,0.02326791972740359,0.0013580761316872427,0.0013580761316872427
B,nominal,250,-0.1291530175526759,0.02390132995834724,0.0013580761316872427,0.0013580761316872427
B,nominal,251,-0.13832132093813235,0.024542263107565868,0.0013580761316872427,0.0013580761316872427
B,nominal,252,-0.13172617863049552,0.025190507608549694,0.0013580761316872427,0.0013580761316872427
B,nominal,253,-0.12111212965949036,0.025846213222302687,0.0013580761316872427,0.0013580761316872427
B,nominal,254,-0.12271549610861439,0.02650961930301355,0.0013580761316872427,0.0013580761316872427
B,nominal,255,-0.13847474046522756,0.027127745292537944,0.0013580761316872427,0.0013580761316872427
B,nominal,256,-0.15433579756551186,0.027749561361705304,0.0013580761316872427,0.0013580761316872427
B,nominal,257,-0.15767411802031067,0.02843369428705917,0.0013580761316872427,0.0013580761316872427
B,nominal,258,-0.1482058735248537,0.02912468545834653,0.0013580761316872427,0.0013580761316872427
B,nominal,259,-0.14161776484440414,0.029822773799472478,0.0013580761316872427,0.0013580761316872427
B,nominal,260,-0.15056610528827014,0.030528140712660957,0.0013580761316872427,0.0013580761316872427
B,nominal,261,-0.1698064487394429,0.031199402582713833,0.0013580761316872427,0.0013580761316872427
B,nominal,262,-0.1816238715333512,0.03178024931745119,0.0013580761316872427,0.0013580761316872427
B,nominal,263,-0.18112982014371432,0.03257976441977499,0.0013580761316872427,0.0013580761316872427
B,nominal,264,-0.17118000541413297,0.03331105646778367,0.0013580761316872427,0.0013580761316872427
B,nominal,265,-0.16937780955745377,0.03401415109801176,0.0013580761316872427,0.0013580761316872427
B,nominal,266,-0.181250432128194,0.03461981348001962,0.0013580761316872427,0.0013580761316872427
B,nominal,267,-0.20268042181270396,0.035443940911884325,0.0013580761316872427,0.0013580761316872427
B,nominal,268,-0.03906099076930159,0.037990823976648345,0.0013580761316872427,0.0013580761316872427
B,nominal,269,-0.020233294032845812,0.03830645664911767,0.0013580761316872427,0.0017454467296011628
B,nominal,270,-0.1358231677482809,0.03713947690553672,0.0013580761316872427,0.0013580761316872427
B,nominal,271,0.06382872161112814,0.038756185737590196,0.0013580761316872427,0.0035568267178651904
B,nominal,272,0.06897282175115481,0.0385882100485626,0.0013580761316872427,0.0036634823345275506
B,nominal,273,0.21291172348269408,0.038019039335151,0.0013580761316872427,0.0067363932359791896
B,nominal,274,0.1951358236173441,0.03628299677071728,0.0013580761316872427,0.006318184593365513
B,nominal,275,0.20752624034120498,0.03553441316322876,0.0013580761316872427,0.006567709480119035
B,nominal,276,0.2151102710997265,0.03479157244301287,0.0013580761316872427,0.0067143399250415665
B,nominal,277,0.22337048754133038,0.03511336374791584,0.0013580761316872427,0.0068982821349718405
B,nominal,278,0.20473068986747495,0.03437006162207845,0.0013580761316872427,0.006482835037070331
B,nominal,279,0.19359180923214378,0.03363407468297563,0.0013580761316872427,0.006228315413132703
B,nominal,280,0.19814001124785546,0.03290559146891387,0.0013580761316872427,0.00631018524341498
B,nominal,281,0.19685189492015637,0.03129877820748679,0.0013580761316872427,0.006248136855445025
B,nominal,282,0.19719968519616826,0.030592050848576333,0.0013580761316872427,0.006240443588064656
B,nominal,283,0.18179429824721127,0.029891545123675232,0.0013580761316872427,0.00589523841244184
B,nominal,284,0.1630977104877314,0.029197649664179558,0.0013580761316872427,0.005479633062240889
B,nominal,285,0.16859043105978472,0.02949089153613184,0.0013580761316872427,0.005603646317642244
B,nominal,286,0.17615891482654467,0.028805353360132457,0.0013580761316872427,0.0057511717289668455
B,nominal,287,0.18338190320764833,0.028127302882183697,0.0013580761316872427,0.005891452462487826
B,nominal,288,0.1761334245967862,0.027456529183860785,0.0013580761316872427,0.005721715401677104
B,nominal,289,0.1565955324433296,0.026793120572024497,0.0013580761316872427,0.005288731417510161
B,nominal,290,0.14087554992280157,0.026137423785726435,0.0013580761316872427,0.004937743778046296
B,nominal,291,0.1409704003917868,0.025489714788023903,0.0013580761316872427,0.00492589410107619
B,nominal,292,0.1453240110772545,0.024015481242067812,0.0013580761316872427,0.004987609146076009
B,nominal,293,0.14948263549922602,0.02338566031699639,0.0013580761316872427,0.005063243651753738
B,nominal,294,0.13784080773711513,0.022763239354751878,0.0013580761316872427,0.004800378238423076
B,nominal,295,0.11914561547947608,0.02216612541508466,0.0013580761316872427,0.004386877162520591
B,nominal,296,0.11756381192409593,0.022563375732872617,0.0013580761316872427,0.004361488075638043
B,nominal,297,0.12419369782712042,0.022034892618373457,0.0013580761316872427,0.00449226231236055
B,nominal,298,0.13490975583196396,0.021510527718290404,0.0013580761316872427,0.00471070566594338
B,nominal,299,0.13345750743244988,0.020990133839207878,0.0013580761316872427,0.0046684250958431445
B,nominal,300,0.11721379010169314,0.02047381311877434,0.0013580761316872427,0.004309199314567633
B,nominal,301,0.10007452301063215,0.019961951122139616,0.0013580761316872427,0.0039308743598416435
B,nominal,302,0.09679776772184204,0.019454935475519037,0.0013580761316872427,0.003849775017090215
B,nominal,303,0.10639313241454947,0.018952878302228186,0.0013580761316872427,0.004044676155623663
B,nominal,304,0.11321847092494756,0.01849180368444662,0.0013580761316872427,0.004181084418068291
B,nominal,305,0.10455354918330317,0.01805900793610557,0.0013580761316872427,0.003986088758560716
B,nominal,306,0.08491108916815174,0.01764353470792396,0.0013580761316872427,0.0035561776379474377
B,nominal,307,0.07100899300786206,0.017678859603112145,0.0013580761316872427,0.003258964605002019
B,nominal,308,0.07304858815550078,0.017721953061096092,0.0013580761316872427,0.003303603849807031
B,nominal,309,0.08332428764273594,0.017757211478328136,0.0013580761316872427,0.0035246034619569626
B,nominal,310,0.0849539701230103,0.017784365277722227,0.0013580761316872427,0.0035601152134930665
B,nominal,311,0.07091813407542986,0.017803413329152945,0.0013580761316872427,0.0032596868013670868
B,nominal,312,0.05201645930374763,0.017814674842196586,0.0013580761316872427,0.0028547996859127275
B,nominal,313,0.04479941317026309,0.017868508612159887,0.0013580761316872427,0.002701267184979916
B,nominal,314,0.05302639685676966,0.017995037113908714,0.0013580761316872427,0.0028803119421013028
B,nominal,315,0.06347423932803625,0.018114692846538438,0.0013580761316872427,0.0031068101031930446
B,nominal,316,0.06080200733664024,0.018256789158271974,0.0013580761316872427,0.0030525805147229123
B,nominal,317,0.04477444963066829,0.018398738080260213,0.0013580761316872427,0.002712096787357006
B,nominal,318,0.029576231960287663,0.018384899768731724,0.0013580761316872427,0.00238604963410964
B,nominal,319,0.030567402724534194,0.018522585179300093,0.0013580761316872427,0.002410244939639795
B,nominal,320,0.04335779702540623,0.018654140811389407,0.0013580761316872427,0.0026872071724278897
B,nominal,321,0.05147830272476069,0.01877941455606525,0.0013580761316872427,0.0028639428429532306
B,nominal,322,0.04380517587430823,0.018898873609004316,0.0013580761316872427,0.002702041526991438
B,nominal,323,0.02698806808082417,0.01901489709362128,0.0013580761316872427,0.0023440793290133194
B,nominal,324,0.01792136087961894,0.019126901949946325,0.0013580761316872427,0.00215214898040049
B,nominal,325,0.02472013417796655,0.019233393002447585,0.0013580761316872427,0.002300152760211208
B,nominal,326,0.037573292419510414,0.019333648314505302,0.0013580761316872427,0.002577789367584356
B,nominal,327,0.043000440128183784,0.019515433140787467,0.0013580761316872427,0.002698008257651132
B,nominal,328,0.029584039452038583,0.019604109977033542,0.0013580761316872427,0.002412348881795956
B,nominal,329,0.01317399221020645,0.01968747096692922,0.0013580761316872427,0.002062411333529142
B,nominal,330,0.00960888910953953,0.019768190292248487,0.0013580761316872427,0.0019877288966432616
B,nominal,331,0.0203041761664752,0.019846880357242913,0.0013580761316872427,0.00221865261753511
B,nominal,332,0.030723354779501933,0.01992042448492478,0.0013580761316872427,0.0024435480809419305
B,nominal,333,0.026770452481005666,0.01998762086824775,0.0013580761316872427,0.002360263917808072
B,nominal,334,0.01068525411927624,0.02004747051367391,0.0013580761316872427,0.0020167850787240686
B,nominal,335,-0.0014185330267731469,0.0200994633708366,0.0013580761316872427,0.0017584733012702214
B,nominal,336,0.0023883071809956457,0.020141897140644138,0.0013580761316872427,0.0018409766015440624
B,nominal,337,0.01647587099992567,0.020172396137801238,0.0013580761316872427,0.0021435756845363274
B,nominal,338,0.023984836700983912,0.020188130294735752,0.0013580761316872427,0.0023048561170207404
B,nominal,339,0.015749531385174858,0.02023691478067158,0.0013580761316872427,0.002129390564254253
B,nominal,340,0.0005595211946613641,0.020297146389963088,0.0013580761316872427,0.0018051069012479518
B,nominal,341,-0.004764307582853993,0.02034520403756693,0.0013580761316872427,0.0016920288163304385
B,nominal,342,0.005671874978129815,0.0203783775702968,0.0013580761316872427,0.0019164234513980324
B,nominal,343,0.020142370068589478,0.02039384119826355,0.0013580761316872427,0.002226907820362933
B,nominal,344,0.022398846331483858,0.02038896680622129,0.0013580761316872427,0.0022751674626565748
B,nominal,345,0.009851927245641963,0.020361749754440467,0.0013580761316872427,0.002005660086592988
B,nominal,346,-0.003578824666152151,0.0203111493542796,0.0013580761316872427,0.0017167079194128825
B,nominal,347,-0.003142276386430585,0.020237212403882116,0.0013580761316872427,0.0017244799386456518
B,nominal,348,0.010153344876158188,0.020141018541804938,0.0013580761316872427,0.0020073894765509927
B,nominal,349,0.020674067163371525,0.02031681040868299,0.0013580761316872427,0.0022366528972062438
B,nominal,350,0.015745132010095978,0.02066366379041579,0.0013580761316872427,0.0021384429826927244
B,nominal,351,-6.704273586222032e-05,0.020978169634336883,0.0013580761316872427,0.0018062741533452216
B,nominal,352,-0.010021909487159392,0.0212538829848726,0.0013580761316872427,0.001598816304392001
B,nominal,353,-0.003934340847653237,0.021486426566321066,0.0013580761316872427,0.0017342782432842039
B,nominal,354,0.010465450532643394,0.02167368739690436,0.0013580761316872427,0.002046929396638112
B,nominal,355,0.016295415940388608,0.021815519869938172,0.0013580761316872427,0.0021749257503928063
B,nominal,356,0.006558798240545359,0.02191330620742259,0.0013580761316872427,0.0019683321426604925
B,nominal,357,-0.007934264090913433,0.021969754228611443,0.0013580761316872427,0.0016589053956125256
B,nominal,358,-0.010663290291435753,0.021988101292966068,0.0013580761316872427,0.0016008061342920592
B,nominal,359,0.002071871216866569,0.02197157655138939,0.0013580761316872427,0.0018734106603278454
B,high,0,0.03866578600331897,0.039627506444906806,0.0045269204389574765,0.006205017413585086
B,high,1,0.040445065718596594,0.03947421666905901,0.0045269204389574765,0.00623986802099742
B,high,2,0.028830799109368574,0.0392667659307906,0.0045269204389574765,0.005986487590881326
B,high,3,0.01891534222058538,0.03900721478770513,0.0045269204389574765,0.00576840185631624
B,high,4,0.024085134629763017,0.03871065656197518,0.0045269204389574765,0.005872852177463524
B,high,5,0.04089668162716587,0.038383796212156325,0.0045269204389574765,0.00622617622255063
B,high,6,0.05285058999327458,0.038010184627017864,0.0045269204389574765,0.006474382172074168
B,high,7,0.048832074050295986,0.03759106590686822,0.0045269204389574765,0.006379268260398753
B,high,8,0.035509513892217175,0.037128001763045135,0.0045269204389574765,0.006083794488495848
B,high,9,0.029770700715519093,0.03662366875944372,0.0045269204389574765,0.00594998219896611
B,high,10,0.03969732749426862,0.03608308351790327,0.0045269204389574765,0.006151157643436469
B,high,11,0.055451414237430045,0.035513297897434334,0.0045269204389574765,0.0064766099137273745
B,high,12,0.06031251350180753,0.035226829966058894,0.0045269204389574765,0.006574660139486163
B,high,13,0.049468312480612835,0.03537834918485347,0.0045269204389574765,0.006345478859427862
B,high,14,0.035444814186185586,0.03551782754256691,0.0045269204389574765,0.006047896127588145
B,high,15,0.034085640902318755,0.035636768443695475,0.0045269204389574765,0.006021313643390223
B,high,16,0.04681330613552652,0.035731054749371355,0.0045269204389574765,0.0062961325635480505
B,high,17,0.05909600687092908,0.0358013750348823,0.0045269204389574765,0.006560900675278879
B,high,18,0.05684106783146849,0.03584921228488156,0.0045269204389574765,0.006513594824167311
B,high,19,0.0422904569024181,0.0358765488873401,0.0045269204389574765,0.006202310652215325
B,high,20,0.031559615057893994,0.03588555452232448,0.0045269204389574765,0.005972504492031431
B,high,21,0.036579451437845946,0.03587841302331947,0.0045269204389574765,0.006079943939925528
B,high,22,0.05172202650664334,0.03587618796019392,0.0045269204389574765,0.006404454185245998
B,high,23,0.06013033739866224,0.03589809964280005,0.0045269204389574765,0.006585143112171259
B,high,24,0.05264146433679844,0.035900825436486754,0.0045269204389574765,0.006424688995483651
B,high,25,0.03804795422661632,0.03588662424546103,0.0045269204389574765,0.006111595046126487
B,high,26,0.03317330266346953,0.0358577785883098,0.0045269204389574765,0.006006496083071401
B,high,27,0.043912566348362415,0.03581650441291422,0.0045269204389574765,0.006235791125713233
B,high,28,0.0585387348572064,0.035761935711375245,0.0045269204389574765,0.006548111080430848
B,high,29,0.06079854631434282,0.03569486406077671,0.0045269204389574765,0.006595109104404997
B,high,30,0.04809335896404771,0.035616234285118495,0.0045269204389574765,0.006321107537062032
B,high,31,0.03432854873406972,0.03552874448323585,0.0045269204389574765,0.006024204672867489
B,high,32,0.03423600273983221,0.03543181723047017,0.0045269204389574765,0.006020143603615877
B,high,33,0.04678362486041338,0.035323088918848874,0.0045269204389574765,0.006286752267216698
B,high,34,0.05631042956969363,0.03520212071403774,0.0045269204389574765,0.006488351986534023
B,high,35,0.0501137613980332,0.03506903263408275,0.0045269204389574765,0.006352683342595079
B,high,36,0.0327339524903642,0.03492424847734062,0.0045269204389574765,0.005977070493992301
B,high,37,0.020889634357577874,0.034768911192777585,0.0045269204389574765,0.005719876233503847
B,high,38,0.024749854605610605,0.034607620051188226,0.0045269204389574765,0.005799157121416298
B,high,39,0.03657530466466557,0.0344451633140181,0.0045269204389574765,0.006049135544810607
B,high,40,0.03948262758268174,0.034273247004136136,0.0045269204389574765,0.006107764801672194
B,high,41,0.026481639743861415,0.03408979763527816,0.0045269204389574765,0.005825176555622848
B,high,42,0.00839672278550883,0.033895916409375934,0.0045269204389574765,0.005433398473827262
B,high,43,0.0017681127892601918,0.03369365325014576,0.0045269204389574765,0.005286989155508529
B,high,44,0.010320605243968502,0.03347827393134623,0.0045269204389574765,0.005465682424025093
B,high,45,0.020809820475262163,0.03325947920363763,0.0045269204389574765,0.005685813178988764
B,high,46,0.017910585449222246,0.03307197979349419,0.0045269204389574765,0.005619653747486206
B,high,47,0.001527832900784141,0.032868982648857945,0.0045269204389574765,0.005264163570594181
B,high,48,-0.01329956310986259,0.032650617723933795,0.0045269204389574765,0.004941680697318055
B,high,49,-0.013166117198094272,0.03241711874204901,0.0045269204389574765,0.004939536212790525
B,high,50,-0.0014847662608820098,0.03216838507027574,0.0045269204389574765,0.005184576877773357
B,high,51,0.00526987163685537,0.031904641641109795,0.0045269204389574765,0.005323699272933067
B,high,52,-0.004001203928911146,0.03175130254973151,0.0045269204389574765,0.005121701359328283
B,high,53,-0.02261235305761532,0.03165306749294131,0.0045269204389574765,0.004720694325174168
B,high,54,-0.0336617070365518,0.031538061213302694,0.0045269204389574765,0.0045269204389574765
B,high,55,-0.029058423532352277,0.03140599127870164,0.0045269204389574765,0.004577236963013318
B,high,56,-0.018635391187853376,0.031256703992446316,0.0045269204389574765,0.004797438974721214
B,high,57,-0.019112189664134773,0.031119939962935675,0.0045269204389574765,0.004784288200848785
B,high,58,-0.03529877257352428,0.03101229896372394,0.0045269204389574765,0.0045269204389574765
B,high,59,-0.05466439262841804,0.03088712626713287,0.0045269204389574765,0.0045269204389574765
B,high,60,-0.061358967233884516,0.0313042881427328,0.0045269204389574765,0.0045269204389574765
B,high,61,-0.053956213248916314,0.032193686407895966,0.0045269204389574765,0.0045269204389574765
B,high,62,-0.0469831018519354,0.03309156412839231,0.0045269204389574765,0.0045269204389574765
B,high,63,-0.0545254197354875,0.03399727637789689,0.0045269204389574765,0.0045269204389574765
B,high,64,-0.07432998069038682,0.034910351424348125,0.0045269204389574765,0.0045269204389574765
B,high,65,-0.09026627151593485,0.03582984826863007,0.0045269204389574765,0.0045269204389574765
B,high,66,-0.08769621487451183,0.03668594797553629,0.0045269204389574765,0.0045269204389574765
B,high,67,-0.07764907476556318,0.037775646457613825,0.0045269204389574765,0.0045269204389574765
B,high,68,-0.0742806265627523,0.03888004251566475,0.0045269204389574765,0.0045269204389574765
B,high,69,-0.08670997959383119,0.03999934345486293,0.0045269204389574765,0.0045269204389574765
B,high,70,-0.10609756934541446,0.041133044354715695,0.0045269204389574765,0.0045269204389574765
B,high,71,-0.11560735057105435,0.042280330857612576,0.0045269204389574765,0.0045269204389574765
B,high,72,-0.1093661675295036,0.04344082311974605,0.0045269204389574765,0.0045269204389574765
B,high,73,-0.09911989406650971,0.04461482720198637,0.0045269204389574765,0.0045269204389574765
B,high,74,-0.10110452747246358,0.045802816826604156,0.0045269204389574765,0.0045269204389574765
B,high,75,-0.11787366341521507,0.04700472967811975,0.0045269204389574765,0.0045269204389574765
B,high,76,-0.13288392646342514,0.04784823950202346,0.0045269204389574765,0.0045269204389574765
B,high,77,-0.13696076212640065,0.04921996024968184,0.0045269204389574765,0.0045269204389574765
B,high,78,-0.1279238226022694,0.05045761029274237,0.0045269204389574765,0.0045269204389574765
B,high,79,-0.1217851285598564,0.05170815080905019,0.0045269204389574765,0.0045269204389574765
B,high,80,-0.13119672816075711,0.052971925680020786,0.0045269204389574765,0.0045269204389574765
B,high,81,-0.15154040092192228,0.054248615011040315,0.0045269204389574765,0.0045269204389574765
B,high,82,-0.1629697343045018,0.055195552397964406,0.0045269204389574765,0.0045269204389574765
B,high,83,-0.1615085132837228,0.05650150173363589,0.0045269204389574765,0.0045269204389574765
B,high,84,-0.153294332442367,0.05790148812147385,0.0045269204389574765,0.0045269204389574765
B,high,85,-0.15267105670209064,0.059224090116024586,0.0045269204389574765,0.0045269204389574765
B,high,86,-0.1677425203549407,0.060559301572521686,0.0045269204389574765,0.0045269204389574765
B,high,87,-0.18397384840700498,0.06157796072076803,0.0045269204389574765,0.0045269204389574765
B,high,88,-0.012874541772588842,0.06726149260272553,0.0045269204389574765,0.005692621545570488
B,high,89,-0.001190671740478777,0.06853538308831231,0.0045269204389574765,0.005970351323470369
B,high,90,0.03972017953301652,0.06907966808404166,0.0045269204389574765,0.006858878764083038
B,high,91,0.03734956896418339,0.06906566213610457,0.0045269204389574765,0.0068077681562990384
B,high,92,0.06699020039562578,0.06956961166739883,0.0045269204389574765,0.007453871143326144
B,high,93,0.22654548026574048,0.07044115715051569,0.0045269204389574765,0.010892374773153638
B,high,94,0.21010806779642205,0.06737580408502157,0.0045269204389574765,0.010474362823247678
B,high,95,0.2226148397471116,0.06600682982850242,0.0045269204389574765,0.010713084481644675
B,high,96,0.23030367313790306,0.06464801552561676,0.0045269204389574765,0.010848758759077497
B,high,97,0.22196566226921077,0.06329910761009666,0.0045269204389574765,0.010641134471007103
B,high,98,0.21874354636910262,0.06372055477011124,0.0045269204389574765,0.010581106420164906
B,high,99,0.20246246456021344,0.061709468024278576,0.0045269204389574765,0.010189041764928242
B,high,100,0.20738642640232016,0.0603814267264913,0.0045269204389574765,0.010266114821862383
B,high,101,0.21217067149370433,0.058214462863921554,0.0045269204389574765,0.010322212241890128
B,high,102,0.2125694301794524,0.056919816987757645,0.0045269204389574765,0.010303010270216266
B,high,103,0.20837103350235486,0.05728558918829619,0.0045269204389574765,0.010220863826531442
B,high,104,0.1891794389266983,0.05600081162832447,0.0045269204389574765,0.009781984108260946
B,high,105,0.1826259238063521,0.0547296272546795,0.0045269204389574765,0.009614273642426088
B,high,106,0.19021705895213473,0.05347168518918869,0.0045269204389574765,0.009750015949531107
B,high,107,0.1943280569610325,0.05160180803847107,0.0045269204389574765,0.009798050947348756
B,high,108,0.1873096882593851,0.050371852692114985,0.0045269204389574765,0.009621260737129201
B,high,109,0.16445619932059663,0.048359153350993014,0.0045269204389574765,0.00908829202399669
B,high,110,0.14916478095972266,0.047160249199438196,0.0045269204389574765,0.00873484718276665
B,high,111,0.15732192855656243,0.047551702340089194,0.0045269204389574765,0.008918073364554432
B,high,112,0.16772668025263504,0.04637201755264863,0.0045269204389574765,0.009115798564070722
B,high,113,0.17154372154218372,0.0452058854334855,0.0045269204389574765,0.009172616747592361
B,high,114,0.15958002519009262,0.044053159173013154,0.0045269204389574765,0.008891486290361492
B,high,115,0.14059658869215985,0.042940440088514886,0.0045269204389574765,0.00846075593237043
B,high,116,0.13143451024870387,0.04195370899800351,0.0045269204389574765,0.008243231722537452
B,high,117,0.1380548096303094,0.04097411527371687,0.0045269204389574765,0.008364131620885337
B,high,118,0.14877981059682527,0.040001759688264665,0.0045269204389574765,0.008573164658030905
B,high,119,0.14735028658055807,0.03903628589404802,0.0045269204389574765,0.008521831543094266
B,high,120,0.1299587037431717,0.03754615014444991,0.0045269204389574765,0.008117130784628378
B,high,121,0.11292288083784682,0.03660829927748622,0.0045269204389574765,0.007731892577917803
B,high,122,0.10973573349864106,0.03567654418098431,0.0045269204389574765,0.00764361020403861
B,high,123,0.11826448434226247,0.034110516198291654,0.0045269204389574765,0.0077928455191305325
B,high,124,0.12530614383674865,0.033254637283439935,0.0045269204389574765,0.00792542826475027
B,high,125,0.1209531713564949,0.03354710076101064,0.0045269204389574765,0.007838397464795643
B,high,126,0.10133967290316215,0.032705246694130406,0.0045269204389574765,0.007399968269832231
B,high,127,0.08749387377529629,0.03187321917509385,0.0045269204389574765,0.007085371505280996
B,high,128,0.08960378797437354,0.031053686108936867,0.0045269204389574765,0.007113028851236934
B,high,129,0.09995015275519893,0.030866205474561377,0.0045269204389574765,0.00733076899497943
B,high,130,0.10165222971111611,0.030915583364801942,0.0045269204389574765,0.007368308750769849
B,high,131,0.08770563083910113,0.030959434736536146,0.0045269204389574765,0.007070324622248741
B,high,132,0.06892233385133127,0.030996652997857147,0.0045269204389574765,0.006668531096733292
B,high,133,0.06184895161386741,0.031026841393332595,0.0045269204389574765,0.006517571009242112
B,high,134,0.07022971572155849,0.031052024889291964,0.0045269204389574765,0.006697739639292919
B,high,135,0.08083256558687696,0.031246932628537772,0.0045269204389574765,0.006929173058457963
B,high,136,0.07832463573957367,0.031492363682919834,0.0045269204389574765,0.00688067985730653
B,high,137,0.062487507885953954,0.03173562531070975,0.0045269204389574765,0.006546449185456613
B,high,138,0.048435979339645996,0.03196687076795973,0.0045269204389574765,0.006250232555461372
B,high,139,0.04959698430665453,0.03219063606316438,0.0045269204389574765,0.006279912988036243
B,high,140,0.06257136246070762,0.03240538505495628,0.0045269204389574765,0.0065626017557369664
B,high,141,0.07088724347823849,0.032609793544478155,0.0045269204389574765,0.006745221129602123
B,high,142,0.06343427569150623,0.03280556581634624,0.0045269204389574765,0.006589674243566797
B,high,143,0.04687778762817794,0.033001063461264565,0.0045269204389574765,0.006239001437959587
B,high,144,0.03811383397653183,0.03319227667517682,0.0045269204389574765,0.006055257858618584
B,high,145,0.04524469791060757,0.033374161423242406,0.0045269204389574765,0.006211995441826345
B,high,146,0.05844792050956428,0.03354545539643643,0.0045269204389574765,0.006498657748328205
B,high,147,0.060997671628389594,0.033705682959993696,0.0045269204389574765,0.006556741996493126
B,high,148,0.04805955767786441,0.033854664754756604,0.0045269204389574765,0.0062826265096155055
B,high,149,0.032146850542469234,0.03399274045912579,0.0045269204389574765,0.005944521412071224
B,high,150,0.029107262226190613,0.034122157856092274,0.0045269204389574765,0.005882146349500234
B,high,151,0.04037733984811877,0.0342437469292345,0.0045269204389574765,0.0061263093016408025
B,high,152,0.051432906016913464,0.03435467190636256,0.0045269204389574765,0.0063656459602896955
B,high,153,0.048170721471097744,0.03445390172642223,0.0045269204389574765,0.006297852863458505
B,high,154,0.03281091499381335,0.03454479089371234,0.0045269204389574765,0.005970586974612605
B,high,155,0.021455765414338267,0.03463571979806662,0.0045269204389574765,0.0057291556329819296
B,high,156,0.02606157508292266,0.03471398002116819,0.0045269204389574765,0.005829551506860658
B,high,157,0.0410194564797878,0.03477736249197787,0.0045269204389574765,0.006151509322954511
B,high,158,0.04947542026353052,0.03482376936484483,0.0045269204389574765,0.006333744633667167
B,high,159,0.04225063317700104,0.03489697670570954,0.0045269204389574765,0.006180461460106108
B,high,160,0.02812182420132055,0.03497729084337434,0.0045269204389574765,0.005879353460320106
B,high,161,0.023912719493379288,0.03504393457108961,0.0045269204389574765,0.005790566145071779
B,high,162,0.03553409270912036,0.03509488748595926,0.0045269204389574765,0.0060407446029466655
B,high,163,0.05127101494393822,0.035128117155266765,0.0045269204389574765,0.006378753688683235
B,high,164,0.05486450832862958,0.03514145531573838,0.0045269204389574765,0.0064560606062321665
B,high,165,0.043698305736449776,0.035133483868106524,0.0045269204389574765,0.006216559276503693
B,high,166,0.0316695504900452,0.03510346441118879,0.0045269204389574765,0.005958097884542909
B,high,167,0.033522726231103486,0.03505184299686527,0.0045269204389574765,0.005996711446072719
B,high,168,0.048249204316470916,0.034979799751736,0.0045269204389574765,0.0063108068430256965
B,high,169,0.06020079526751358,0.03530555123676865,0.0045269204389574765,0.006573952900040343
B,high,170,0.056667656361300785,0.03589526137962584,0.0045269204389574765,0.006510865006449902
B,high,171,0.04217517643351035,0.036452175351149724,0.0045269204389574765,0.006212177464520321
B,high,172,0.03343823822813701,0.03696985016491006,0.0045269204389574765,0.0060360101250224426
B,high,173,0.04063658665528918,0.037443398548674296,0.0045269204389574765,0.006200445499056144
B,high,174,0.05603893156456795,0.03786986055220159,0.0045269204389574765,0.00653971176519139
B,high,175,0.06274828668658394,0.038247443771173145,0.0045269204389574765,0.006691609449111734
B,high,176,0.05373957576598314,0.0385748757227042,0.0045269204389574765,0.0065055395123604105
B,high,177,0.039799945960389,0.03885209507884121,0.0045269204389574765,0.006212706640930003
B,high,178,0.03744797460197035,0.039078932738495505,0.0045269204389574765,0.006167157650472948
B,high,179,0.050397820781704114,0.039254468738234315,0.0045269204389574765,0.006448480142316924
B,high,180,0.06538631987643362,0.03937672234730422,0.0045269204389574765,0.006772356014740609
B,high,181,0.06704926825184267,0.03944260065588792,0.0045269204389574765,0.006809410770484623
B,high,182,0.05513758819438182,0.039447930476934484,0.0045269204389574765,0.0065542163638399415
B,high,183,0.044737397543729115,0.039389330521739464,0.0045269204389574765,0.00633004818384492
B,high,184,0.0492505069592464,0.0392806794376042,0.0045269204389574765,0.0064244510115923055
B,high,185,0.06525766732559615,0.039097842550865326,0.0045269204389574765,0.00676362118219439
B,high,186,0.07627308774764775,0.0388359714907324,0.0045269204389574765,0.006994107065294499
B,high,187,0.07117950537708617,0.038492636658193635,0.0045269204389574765,0.006877575060769885
B,high,188,0.05664297390288565,0.03806795357908839,0.0045269204389574765,0.00655690430988456
B,high,189,0.049568179535048315,0.037565508129700664,0.0045269204389574765,0.006394497763733474
B,high,190,0.058073475844398884,0.03699317060712418,0.0045269204389574765,0.006564528601927363
B,high,191,0.0723585172239184,0.03636281646228689,0.0045269204389574765,0.00685719593806167
B,high,192,0.0757235033465518,0.036066396083651274,0.0045269204389574765,0.006922965951436108
B,high,193,0.06336157126873541,0.03629802692109775,0.0045269204389574765,0.0066629714975530085
B,high,194,0.04781271359815887,0.036489340318643385,0.0045269204389574765,0.00633380602530869
B,high,195,0.04494855236645807,0.03663820720746509,0.0045269204389574765,0.006275607844091288
B,high,196,0.056225150377191224,0.03674471136330352,0.0045269204389574765,0.006519587228662868
B,high,197,0.0671325274986859,0.03681094132813511,0.0045269204389574765,0.006754789712509023
B,high,198,0.06357650677520311,0.03684044493216129,0.0045269204389574765,0.006679204211834799
B,high,199,0.04778623004610283,0.03683763308275715,0.0045269204389574765,0.006340703513564385
B,high,200,0.03587412863341428,0.03680731086052875,0.0045269204389574765,0.00608473592879679
B,high,201,0.039785043336833886,0.0367543301602569,0.0045269204389574765,0.0061674248434733115
B,high,202,0.05390736479054659,0.03672135614548502,0.0045269204389574765,0.006469408456276398
B,high,203,0.06138372360728136,0.03674731790543069,0.0045269204389574765,0.006630209223094823
B,high,204,0.05303244320793019,0.03674593142695193,0.0045269204389574765,0.00645118258390951
B,high,205,0.03762712525057578,0.036722032515887494,0.0045269204389574765,0.0061204809192057456
B,high,206,0.03199003448383993,0.03667979192500942,0.0045269204389574765,0.005998753138049755
B,high,207,0.042030435763326775,0.036622341552491396,0.0045269204389574765,0.006212722421892536
B,high,208,0.056031239940374254,0.036550648239739,0.0045269204389574765,0.006511271608798724
B,high,209,0.05773006463040225,0.03646643864813838,0.0045269204389574765,0.006545878413891903
B,high,210,0.04450689890799923,0.036371571170522025,0.0045269204389574765,0.006260426742080788
B,high,211,0.0302544031158865,0.036271377430282845,0.0045269204389574765,0.00595279879428518
B,high,212,0.029711702846205994,0.036165285903695096,0.0045269204389574765,0.005938892934454328
B,high,213,0.041863004247692445,0.03604837674120945,0.0045269204389574765,0.006196831725585174
B,high,214,0.051051739947374816,0.03591954803304705,0.0045269204389574765,0.006391016974889014
B,high,215,0.044560504743648456,0.03577882091390207,0.0045269204389574765,0.006248871006034605
B,high,216,0.02691016049757863,0.035626662401057,0.0045269204389574765,0.005867301588190921
B,high,217,0.014815110383750756,0.03546418873216057,0.0045269204389574765,0.005604580313698374
B,high,218,0.018458392088033293,0.03529371903219705,0.0045269204389574765,0.005679014727371192
B,high,219,0.030115461720006963,0.03511754552890483,0.0045269204389574765,0.005925090175945469
B,high,220,0.03290025534255006,0.03493150059697742,0.0045269204389574765,0.005980790379362301
B,high,221,0.01980408615140304,0.03473427498783467,0.0045269204389574765,0.005695866793965143
B,high,222,0.0016362637318847436,0.03452584606823518,0.0045269204389574765,0.005301999952848935
B,high,223,-0.005058230461744045,0.03430672585879897,0.0045269204389574765,0.0051538172024403065
B,high,224,0.003462987721117865,0.03407440735038935,0.0045269204389574765,0.005331477089152675
B,high,225,0.013965301405830228,0.03383829954950747,0.0045269204389574765,0.005551517510188136
B,high,226,0.011113471570778199,0.033632028218212075,0.0045269204389574765,0.005485971789030142
B,high,227,-0.005311772000644205,0.033410908216516974,0.0045269204389574765,0.005129182446327863
B,high,228,-0.020194722643933564,0.03317496532199815,0.0045269204389574765,0.004805132087578544
B,high,229,-0.020106997031300606,0.03292420013096802,0.0045269204389574765,0.0048016375835834065
B,high,230,-0.008447144209031728,0.03265872839001633,0.0045269204389574765,0.005045858714441543
B,high,231,-0.001687185685164188,0.032380170041264734,0.0045269204389574765,0.005184777613942485
B,high,232,-0.010936820817640995,0.032218018879023355,0.0045269204389574765,0.00498305036997133
B,high,233,-0.029527913142050194,0.03209804243740885,0.0045269204389574765,0.004582007229410122
B,high,234,-0.04055988088127222,0.03196165769869947,0.0045269204389574765,0.0045269204389574765
B,high,235,-0.03447910692931871,0.03184778054693176,0.0045269204389574765,0.0045269204389574765
B,high,236,-0.024010559634315372,0.03168057957869204,0.0045269204389574765,0.004691315585227552
B,high,237,-0.024432404505827756,0.0315254456008309,0.0045269204389574765,0.004678948926076027
B,high,238,-0.0405568729153545,0.03139882277501673,0.0045269204389574765,0.0045269204389574765
B,high,239,-0.05985090567897705,0.031253325319690224,0.0045269204389574765,0.0045269204389574765
B,high,240,-0.0664648507859024,0.031526976669032813,0.0045269204389574765,0.0045269204389574765
B,high,241,-0.05897283902051878,0.032405478804015314,0.0045269204389574765,0.0045269204389574765
B,high,242,-0.051902243812720385,0.03329205740608289,0.0045269204389574765,0.0045269204389574765
B,high,243,-0.05933924022596578,0.03418658654948624,0.0045269204389574765,0.0045269204389574765
B,high,244,-0.0790310188672567,0.0350886576641956,0.0045269204389574765,0.0045269204389574765
B,high,245,-0.09484743446469152,0.03599733516982918,0.0045269204389574765,0.0045269204389574765
B,high,246,-0.09231775605846183,0.03685229738413919,0.0045269204389574765,0.0045269204389574765
B,high,247,-0.08213628269637609,0.03793261641469508,0.0045269204389574765,0.0045269204389574765
B,high,248,-0.0786259144853241,0.03902778748107628,0.0045269204389574765,0.0045269204389574765
B,high,249,-0.09090755836536127,0.040137999596942205,0.0045269204389574765,0.0045269204389574765
B,high,250,-0.11014345707042948,0.04126272970350089,0.0045269204389574765,0.0045269204389574765
B,high,251,-0.11949772594152532,0.04240114575350104,0.0045269204389574765,0.0045269204389574765
B,high,252,-0.11309590797395805,0.04355285076373162,0.0045269204389574765,0.0045269204389574765
B,high,253,-0.10268293381772495,0.04471813456790533,0.0045269204389574765,0.0045269204389574765
B,high,254,-0.10449562548732524,0.04589745634647737,0.0045269204389574765,0.0045269204389574765
B,high,255,-0.12041573171132042,0.046990235862984356,0.0045269204389574765,0.0045269204389574765
B,high,256,-0.13658218617423382,0.0481013543031902,0.0045269204389574765,0.0045269204389574765
B,high,257,-0.14015487503633614,0.0493183450674133,0.0045269204389574765,0.0045269204389574765
B,high,258,-0.1309293306679843,0.050547784579963013,0.0045269204389574765,0.0045269204389574765
B,high,259,-0.12459276929543568,0.05179012838614633,0.0045269204389574765,0.0045269204389574765
B,high,260,-0.13380196758995694,0.053045720979370076,0.0045269204389574765,0.0045269204389574765
B,high,261,-0.1532663606021672,0.05423637612699817,0.0045269204389574765,0.0045269204389574765
B,high,262,-0.165207193280111,0.055256048596855165,0.0045269204389574765,0.0045269204389574765
B,high,263,-0.1652249880237375,0.056697655444815115,0.0045269204389574765,0.0045269204389574765
B,high,264,-0.15557334967480535,0.05800021566038966,0.0045269204389574765,0.0045269204389574765
B,high,265,-0.15403976026913063,0.05924930569397199,0.0045269204389574765,0.0045269204389574765
B,high,266,-0.1660731691152534,0.06031515899142083,0.0045269204389574765,0.0045269204389574765
B,high,267,-0.1880501947409353,0.061798935124842067,0.0045269204389574765,0.0045269204389574765
B,high,268,-0.024263427073521623,0.0679209864397015,0.0045269204389574765,0.0054626534500638695
B,high,269,-0.005869617528204074,0.06867227449767578,0.0045269204389574765,0.005872999334908087
B,high,270,-0.12089657550547371,0.06502669039127038,0.0045269204389574765,0.0045269204389574765
B,high,271,0.07882924240796094,0.07031270225220772,0.0045269204389574765,0.007723549911269046
B,high,272,0.08319909680731456,0.06999492555646959,0.0045269204389574765,0.007810399999223769
B,high,273,0.22701177818957335,0.07040533051553717,0.0045269204389574765,0.010901601266827644
B,high,274,0.21075562382262736,0.06734794013446875,0.0045269204389574765,0.010487644975074933
B,high,275,0.2234528900816986,0.06598739113279091,0.0045269204389574765,0.010730630170063647
B,high,276,0.231333913168969,0.06463704712565793,0.0045269204389574765,0.010870605287522012
B,high,277,0.23877110558302406,0.06511737408477075,0.0045269204389574765,0.011040305205499716
B,high,278,0.22042518813503903,0.0637648323960398,0.0045269204389574765,0.010618098862548843
B,high,279,0.2095704183369878,0.06242537861270964,0.0045269204389574765,0.010356734331054902
B,high,280,0.2143929582417341,0.06109932839682455,0.0045269204389574765,0.010431676239681041
B,high,281,0.2144516607667552,0.058283323429352996,0.0045269204389574765,0.010372577679100398
B,high,282,0.21504014825976242,0.056997107848306014,0.0045269204389574765,0.010357622944703113
B,high,283,0.19986711522973558,0.05572194444681206,0.0045269204389574765,0.010005081011585811
B,high,284,0.18139436981598533,0.05445850087915354,0.0045269204389574765,0.00958206598712146
B,high,285,0.1861062608702961,0.05487904635040512,0.0045269204389574765,0.009692071914023945
B,high,286,0.19389619605266142,0.05362978595637059,0.0045269204389574765,0.009832261274199073
B,high,287,0.20133247514865885,0.05239388829142059,0.0045269204389574765,0.009965156966736955
B,high,288,0.19428959763620912,0.05117099917637331,0.0045269204389574765,0.009787992901504254
B,high,289,0.1749497295930333,0.04996127004068869,0.0045269204389574765,0.009347543716429225
B,high,290,0.15942001399020142,0.0487652879291441,0.0045269204389574765,0.008989053967750031
B,high,291,0.15969728849621806,0.047583520268557875,0.0045269204389574765,0.008969667540397288
B,high,292,0.16514877874087536,0.045010205587467766,0.0045269204389574765,0.009031356831454541
B,high,293,0.16946062753599192,0.043860307633111564,0.0045269204389574765,0.009099128411546285
B,high,294,0.1579654201738872,0.042723559994752115,0.0045269204389574765,0.008828381776591206
B,high,295,0.13941016669987166,0.04163266421774869,0.0045269204389574765,0.008407296616032673
B,high,296,0.13711948429563384,0.04223924744960692,0.0045269204389574765,0.008371200526089695
B,high,297,0.1438896957784891,0.041273598284850326,0.0045269204389574765,0.008495612441343866
B,high,298,0.1547395338737233,0.04031526088528298,0.0045269204389574765,0.008707621629779798
B,high,299,0.15341497583527774,0.0393639998207019,0.0045269204389574765,0.00865884292815457
B,high,300,0.13729304357548072,0.03841999867218098,0.0045269204389574765,0.008293060747763668
B,high,301,0.12026952951039681,0.037483913572816135,0.0045269204389574765,0.007908124208745133
B,high,302,0.11710236494922523,0.03655640097637403,0.0045269204389574765,0.007820361066649503
B,high,303,0.1268013301540298,0.03563765452608891,0.0045269204389574765,0.008008551626374287
B,high,304,0.1337247173539062,0.03479473489448537,0.0045269204389574765,0.008138877148670945
B,high,305,0.12515266697144253,0.034003930597645796,0.0045269204389574765,0.007938198679035672
B,high,306,0.10559796119007825,0.033224847120985335,0.0045269204389574765,0.007502375006667172
B,high,307,0.0917783541937755,0.032458276820222405,0.0045269204389574765,0.007189742605752699
B,high,308,0.09389515344971383,0.031730676820424006,0.0045269204389574765,0.007219517967038277
B,high,309,0.10424306653346829,0.0317849471609985,0.0045269204389574765,0.0074424728586777004
B,high,310,0.10594041406423267,0.03184464590249324,0.0045269204389574765,0.007480132458134557
B,high,311,0.09196795749117209,0.031889893564557466,0.0045269204389574765,0.007181624036688305
B,high,312,0.07312534149712752,0.031920954263263565,0.0045269204389574765,0.006778427121064624
B,high,313,0.0659629150836009,0.03193822953335951,0.0045269204389574765,0.006625281734759954
B,high,314,0.07424017867621022,0.03195350775244511,0.0045269204389574765,0.006803019685113498
B,high,315,0.0847343281929699,0.03216335317561961,0.0045269204389574765,0.007032443444971483
B,high,316,0.08210481600888314,0.032429464769016474,0.0045269204389574765,0.006981787568113418
B,high,317,0.06611653246802614,0.032695679272625844,0.0045269204389574765,0.00664480906508599
B,high,318,0.051510302938991885,0.032579295617861076,0.0045269204389574765,0.0063292523696170475
B,high,319,0.05251930264753904,0.03284003912922074,0.0045269204389574765,0.006356467373473075
B,high,320,0.0653241166374488,0.03309004141787464,0.0045269204389574765,0.006636277393161082
B,high,321,0.07345606745680992,0.03332897317741477,0.0045269204389574765,0.006815694458038081
B,high,322,0.06579173890903059,0.03355763861624111,0.0045269204389574765,0.0066563223920882994
B,high,323,0.048980813923405746,0.03378033883360066,0.0045269204389574765,0.006300779165745164
B,high,324,0.03991755648893434,0.033996072337305214,0.0045269204389574765,0.006111146022510278
B,high,325,0.046717088415152624,0.03420216529169096,0.0045269204389574765,0.006261300876775626
B,high,326,0.05956863689353337,0.03439727825795681,0.0045269204389574765,0.006540936110071377
B,high,327,0.06458073383928897,0.034823884105366985,0.0045269204389574765,0.0066575063859879964
B,high,328,0.05117299741172017,0.03499705939849535,0.0045269204389574765,0.0063738438102326715
B,high,329,0.03476982007927123,0.035160856822096964,0.0045269204389574765,0.00602577753989558
B,high,330,0.031209770118815868,0.03532010997354375,0.0045269204389574765,0.005952886661787543
B,high,331,0.041908449869737366,0.03547590283317873,0.0045269204389574765,0.006185535680360855
B,high,332,0.05232968871458287,0.035622566747628245,0.0045269204389574765,0.006412042512478805
B,high,333,0.048377817281143425,0.03575788133917082,0.0045269204389574765,0.00633024045396764
B,high,334,0.032292739059004566,0.035880031351542475,0.0045269204389574765,0.005988099502969545
B,high,335,0.020188146103421824,0.03598811443401102,0.0045269204389574765,0.0057309726624106844
B,high,336,0.023993297495174544,0.036079071194409985,0.0045269204389574765,0.005814479781584031
B,high,337,0.03807850366638862,0.03614858863656607,0.0045269204389574765,0.006117864632693645
B,high,338,0.045584742864630795,0.03619151121706519,0.0045269204389574765,0.006279669369034979
B,high,339,0.03734655115085513,0.036293864903635384,0.0045269204389574765,0.006105290124624711
B,high,340,0.022153544773990765,0.036416765028160936,0.0045269204389574765,0.005782285446719645
B,high,341,0.016826608476381635,0.03651771278264157,0.0045269204389574765,0.005670274375407733
B,high,342,0.02725966973580898,0.03659182418611177,0.0045269204389574765,0.0058954795507956265
B,high,343,0.04172725174582308,0.036633969109844886,0.0045269204389574765,0.006206473355102623
B,high,344,0.04398125244153202,0.03663936581756945,0.0045269204389574765,0.006254900082713937
B,high,345,0.03143241320010357,0.03660438669337024,0.0045269204389574765,0.00598518518290196
B,high,346,0.018000312485805213,0.036527175574967,0.0045269204389574765,0.005695633746158527
B,high,347,0.018436111143483383,0.036407839138302416,0.0045269204389574765,0.0057024166298393734
B,high,348,0.03173170372976028,0.036249243161911034,0.0045269204389574765,0.005983988059235067
B,high,349,0.042253297814599064,0.03660397868358746,0.0045269204389574765,0.006217105549086646
B,high,350,0.03732627130603386,0.037260816434525494,0.0045269204389574765,0.006125580584288395
B,high,351,0.021517088052298367,0.03785541706242961,0.0045269204389574765,0.005799479276293038
B,high,352,0.011566301636481103,0.03837615314613509,0.0045269204389574765,0.0055973605706150596
B,high,353,0.017659083120999626,0.03881512418489404,0.0045269204389574765,0.005737358695685307
B,high,354,0.03206531566271751,0.039168473503855994,0.0045269204389574765,0.006053707758199878
B,high,355,0.03790304402326706,0.039435871473438154,0.0045269204389574765,0.006184561803341589
B,high,356,0.02817555205542882,0.03961977466986288,0.0045269204389574765,0.005980009574873365
B,high,357,0.013692976857940142,0.03972508516042252,0.0045269204389574765,0.00567185489579824
B,high,358,0.010975801636951927,0.03975768602323356,0.0045269204389574765,0.005614315150466939
B,high,359,0.023724203615601753,0.039723424738607425,0.0045269204389574765,0.005886823310061068
