prototype,scenario,crank_deg,load_torque_nm,journal_friction_nm,input_equivalent_bearing_drag_nm,required_input_nm
A,low,0,-0.004767420190886622,0.009824265043439459,0.0006079922027290448,0.001593731940068779
A,low,1,-0.0036756614386645988,0.009780063520001095,0.0006079922027290448,0.0017979341289154963
A,low,2,-0.0025357656062073523,0.009722829862104541,0.0006079922027290448,0.0020089793871144617
A,low,3,-0.001375642791916941,0.009653722889533034,0.0006079922027290448,0.0022216530404709734
A,low,4,-0.00022748739083587567,0.009572911092449371,0.0006079922027290448,0.0024297122225367435
A,low,5,0.000887389755137709,0.009480480461449827,0.0006079922027290448,0.002629019535397181
A,low,6,0.001950945866366217,0.0093764798320052,0.0006079922027290448,0.0028160673875967674
A,low,7,0.0029491097976505004,0.009261241275754601,0.0006079922027290448,0.0029881775971549907
A,low,8,0.00387214950045658,0.009135188512639768,0.0006079922027290448,0.0031435356750675143
A,low,9,0.004714756513158831,0.008999081443179765,0.0006079922027290448,0.0032812549622492394
A,low,10,0.0054757651199031825,0.008854282831632298,0.0006079922027290448,0.0034013738696950257
A,low,11,0.006157486033430914,0.008702623951165172,0.0006079922027290448,0.003504699802065514
A,low,12,0.0067646901070565,0.008622963540975423,0.0006079922027290448,0.0036075348241777633
A,low,13,0.0073034068662546124,0.008653177334645514,0.0006079922027290448,0.0037184374660624033
A,low,14,0.007779677887648241,0.008677406209775177,0.0006079922027290448,0.0038160007987180157
A,low,15,0.008198478599042122,0.008695349465881538,0.0006079922027290448,0.0039011360750338523
A,low,16,0.008562940477414528,0.008706977246283552,0.0006079922027290448,0.0039744478993563506
A,low,17,0.008873951680658873,0.008712514449820798,0.0006079922027290448,0.0040361532418089026
A,low,18,0.009130125653452843,0.008712388312749944,0.0006079922027290448,0.0040860651006243255
A,low,19,0.009328062628567595,0.008707159630129054,0.0006079922027290448,0.004123630069921374
A,low,20,0.009462789955132878,0.008697449098587825,0.0006079922027290448,0.004147999815540098
A,low,21,0.00952827772656312,0.008683878327601674,0.0006079922027290448,0.004158120088531149
A,low,22,0.009517940542301446,0.008672310914072159,0.0006079922027290448,0.004153850186427603
A,low,23,0.009425061150074784,0.008668095745475226,0.0006079922027290448,0.0041349233714522435
A,low,24,0.009243134131644083,0.008659206421641476,0.0006079922027290448,0.004097727203369505
A,low,25,0.008966076659186573,0.008646279370240446,0.0006079922027290448,0.004041200005736261
A,low,26,0.008588393451417214,0.00862995429288944,0.0006079922027290448,0.00396439527179467
A,low,27,0.00810523264703386,0.008610852462726633,0.0006079922027290448,0.003866488325489375
A,low,28,0.0075124168744136865,0.008588737384607179,0.0006079922027290448,0.0037466187639416896
A,low,29,0.006806425064026695,0.008563832084618032,0.0006079922027290448,0.003604143693692929
A,low,30,0.005984359280847039,0.008536400894765234,0.0006079922027290448,0.003438549741834751
A,low,31,0.005043887024007069,0.008507194629418326,0.0006079922027290448,0.003249528587412358
A,low,32,0.00398319597085009,0.008476052881978034,0.0006079922027290448,0.0030366956828125
A,low,33,0.0028010776777329448,0.008442313566822058,0.0006079922027290448,0.0027996864024473693
A,low,34,0.0014966132582645204,0.008405853637781954,0.0006079922027290448,0.0025382976405548684
A,low,35,0.00010265587184362057,0.008365754755701666,0.0006079922027290448,0.002258754508293428
A,low,36,-0.0014064969536930552,0.008322977900136903,0.0006079922027290448,0.001956234102620633
A,low,37,-0.0030338048636258195,0.008277884252997466,0.0006079922027290448,0.0016302299004623095
A,low,38,-0.00477882382630245,0.008231698335824197,0.0006079922027290448,0.0012810671558521924
A,low,39,-0.006640674305432739,0.008185692270163832,0.0006079922027290448,0.0009091652952692189
A,low,40,-0.008616386573185935,0.008137457442697515,0.0006079922027290448,0.0006079922027290448
A,low,41,-0.010706537950798173,0.008086405016973023,0.0006079922027290448,0.0006079922027290448
A,low,42,-0.012909633997283407,0.00803278008133834,0.0006079922027290448,0.0006079922027290448
A,low,43,-0.015223431371194857,0.00797707877697798,0.0006079922027290448,0.0006079922027290448
A,low,44,-0.017647296845793078,0.007917957510098505,0.0006079922027290448,0.0006079922027290448
A,low,45,-0.020179395705583112,0.007857347504684803,0.0006079922027290448,0.0006079922027290448
A,low,46,-0.02281772609969322,0.007802110265147639,0.0006079922027290448,0.0006079922027290448
A,low,47,-0.0255601206760304,0.007743056847168589,0.0006079922027290448,0.0006079922027290448
A,low,48,-0.028404242768403285,0.007680215671276397,0.0006079922027290448,0.0006079922027290448
A,low,49,-0.03134758604826638,0.007614509239436475,0.0006079922027290448,0.0006079922027290448
A,low,50,-0.034387466547728125,0.00757990656651668,0.0006079922027290448,0.0006079922027290448
A,low,51,-0.037521019800049016,0.007544133173341289,0.0006079922027290448,0.0006079922027290448
A,low,52,-0.04074519513542687,0.007503934258277042,0.0006079922027290448,0.0006079922027290448
A,low,53,-0.04405674844728436,0.007459299486455368,0.0006079922027290448,0.0006079922027290448
A,low,54,-0.047452237308175715,0.00741024403529978,0.0006079922027290448,0.0006079922027290448
A,low,55,-0.05092801563673096,0.007356847519957564,0.0006079922027290448,0.0006079922027290448
A,low,56,-0.05448022821478949,0.007301178093040357,0.0006079922027290448,0.0006079922027290448
A,low,57,-0.05810480689898265,0.0074502126322793065,0.0006079922027290448,0.0006079922027290448
A,low,58,-0.06179746866678293,0.007663300407991066,0.0006079922027290448,0.0006079922027290448
A,low,59,-0.06555371090825643,0.007878447756696348,0.0006079922027290448,0.0006079922027290448
A,low,60,-0.06936881569185617,0.008095440273813108,0.0006079922027290448,0.0006079922027290448
A,low,61,-0.07323784729108554,0.008314176133763887,0.0006079922027290448,0.0006079922027290448
A,low,62,-0.07715565711037203,0.008534569594700227,0.0006079922027290448,0.0006079922027290448
A,low,63,-0.08111688839512686,0.008756538841133971,0.0006079922027290448,0.0006079922027290448
A,low,64,-0.0851159840173427,0.00898000313474847,0.0006079922027290448,0.0006079922027290448
A,low,65,-0.08914719319981768,0.009204881899791724,0.0006079922027290448,0.0006079922027290448
A,low,66,-0.09080742461060498,0.009415983792623614,0.0006079922027290448,0.0006079922027290448
A,low,67,-0.09491457818477814,0.00968596924074066,0.0006079922027290448,0.0006079922027290448
A,low,68,-0.09903687865089605,0.009959348226901301,0.0006079922027290448,0.0006079922027290448
A,low,69,-0.10316797776477829,0.010236077715988919,0.0006079922027290448,0.0006079922027290448
A,low,70,-0.10730141174647852,0.010516114775102236,0.0006079922027290448,0.0006079922027290448
A,low,71,-0.11143062759029099,0.010799416513496847,0.0006079922027290448,0.0006079922027290448
A,low,72,-0.1155490025194306,0.011085940019139057,0.0006079922027290448,0.0006079922027290448
A,low,73,-0.11964987105812135,0.0113756422710812,0.0006079922027290448,0.0006079922027290448
A,low,74,-0.12372655321283287,0.011668479950649168,0.0006079922027290448,0.0006079922027290448
A,low,75,-0.12777238352813974,0.011964409147234399,0.0006079922027290448,0.0006079922027290448
A,low,76,-0.13038615797590453,0.012204909709572451,0.0006079922027290448,0.0006079922027290448
A,low,77,-0.13370917085608708,0.012509057635656452,0.0006079922027290448,0.0006079922027290448
A,low,78,-0.13767063231214297,0.012813468495759768,0.0006079922027290448,0.0006079922027290448
A,low,79,-0.1415771861466709,0.01312080440528807,0.0006079922027290448,0.0006079922027290448
A,low,80,-0.14542277905517692,0.013431019538805293,0.0006079922027290448,0.0006079922027290448
A,low,81,-0.1492015785492808,0.013744068932274098,0.0006079922027290448,0.0006079922027290448
A,low,82,-0.15126825246901981,0.014007955752301975,0.0006079922027290448,0.0006079922027290448
A,low,83,-0.1548675982952521,0.014327794822880636,0.0006079922027290448,0.0006079922027290448
A,low,84,-0.15838507931204138,0.014638790275304467,0.0006079922027290448,0.0006079922027290448
A,low,85,-0.161907329346831,0.014962356415540216,0.0006079922027290448,0.0006079922027290448
A,low,86,-0.16534055103946813,0.015288579394749986,0.0006079922027290448,0.0006079922027290448
A,low,87,-0.16680502402662847,0.01556881773579348,0.0006079922027290448,0.0006079922027290448
A,low,88,-0.053446313300128535,0.01629814702383591,0.0006079922027290448,0.0006079922027290448
A,low,89,-0.008244661169389104,0.01652323972295576,0.0006079922027290448,0.002221750205373617
A,low,90,-0.010213676012948654,0.016710599314633253,0.0006079922027290448,0.001874448986683158
A,low,91,-0.018774437561496528,0.016743769561468967,0.0006079922027290448,0.0006079922027290448
A,low,92,0.04396018362643174,0.016845384761442008,0.0006079922027290448,0.012460929510306775
A,low,93,0.1940964015022547,0.01643742163736284,0.0006079922027290448,0.04164772380889231
A,low,94,0.1753674977437824,0.01570275017046085,0.0006079922027290448,0.03785365456417997
A,low,95,0.17204217691562274,0.015375441198964938,0.0006079922027290448,0.0371416409580093
A,low,96,0.16865794109700252,0.01505096281103225,0.0006079922027290448,0.03641869471891516
A,low,97,0.16521690152003835,0.014729344750682289,0.0006079922027290448,0.03568523319117361
A,low,98,0.1748592253169419,0.014833748930082678,0.0006079922027290448,0.037585180165112
A,low,99,0.16587157076408773,0.01435041872875727,0.0006079922027290448,0.03573898430659746
A,low,100,0.16198151558313117,0.014034883614527312,0.0006079922027290448,0.03491918113014785
A,low,101,0.15250020353086888,0.013518118616208871,0.0006079922027290448,0.03297023823529781
A,low,102,0.14885642080217806,0.01321086645631652,0.0006079922027290448,0.032200055995807914
A,low,103,0.15541381205109217,0.013303035373372496,0.0006079922027290448,0.033496266554476545
A,low,104,0.15118893582518936,0.012996881091696007,0.0006079922027290448,0.0326130247401336
A,low,105,0.14677410313559874,0.012685971650908411,0.0006079922027290448,0.03169182744376358
A,low,106,0.1423475511842666,0.012377386706079355,0.0006079922027290448,0.030768798809034298
A,low,107,0.1355875340292444,0.01195505247409287,0.0006079922027290448,0.029368730312541374
A,low,108,0.1315259423631831,0.01166460104845768,0.0006079922027290448,0.02852037883267852
A,low,109,0.12399802091291288,0.011185738252929685,0.0006079922027290448,0.0269596021765775
A,low,110,0.12012022325923122,0.010903496597760616,0.0006079922027290448,0.026148678334696265
A,low,111,0.12245858504693614,0.01093659645013831,0.0006079922027290448,0.026610951558883912
A,low,112,0.11814140149496725,0.01064760283243339,0.0006079922027290448,0.025713061272397787
A,low,113,0.11384111699594943,0.010361826933093574,0.0006079922027290448,0.024819092383829042
A,low,114,0.1095599678719632,0.010079282143550944,0.0006079922027290448,0.02392948343382342
A,low,115,0.10530036249836194,0.00980616823728511,0.0006079922027290448,0.023045912424102737
A,low,116,0.10106490950287046,0.00956250682592621,0.0006079922027290448,0.02217279070736777
A,low,117,0.0968564218827224,0.009320759375209459,0.0006079922027290448,0.02130529849082492
A,low,118,0.0926779045701732,0.009080959345708763,0.0006079922027290448,0.020444028053778162
A,low,119,0.08853257527052187,0.008843143491872646,0.0006079922027290448,0.019589613793839087
A,low,120,0.08441865572357289,0.00860685400016471,0.0006079922027290448,0.018741619829188618
A,low,121,0.08035063316433928,0.008373154035514021,0.0006079922027290448,0.01790307742687199
A,low,122,0.07632285757822048,0.008141178067495662,0.0006079922027290448,0.017072716500139598
A,low,123,0.07151646244841278,0.007821366374552234,0.0006079922027290448,0.01607345591090936
A,low,124,0.06774459944428722,0.007620919837735116,0.0006079922027290448,0.015299126565696363
A,low,125,0.06695381606221844,0.007557246050912917,0.0006079922027290448,0.015132565714060695
A,low,126,0.06316167656805667,0.007560108928139586,0.0006079922027290448,0.014393915301402781
A,low,127,0.05943492122662944,0.007576285781449555,0.0006079922027290448,0.013670605654596298
A,low,128,0.05577840560283224,0.007591221803309537,0.0006079922027290448,0.012960746083068573
A,low,129,0.05219713458233703,0.007604702300736687,0.0006079922027290448,0.012265270347577724
A,low,130,0.048696187243597894,0.007616627653270053,0.0006079922027290448,0.011585149102703304
A,low,131,0.04528071894755562,0.0076269324044558745,0.0006079922027290448,0.010921374532555846
A,low,132,0.0419559339517511,0.007647175158842177,0.0006079922027290448,0.010277214251577637
A,low,133,0.03872704399214037,0.007702644248636321,0.0006079922027290448,0.009658613692159201
A,low,134,0.03559926527108498,0.007755469749674333,0.0006079922027290448,0.009059207606385832
A,low,135,0.03257775246332566,0.007805447827952328,0.0006079922027290448,0.00847996107042456
A,low,136,0.02966758081837219,0.007863199444526054,0.0006079922027290448,0.007923933774444102
A,low,137,0.026873714508465804,0.007920316034331375,0.0006079922027290448,0.007390454296841554
A,low,138,0.024200952851851597,0.007974432933296886,0.0006079922027290448,0.006879997229073777
A,low,139,0.021653904166925766,0.008026820038860674,0.0006079922027290448,0.006393708422180592
A,low,140,0.019236930215522467,0.008077060205044638,0.0006079922027290448,0.00593235680712809
A,low,141,0.01695411729639709,0.008124794686277885,0.0006079922027290448,0.0054966690024707545
A,low,142,0.01481312041498935,0.00817070234859856,0.0006079922027290448,0.005088269544559047
A,low,143,0.012840672984663007,0.00821837267104398,0.0006079922027290448,0.004713069328597853
A,low,144,0.011007826616735201,0.008265201588003855,0.0006079922027290448,0.00436491777870157
A,low,145,0.009317216059544577,0.008309846331227493,0.0006079922027290448,0.004044066742840559
A,low,146,0.007770925131922399,0.008352017929414321,0.0006079922027290448,0.0037508660938278208
A,low,147,0.006370440079998984,0.00839164132422314,0.0006079922027290448,0.003485590917002363
A,low,148,0.005117191968902135,0.00842877649889122,0.0006079922027290448,0.0032485318650669307
A,low,149,0.004011251015495043,0.008463594216644011,0.0006079922027290448,0.0030397359126976714
A,low,150,0.0030513766288767594,0.008496736686728764,0.0006079922027290448,0.002859086416297373
A,low,151,0.002235866800599105,0.0085284668515174,0.0006079922027290448,0.0027063028561630617
A,low,152,0.0015623977363061346,0.008558066797403159,0.0006079922027290448,0.0025807923067659444
A,low,153,0.0010277340862880483,0.008585297743167066,0.0006079922027290448,0.002481877549601387
A,low,154,0.0006276819255799544,0.008609979400238778,0.0006079922027290448,0.00240870591146564
A,low,155,0.0003570620368914101,0.008632389130009724,0.0006079922027290448,0.0023603218648930086
A,low,156,0.00020971478688720002,0.00865194765405062,0.0006079922027290448,0.002335411781859224
A,low,157,0.00017853677231374586,0.008668054757784135,0.0006079922027290448,0.0023324739824752204
A,low,158,0.0002555780993226955,0.008680110479069792,0.0006079922027290448,0.002349841828146684
A,low,159,0.0004322105805616547,0.008700166923965056,0.0006079922027290448,0.0023881827494204116
A,low,160,0.0006993853178084626,0.00872290591866136,0.0006079922027290448,0.0024446961474600044
A,low,161,0.0010479947764413895,0.008742491772811233,0.0006079922027290448,0.0025164691129147413
A,low,162,0.0014693324036446158,0.008758327175669755,0.0006079922027290448,0.0026016880271567976
A,low,163,0.0019556259890113137,0.008769812148996215,0.0006079922027290448,0.0026987208846018574
A,low,164,0.0025005873623006976,0.008776404378266801,0.0006079922027290448,0.002806236206738304
A,low,165,0.003099888374954981,0.008777690995066662,0.0006079922027290448,0.0029233098187176694
A,low,166,0.003751457238738742,0.008773458566562971,0.0006079922027290448,0.003049496258343414
A,low,167,0.004455485096109401,0.008763744602716254,0.0006079922027290448,0.0031848400972369698
A,low,168,0.005214060203557264,0.008748854585424112,0.0006079922027290448,0.0033298079510684945
A,low,169,0.006030427975382605,0.008830972469501553,0.0006079922027290448,0.0035049513537785885
A,low,170,0.006907945211888026,0.008975287317383817,0.0006079922027290448,0.0037041388945949017
A,low,171,0.007848871288747313,0.009111701299903938,0.0006079922027290448,0.00391414670344079
A,low,172,0.00885318945196689,0.009238383910636675,0.0006079922027290448,0.004134614690565998
A,low,173,0.009917626416563628,0.009353973825300142,0.0006079922027290448,0.004364639423365258
A,low,174,0.011035008463055974,0.009457713622372447,0.0006079922027290448,0.004602674870453884
A,low,175,0.012194000189162382,0.00954918399397064,0.0006079922027290448,0.004846429665328075
A,low,176,0.013379213402419618,0.009628058154199455,0.0006079922027290448,0.005092840459379936
A,low,177,0.014571628705539331,0.009694291745847317,0.0006079922027290448,0.005338191121128001
A,low,178,0.01574923759641363,0.009747810192767587,0.0006079922027290448,0.005578176956955403
A,low,179,0.01688785098906984,0.009788369448820614,0.0006079922027290448,0.005808035173078061
A,low,180,0.017962006820958987,0.009815452448633515,0.0006079922027290448,0.006022701612006335
A,low,181,0.018945967633428904,0.009828211690804665,0.0006079922027290448,0.0062169940203184336
A,low,182,0.019814790955715204,0.00982546556640473,0.0006079922027290448,0.0063858199848187
A,low,183,0.02054548224570185,0.009805754704130504,0.0006079922027290448,0.006524412660786034
A,low,184,0.021118214513052222,0.009767462909860775,0.0006079922027290448,0.006628592090236451
A,low,185,0.021517576758590083,0.009709002924621008,0.0006079922027290448,0.006695044772555768
A,low,186,0.02173376417897852,0.009629058352583217,0.0006079922027290448,0.006721602832663105
A,low,187,0.021763581497152473,0.009526936036490038,0.0006079922027290448,0.006707508291158384
A,low,188,0.02161107587668964,0.009402663308662013,0.0006079922027290448,0.006653555396754709
A,low,189,0.021287624265944247,0.009257260704183885,0.0006079922027290448,0.006562160812890475
A,low,190,0.020811320326506733,0.009092940980150743,0.0006079922027290448,0.006437282905781184
A,low,191,0.020205623349833158,0.008912992008502573,0.0006079922027290448,0.006284135547433865
A,low,192,0.019497367572993064,0.008823535044863526,0.0006079922027290448,0.006128635987886274
A,low,193,0.018714369787488246,0.008876954608368464,0.0006079922027290448,0.005986418010888247
A,low,194,0.01788299995947909,0.008919399646728495,0.0006079922027290448,0.005832631502184714
A,low,195,0.017026074823237022,0.008950324328071463,0.0006079922027290448,0.005671617768286254
A,low,196,0.016161370296650816,0.008969756787893243,0.0006079922027290448,0.005506847384901375
A,low,197,0.015300888798941793,0.00897825479406724,0.0006079922027290448,0.0053407687315807075
A,low,198,0.014450873265088841,0.008976794398098346,0.0006079922027290448,0.005174789018165144
A,low,199,0.013612395350319804,0.008966623178289416,0.0006079922027290448,0.005009360336960861
A,low,200,0.012782321863008594,0.008949111183186902,0.0006079922027290448,0.004844138995359746
A,low,201,0.011954415855112139,0.008925625731219695,0.0006079922027290448,0.004678175747822969
A,low,202,0.01112041494151942,0.008908016592153324,0.0006079922027290448,0.004512169889604824
A,low,203,0.010270959158628402,0.00890709290097251,0.0006079922027290448,0.004346403910253589
A,low,204,0.009396328192710333,0.00889889587612886,0.0006079922027290448,0.004174312683984249
A,low,205,0.008486971275629418,0.008884787879583083,0.0006079922027290448,0.003994300030255848
A,low,206,0.007533862865055946,0.008865942475121033,0.0006079922027290448,0.003804835348962374
A,low,207,0.006528709762135062,0.008843235006542001,0.0006079922027290448,0.0036044726644594667
A,low,208,0.005464053150149182,0.008816936998234683,0.0006079922027290448,0.0033918109451040674
A,low,209,0.004333299148141979,0.008787536024139222,0.0006079922027290448,0.003165659877637661
A,low,210,0.0031306970943869453,0.008755558823543862,0.0006079922027290448,0.00292500115359275
A,low,211,0.0018512934513714326,0.008722492606006334,0.0006079922027290448,0.0026691590755122353
A,low,212,0.0004908710463261889,0.008688180173128989,0.0006079922027290448,0.002397280939464947
A,low,213,-0.0009541169754968953,0.008651258545685929,0.0006079922027290448,0.00210840966280488
A,low,214,-0.0024866148603144094,0.008611431036843708,0.0006079922027290448,0.001801913484703567
A,low,215,-0.004109023165040567,0.0085687134738126,0.0006079922027290448,0.0014773275455695974
A,low,216,-0.0058232577975942095,0.008523238988314589,0.0006079922027290448,0.0011343043256764873
A,low,217,-0.007630799492145158,0.008475315451947896,0.0006079922027290448,0.000772615196842639
A,low,218,-0.00953273657562787,0.008425587286881175,0.0006079922027290448,0.0006079922027290448
A,low,219,-0.011529805285158063,0.008374698210566193,0.0006079922027290448,0.0006079922027290448
A,low,220,-0.01362241999383926,0.008321499283009029,0.0006079922027290448,0.0006079922027290448
A,low,221,-0.015810701106147892,0.008265630014877146,0.0006079922027290448,0.0006079922027290448
A,low,222,-0.018094494907438516,0.008207082171738052,0.0006079922027290448,0.0006079922027290448
A,low,223,-0.020473394433937985,0.008145997935578672,0.0006079922027290448,0.0006079922027290448
A,low,224,-0.022946749094662905,0.008081686090700604,0.0006079922027290448,0.0006079922027290448
A,low,225,-0.025513678716629108,0.008016000348460218,0.0006079922027290448,0.0006079922027290448
A,low,226,-0.028173078359132832,0.007955605671953941,0.0006079922027290448,0.0006079922027290448
A,low,227,-0.030923623231620363,0.007891566549196007,0.0006079922027290448,0.0006079922027290448
A,low,228,-0.03376377123931326,0.007823962300859206,0.0006079922027290448,0.0006079922027290448
A,low,229,-0.03669176340640141,0.007757086595606767,0.0006079922027290448,0.0006079922027290448
A,low,230,-0.03970562344957103,0.0077163510174609465,0.0006079922027290448,0.0006079922027290448
A,low,231,-0.04280315444859608,0.007674475510477797,0.0006079922027290448,0.0006079922027290448
A,low,232,-0.04598193657490542,0.0076283323441020965,0.0006079922027290448,0.0006079922027290448
A,low,233,-0.049239324096080506,0.007577865879735388,0.0006079922027290448,0.0006079922027290448
A,low,234,-0.052572441657661895,0.007523065826314678,0.0006079922027290448,0.0006079922027290448
A,low,235,-0.05469275040935687,0.007477404274890981,0.0006079922027290448,0.0006079922027290448
A,low,236,-0.0581764606422988,0.007414927648773413,0.0006079922027290448,0.0006079922027290448
A,low,237,-0.061726331665099214,0.00752401726250148,0.0006079922027290448,0.0006079922027290448
A,low,238,-0.06533855250404784,0.007733686880869874,0.0006079922027290448,0.0006079922027290448
A,low,239,-0.06900907314759135,0.007945394428198757,0.0006079922027290448,0.0006079922027290448
A,low,240,-0.07273360329946088,0.00815900398796082,0.0006079922027290448,0.0006079922027290448
A,low,241,-0.07650761719236748,0.00837442490835675,0.0006079922027290448,0.0006079922027290448
A,low,242,-0.08032635497768355,0.00859157152281216,0.0006079922027290448,0.0006079922027290448
A,low,243,-0.08418483030766309,0.008810359028068095,0.0006079922027290448,0.0006079922027290448
A,low,244,-0.08807783856739071,0.009030702583565382,0.0006079922027290448,0.0006079922027290448
A,low,245,-0.09199996538404148,0.009252517030723098,0.0006079922027290448,0.0006079922027290448
A,low,246,-0.09369665542392434,0.00946300034574465,0.0006079922027290448,0.0006079922027290448
A,low,247,-0.09768858784268054,0.009730315487026233,0.0006079922027290448,0.0006079922027290448
A,low,248,-0.10169352232501727,0.01000106888749417,0.0006079922027290448,0.0006079922027290448
A,low,249,-0.10570538397914203,0.010275212145098182,0.0006079922027290448,0.0006079922027290448
A,low,250,-0.10971796978829233,0.010552697064249007,0.0006079922027290448,0.0006079922027290448
A,low,251,-0.11372497280706469,0.010833475673805769,0.0006079922027290448,0.0006079922027290448
A,low,252,-0.11772000492060354,0.011117500236479496,0.0006079922027290448,0.0006079922027290448
A,low,253,-0.12169662329302192,0.011404723249441348,0.0006079922027290448,0.0006079922027290448
A,low,254,-0.1256483599246236,0.011695097389124417,0.0006079922027290448,0.0006079922027290448
A,low,255,-0.12940265904293835,0.011981308671767511,0.0006079922027290448,0.0006079922027290448
A,low,256,-0.13167684530771145,0.012236577326564285,0.0006079922027290448,0.0006079922027290448
A,low,257,-0.13555539601069613,0.01253566193089178,0.0006079922027290448,0.0006079922027290448
A,low,258,-0.13938508925728904,0.012837722687998215,0.0006079922027290448,0.0006079922027290448
A,low,259,-0.14315984724285044,0.013142713365828293,0.0006079922027290448,0.0006079922027290448
A,low,260,-0.1468737650650818,0.013450588422363846,0.0006079922027290448,0.0006079922027290448
A,low,261,-0.1504563125636781,0.013770249120270413,0.0006079922027290448,0.0006079922027290448
A,low,262,-0.152479689905935,0.014023558055237103,0.0006079922027290448,0.0006079922027290448
A,low,263,-0.15627585273373581,0.014344508577342058,0.0006079922027290448,0.0006079922027290448
A,low,264,-0.15973928009297336,0.014663169876096921,0.0006079922027290448,0.0006079922027290448
A,low,265,-0.16311802079556004,0.015146488101437068,0.0006079922027290448,0.0006079922027290448
A,low,266,-0.16460593586186995,0.015260030396057864,0.0006079922027290448,0.0006079922027290448
A,low,267,-0.168557229906798,0.01559031195352037,0.0006079922027290448,0.0006079922027290448
A,low,268,-0.05189511537089557,0.01654432412346472,0.0006079922027290448,0.0006079922027290448
A,low,269,-0.008988018792685985,0.01659312986180904,0.0006079922027290448,0.0020904699939811025
A,low,270,0.034363548513929004,0.016983934526260826,0.0006079922027290448,0.010617248155982424
A,low,271,0.028204267046160313,0.016893157008994585,0.0006079922027290448,0.009398913071180294
A,low,272,0.06707489889902932,0.016885990173860308,0.0006079922027290448,0.016974637246177315
A,low,273,0.19467122685794816,0.016428107962856413,0.0006079922027290448,0.041757960004055475
A,low,274,0.17604035056561954,0.015695691137062817,0.0006079922027290448,0.037983438928398124
A,low,275,0.17281810793202296,0.015370715970976105,0.0006079922027290448,0.037291973470370186
A,low,276,0.16953676264456544,0.015048582490435754,0.0006079922027290448,0.03658954096198854
A,low,277,0.1802147888467672,0.015168149769445709,0.0006079922027290448,0.038694335012907
A,low,278,0.17622467771380645,0.014847007861731694,0.0006079922027290448,0.03785393481004642
A,low,279,0.17221120972143616,0.014529184256194299,0.0006079922027290448,0.03700962845567845
A,low,280,0.16817556664121117,0.014214686067031895,0.0006079922027290448,0.0361616477014119
A,low,281,0.1541293386593447,0.013536042052709885,0.0006079922027290448,0.03329130228305157
A,low,282,0.150593529558072,0.013231119979260771,0.0006079922027290448,0.03254262174217013
A,low,283,0.14701295999067066,0.01292926216159832,0.0006079922027290448,0.03178581328504269
A,low,284,0.14339039297973258,0.012630507909622956,0.0006079922027290448,0.031021423175312972
A,low,285,0.1495896116287012,0.012742033297072037,0.0006079922027290448,0.03225158770482909
A,low,286,0.14549541567448943,0.01244713590248495,0.0006079922027290448,0.03139601395262658
A,low,287,0.14138886626757308,0.012155638199683922,0.0006079922027290448,0.030538694827925338
A,low,288,0.13727207990881113,0.011867554889100972,0.0006079922027290448,0.029680045769573508
A,low,289,0.1331472831604381,0.011582900986207813,0.0006079922027290448,0.028820503732289657
A,low,290,0.12901682225294556,0.011301691904161946,0.0006079922027290448,0.02796052907545955
A,low,291,0.12488316374570774,0.01102394349146962,0.0006079922027290448,0.02710060569925484
A,low,292,0.11546955868536253,0.010402940474803416,0.0006079922027290448,0.025144541746621042
A,low,293,0.11163843429667952,0.010133202657878308,0.0006079922027290448,0.02434515340244792
A,low,294,0.10779593860576961,0.009866941952422222,0.0006079922027290448,0.023544226229667023
A,low,295,0.10394587655046764,0.009611120918111957,0.0006079922027290448,0.02274385915566854
A,low,296,0.10650803329024124,0.00976632922760291,0.0006079922027290448,0.02327355994499886
A,low,297,0.10244135869617953,0.009537753044329097,0.0006079922027290448,0.02243627909171708
A,low,298,0.09839144943385342,0.009311098033144612,0.0006079922027290448,0.021602640831773497
A,low,299,0.09436196087181531,0.009086413765761088,0.0006079922027290448,0.020773367375745887
A,low,300,0.0903567021319592,0.008863749934943608,0.0006079922027290448,0.01994921092922082
A,low,301,0.08637963046102723,0.008643156654400859,0.0006079922027290448,0.019130952654079547
A,low,302,0.0824348469025108,0.008424685476775896,0.0006079922027290448,0.018319402023252766
A,low,303,0.0785265906582769,0.008208393943516171,0.0006079922027290448,0.01751539660853666
A,low,304,0.07465922923134208,0.00801232264826805,0.0006079922027290448,0.01672330445996299
A,low,305,0.0708372492770114,0.007880400792960585,0.0006079922027290448,0.015952563366466277
A,low,306,0.06706523923460793,0.007889295925161107,0.0006079922027290448,0.015219012701709365
A,low,307,0.06334787729013662,0.007895562934611442,0.0006079922027290448,0.014495602382991826
A,low,308,0.059689912608878376,0.007898788479873634,0.0006079922027290448,0.013783177600146591
A,low,309,0.05609614404890326,0.007898951440250226,0.0006079922027290448,0.013082669685994832
A,low,310,0.05257139572709905,0.007896056857989737,0.0006079922027290448,0.01239501999709333
A,low,311,0.04912049511235515,0.007890173137672412,0.0006079922027290448,0.011721182894742214
A,low,312,0.04574824360576563,0.007902106889457442,0.0006079922027290448,0.011066150194000599
A,low,313,0.042459384499881465,0.007955352136812676,0.0006079922027290448,0.010435426244969619
A,low,314,0.039258574942241706,0.008005930306928468,0.0006079922027290448,0.00982134605246982
A,low,315,0.036150346971936066,0.008053548664862084,0.0006079922027290448,0.009224735991578588
A,low,316,0.03313907379378239,0.008112996271421855,0.0006079922027290448,0.008649331396725975
A,low,317,0.030228928095088738,0.008173011396762471,0.0006079922027290448,0.008093750388275091
A,low,318,0.02640718517044195,0.00818663794531681,0.0006079922027290448,0.007351427507945177
A,low,319,0.023781240072570937,0.008244768119114544,0.0006079922027290448,0.006850878789802239
A,low,320,0.021264113528962337,0.00830055426432649,0.0006079922027290448,0.006371085339822383
A,low,321,0.018858982065173138,0.008353959491654902,0.0006079922027290448,0.005912659172870962
A,low,322,0.0165685741971566,0.008405240351461769,0.0006079922027290448,0.005476182173219955
A,low,323,0.014395120155327921,0.008455571819402236,0.0006079922027290448,0.005062318123729075
A,low,324,0.012340295971762323,0.008504629226489835,0.0006079922027290448,0.00467133044800237
A,low,325,0.010405168163018057,0.00855165031513449,0.0006079922027290448,0.004303278455780224
A,low,326,0.008590130530270319,0.008596293403837097,0.0006079922027290448,0.003958172306843552
A,low,327,0.009884140057307584,0.008660943442724896,0.0006079922027290448,0.004223018226127188
A,low,328,0.008265201161980557,0.008701374351334827,0.0006079922027290448,0.003915316864194032
A,low,329,0.006764381298030412,0.008739812640959015,0.0006079922027290448,0.0036302522298225005
A,low,330,0.0053786563552970495,0.008777566822302215,0.0006079922027290448,0.0033674898981674983
A,low,331,0.004104001530364219,0.008814938275513369,0.0006079922027290448,0.003126304055726626
A,low,332,0.002935322819769545,0.008850393823344202,0.0006079922027290448,0.002905402854408138
A,low,333,0.0018663986868187972,0.008883359866461455,0.0006079922027290448,0.002703461706292447
A,low,334,0.0008898386074897253,0.008913333152504923,0.0006079922027290448,0.002518941863546715
A,low,335,-2.9293022504317534e-06,0.008940022454498948,0.0006079922027290448,0.0023501156242199833
A,low,336,-0.0008216163767851957,0.008962542869114203,0.0006079922027290448,0.0021949174448984425
A,low,337,-0.0015769543754349438,0.008979709623696076,0.0006079922027290448,0.0020510244148657176
A,low,338,-0.0022804717003577853,0.008990141237940806,0.0006079922027290448,0.0019159199878329477
A,low,339,-0.002944114556893969,0.009017765102440926,0.0006079922027290448,0.0017919396774945336
A,low,340,-0.0035796940399865002,0.009051751236518203,0.0006079922027290448,0.0016746700188170962
A,low,341,-0.0041981231365490765,0.00908022965774262,0.0006079922027290448,0.0015596698871722303
A,low,342,-0.004808460296576296,0.009101809101351702,0.0006079922027290448,0.00144490230112581
A,low,343,-0.005416801584955405,0.009115095000453115,0.0006079922027290448,0.0013289070985375653
A,low,344,-0.006025147977465325,0.009118814504518563,0.0006079922027290448,0.0012110461066380585
A,low,345,-0.00663040729554778,0.009111965412898996,0.0006079922027290448,0.0010917267285285024
A,low,346,-0.007223770854026771,0.009093962853049597,0.0006079922027290448,0.0009725520465931434
A,low,347,-0.007790664183782476,0.009064750608707577,0.0006079922027290448,0.0008563521296150295
A,low,348,-0.00831144398578512,0.009024845492550731,0.0006079922027290448,0.0007470568239309186
A,low,349,-0.008762849663453748,0.009109797490940888,0.0006079922027290448,0.0006756233581846278
A,low,350,-0.009120072209050914,0.00927300770392306,0.0006079922027290448,0.0006378041900335568
A,low,351,-0.009359151374591142,0.009420495425074135,0.0006079922027290448,0.0006199501073066261
A,low,352,-0.009459332242955533,0.009548980720830139,0.0006079922027290448,0.0006254675395467069
A,low,353,-0.00940502716236843,0.009656258818265725,0.0006079922027290448,0.000656965235067699
A,low,354,-0.009186934825180973,0.009741284242057025,0.0006079922027290448,0.0007160525179095618
A,low,355,-0.008802978410925422,0.009804046766524764,0.0006079922027290448,0.0008031322330603006
A,low,356,-0.008258288494156657,0.009845286289179203,0.0006079922027290448,0.0009173484980550772
A,low,357,-0.007563487582037379,0.00986627847173864,0.0006079922027290448,0.00105687931573124
A,low,358,-0.0067356928127292725,0.009868703534404796,0.0006079922027290448,0.0012187155402876265
A,low,359,-0.005795802416205252,0.009854208652700995,0.0006079922027290448,0.0013991045295313343
A,nominal,0,0.00781736714251758,0.019686358627341614,0.0018239766081871345,0.007185326660791266
A,nominal,1,0.008922974699327164,0.019600025724767645,0.0018239766081871345,0.007384015677211464
A,nominal,2,0.01007706392779838,0.01948705883614113,0.0018239766081871345,0.007586963501742595
A,nominal,3,0.01125123133662533,0.019349891828872083,0.0018239766081871345,0.0077891078295316595
A,nominal,4,0.012413417784031534,0.019189303161958993,0.0018239766081871345,0.007984351061596593
A,nominal,5,0.013542286230958205,0.01900546703548073,0.0018239766081871345,0.008168567888194722
A,nominal,6,0.014619768347730785,0.01879848510281228,0.0018239766081871345,0.008338256033244262
A,nominal,7,0.01563176125462853,0.018569023164078782,0.0018239766081871345,0.008490796182983882
A,nominal,8,0.016568496870442196,0.018317929979654847,0.0018239766081871345,0.008624449678381487
A,nominal,9,0.017424627524872848,0.018046726740107422,0.0018239766081871345,0.00873847061695522
A,nominal,10,0.01819894454787599,0.017758140114420323,0.0018239766081871345,0.008833154904931055
A,nominal,11,0.018893711855196303,0.01745583350168977,0.0018239766081871345,0.008909657964305278
A,nominal,12,0.019513651372702712,0.017298758045563318,0.0018239766081871345,0.008999884876854977
A,nominal,13,0.020064739783555555,0.017363280076099667,0.0018239766081871345,0.009119886912213493
A,nominal,14,0.020552963758383776,0.017415832680537004,0.0018239766081871345,0.009225301450082024
A,nominal,15,0.02098324024248872,0.01745581012157405,0.0018239766081871345,0.00931696888188358
A,nominal,16,0.02135864049849568,0.01748314850400418,0.0018239766081871345,0.009395475439083794
A,nominal,17,0.021679989846132255,0.01749829336982131,0.0018239766081871345,0.009461068853012393
A,nominal,18,0.021945837741503126,0.017502095093915593,0.0018239766081871345,0.009513632131660569
A,nominal,19,0.022152717107516033,0.017495670907180197,0.0018239766081871345,0.009552707215340395
A,nominal,20,0.02229558797107425,0.01748025812123913,0.0018239766081871345,0.009577552844505533
A,nominal,21,0.02236835004802959,0.017457095606579643,0.0018239766081871345,0.00958722137516749
A,nominal,22,0.02236434799695192,0.017437906476124233,0.0018239766081871345,0.009582700677012895
A,nominal,23,0.022276790888721854,0.017433384024824083,0.0018239766081871345,0.00956475144513566
A,nominal,24,0.022099105240321947,0.0174194719222207,0.0018239766081871345,0.009527402955661336
A,nominal,25,0.021825129995466284,0.017397438145939845,0.0018239766081871345,0.009469701392086964
A,nominal,26,0.02144929920356581,0.01736855840143354,0.0018239766081871345,0.009390810449317612
A,nominal,27,0.020966684530932738,0.017334070831564345,0.0018239766081871345,0.009290010791909763
A,nominal,28,0.02037303468275341,0.017293498488376222,0.0018239766081871345,0.009166380735112988
A,nominal,29,0.019664753773712414,0.0172472834464996,0.0018239766081871345,0.009019305501015987
A,nominal,30,0.018838870545954733,0.0171959506872972,0.0018239766081871345,0.008848308232602716
A,nominal,31,0.01789297628368065,0.017140997923119836,0.0018239766081871345,0.008653211346354871
A,nominal,32,0.016825184344764255,0.017082100808909047,0.0018239766081871345,0.008433583850618577
A,nominal,33,0.015634259068473908,0.017017937257948035,0.0018239766081871345,0.008188927159146578
A,nominal,34,0.014319206738215682,0.01694825767841936,0.0018239766081871345,0.007918998911624765
A,nominal,35,0.012923081159646934,0.016872373314679622,0.0018239766081871345,0.007632057402402837
A,nominal,36,0.011411296237934437,0.01679117965455603,0.0018239766081871345,0.007321535261694049
A,nominal,37,0.009779793034032128,0.01670528126203092,0.0018239766081871345,0.00698675912203958
A,nominal,38,0.008028926866125694,0.016617124693644153,0.0018239766081871345,0.006628275157849873
A,nominal,39,0.006159539412089359,0.016529257388400755,0.0018239766081871345,0.0062467440156900806
A,nominal,40,0.004175026366846676,0.016436913883172168,0.0018239766081871345,0.0058418986842142
A,nominal,41,0.0020742537774599335,0.016338864378944346,0.0018239766081871345,0.005413278393061264
A,nominal,42,-0.00014133448436480834,0.016235601302949296,0.0018239766081871345,0.004961260588418028
A,nominal,43,-0.0024694227223371174,0.016128131658774497,0.0018239766081871345,0.0044864929700657655
A,nominal,44,-0.004909714615296799,0.01601374142096124,0.0018239766081871345,0.00398850425061685
A,nominal,45,-0.007460461334265987,0.01589629247706748,0.0018239766081871345,0.0034683881369983417
A,nominal,46,-0.01011974633321098,0.015789507751106723,0.0018239766081871345,0.002929193258849073
A,nominal,47,-0.012885487000524734,0.015675003536347838,0.0018239766081871345,0.0023677420147803323
A,nominal,48,-0.01575543086459239,0.015552815339895458,0.0018239766081871345,0.0018239766081871345
A,nominal,49,-0.018727155277834133,0.015423010199403045,0.0018239766081871345,0.0018239766081871345
A,nominal,50,-0.021798059458708764,0.015290051106303939,0.0018239766081871345,0.0018239766081871345
A,nominal,51,-0.02496536168387609,0.015219125345385241,0.0018239766081871345,0.0018239766081871345
A,nominal,52,-0.02822609360887383,0.015142721460005634,0.0018239766081871345,0.0018239766081871345
A,nominal,53,-0.03157709309618454,0.01505739936205735,0.0018239766081871345,0.0018239766081871345
A,nominal,54,-0.035014999361877824,0.014963140423633321,0.0018239766081871345,0.0018239766081871345
A,nominal,55,-0.03853624770045522,0.014859965715608006,0.0018239766081871345,0.0018239766081871345
A,nominal,56,-0.04213706406532504,0.014747970106159261,0.0018239766081871345,0.0018239766081871345
A,nominal,57,-0.04581346131462659,0.014639733947457293,0.0018239766081871345,0.0018239766081871345
A,nominal,58,-0.049561237339802354,0.01480217634752004,0.0018239766081871345,0.0018239766081871345
A,nominal,59,-0.053375970399596295,0.015227066311169803,0.0018239766081871345,0.0018239766081871345
A,nominal,60,-0.05725302345546845,0.01565634404064679,0.0018239766081871345,0.0018239766081871345
A,nominal,61,-0.06118754176231904,0.016089240934113697,0.0018239766081871345,0.0018239766081871345
A,nominal,62,-0.065174457856792,0.01652552361864811,0.0018239766081871345,0.0018239766081871345
A,nominal,63,-0.06920849633794726,0.016965011867406826,0.0018239766081871345,0.0018239766081871345
A,nominal,64,-0.07328418170835357,0.017407537192727578,0.0018239766081871345,0.0018239766081871345
A,nominal,65,-0.07739584518838001,0.01785293430547702,0.0018239766081871345,0.0018239766081871345
A,nominal,66,-0.07915506345815959,0.018270798865447604,0.0018239766081871345,0.0018239766081871345
A,nominal,67,-0.08335072236910974,0.018805665097137235,0.0018239766081871345,0.0018239766081871345
A,nominal,68,-0.08756564109469187,0.019347383607943157,0.0018239766081871345,0.0018239766081871345
A,nominal,69,-0.09179355577120073,0.01989586722240611,0.0018239766081871345,0.0018239766081871345
A,nominal,70,-0.09602808771550686,0.020451028976511427,0.0018239766081871345,0.0018239766081871345
A,nominal,71,-0.10026276978788287,0.02101278196343009,0.0018239766081871345,0.0018239766081871345
A,nominal,72,-0.1044910659453535,0.02158103918816221,0.0018239766081871345,0.0018239766081871345
A,nominal,73,-0.10870639837231695,0.02215571338095519,0.0018239766081871345,0.0018239766081871345
A,nominal,74,-0.1129021757307412,0.02273671661253477,0.0018239766081871345,0.0018239766081871345
A,nominal,75,-0.11707182230585357,0.02332395970074811,0.0018239766081871345,0.0018239766081871345
A,nominal,76,-0.11972643112210861,0.02379601758470641,0.0018239766081871345,0.0018239766081871345
A,nominal,77,-0.12328663354901795,0.024404633468125183,0.0018239766081871345,0.0018239766081871345
A,nominal,78,-0.1273867100451868,0.025008975443968153,0.0018239766081871345,0.0018239766081871345
A,nominal,79,-0.13143697372959975,0.025619217307142304,0.0018239766081871345,0.0018239766081871345
A,nominal,80,-0.13543146780439458,0.026235265639116243,0.0018239766081871345,0.0018239766081871345
A,nominal,81,-0.1393644578042569,0.02685702865261332,0.0018239766081871345,0.0018239766081871345
A,nominal,82,-0.14151019073395163,0.027377034378673584,0.0018239766081871345,0.0018239766081871345
A,nominal,83,-0.1452762644069685,0.028012628567953123,0.0018239766081871345,0.0018239766081871345
A,nominal,84,-0.1490602590590589,0.028633972483581873,0.0018239766081871345,0.0018239766081871345
A,nominal,85,-0.1527589788054255,0.029276900351234095,0.0018239766081871345,0.0018239766081871345
A,nominal,86,-0.1563744790908692,0.029925176333056403,0.0018239766081871345,0.0018239766081871345
A,nominal,87,-0.15795182900520757,0.030478727413419972,0.0018239766081871345,0.0018239766081871345
A,nominal,88,-0.04462746689323913,0.03233443658910135,0.0018239766081871345,0.0018239766081871345
A,nominal,89,0.0003519663166867133,0.03298189807074581,0.0018239766081871345,0.008321805923476125
A,nominal,90,-0.0015592167595974615,0.03337016135333727,0.0018239766081871345,0.008024940466615949
A,nominal,91,-0.010147449311598528,0.03340981220683793,0.0018239766081871345,0.006358550271976492
A,nominal,92,0.051969484017575784,0.03380163970423486,0.0018239766081871345,0.01854349390288707
A,nominal,93,0.2020041960784868,0.03349989901382026,0.0018239766081871345,0.047731207620332755
A,nominal,94,0.18410406513814503,0.032049869043000064,0.0018239766081871345,0.04395924642907312
A,nominal,95,0.18095991949024853,0.03139072859721091,0.0018239766081871345,0.043217865124261096
A,nominal,96,0.17775101663059922,0.03073721550668021,0.0018239766081871345,0.042464957531633415
A,nominal,97,0.17447957929132862,0.030089387065417496,0.0018239766081871345,0.041700968100730235
A,nominal,98,0.18370529747943756,0.030268098428778978,0.0018239766081871345,0.0435341902355198
A,nominal,99,0.17514315473989175,0.029307966278798968,0.0018239766081871345,0.04167799629993971
A,nominal,100,0.17141127284327967,0.02867206735147144,0.0018239766081871345,0.04082657703601386
A,nominal,101,0.162403183719289,0.02764865048843405,0.0018239766081871345,0.03887111777928324
A,nominal,102,0.15890185483013128,0.027029370299917695,0.0018239766081871345,0.038067880142309746
A,nominal,103,0.16505827577840262,0.027182273953874753,0.0018239766081871345,0.03929776797900143
A,nominal,104,0.16097742236494805,0.026565108192419317,0.0018239766081871345,0.038381974767518
A,nominal,105,0.15671400778749608,0.025939044914785412,0.0018239766081871345,0.037428860175883344
A,nominal,106,0.15243529965831823,0.025317702970992822,0.0018239766081871345,0.03647368472306259
A,nominal,107,0.1459934734704973,0.024478169866304043,0.0018239766081871345,0.03505431643992229
A,nominal,108,0.14205080009655693,0.023892221879453158,0.0018239766081871345,0.03417154424483628
A,nominal,109,0.13491803081064366,0.02294487932183028,0.0018239766081871345,0.03259647371003391
A,nominal,110,0.13114456218672849,0.02237522462674816,0.0018239766081871345,0.03174986097728589
A,nominal,111,0.13320555645723725,0.022414476187784922,0.0018239766081871345,0.03215926562281134
A,nominal,112,0.12900744733939287,0.02183221521061801,0.0018239766081871345,0.03122741960039199
A,nominal,113,0.12482191694536254,0.021256370425770853,0.0018239766081871345,0.03029927629066928
A,nominal,114,0.12065127867866433,0.0206869654670561,0.0018239766081871345,0.02937529125647572
A,nominal,115,0.11649801840144586,0.020136526918768057,0.0018239766081871345,0.028458390900626497
A,nominal,116,0.1123648209752849,0.019645551266659636,0.0018239766081871345,0.027556992639755272
A,nominal,117,0.10825457386987945,0.019158402326060926,0.0018239766081871345,0.026660814073282725
A,nominal,118,0.10417035715123665,0.018675143156052593,0.0018239766081871345,0.02577046789615775
A,nominal,119,0.1001154619874495,0.01819584294151881,0.0018239766081871345,0.02488660914794704
A,nominal,120,0.09608887015486887,0.017719626310205783,0.0018239766081871345,0.024008868706642233
A,nominal,121,0.0921037332344284,0.017248519229393473,0.0018239766081871345,0.023140205158639744
A,nominal,122,0.08815573850655986,0.016780859303208294,0.0018239766081871345,0.02227945376408736
A,nominal,123,0.0835494978529612,0.01614608551844196,0.0018239766081871345,0.021257813522690676
A,nominal,124,0.07983138897520806,0.015740423121703647,0.0018239766081871345,0.020453959473082203
A,nominal,125,0.0790010246356625,0.015580621448190153,0.0018239766081871345,0.020260944655721765
A,nominal,126,0.07527433705564941,0.015180969183305876,0.0018239766081871345,0.019456589910127737
A,nominal,127,0.07160973246054374,0.01506908703973447,0.0018239766081871345,0.018720432651126356
A,nominal,128,0.06801213822657408,0.015099004595278796,0.0018239766081871345,0.018024979107573662
A,nominal,129,0.06448662521208003,0.015126753507556925,0.0018239766081871345,0.017343153746517927
A,nominal,130,0.061038342148528595,0.015151556597089418,0.0018239766081871345,0.016675808722342693
A,nominal,131,0.05767251318906088,0.015173187240545548,0.0018239766081871345,0.016023918212398913
A,nominal,132,0.05439441069785795,0.01519151700241942,0.0018239766081871345,0.015388484931827946
A,nominal,133,0.05120931694640883,0.015236494588335802,0.0018239766081871345,0.01477637651749408
A,nominal,134,0.048122514313045074,0.015343912604810874,0.0018239766081871345,0.01419559978905574
A,nominal,135,0.04513922749666814,0.015445925710982153,0.0018239766081871345,0.013633947993694015
A,nominal,136,0.04226460145055248,0.015563598762317688,0.0018239766081871345,0.013096530255920112
A,nominal,137,0.039503668568979106,0.015680103849992313,0.0018239766081871345,0.012581047255160122
A,nominal,138,0.036861298548992394,0.01579070955013054,0.0018239766081871345,0.012087525945248137
A,nominal,139,0.034342168837488016,0.01589795534991065,0.0018239766081871345,0.011617373135945158
A,nominal,140,0.03195071258472556,0.01600100653819507,0.0018239766081871345,0.011171290277372443
A,nominal,141,0.029691084551791022,0.016099145333766177,0.0018239766081871345,0.010749947346112513
A,nominal,142,0.027569614117101016,0.01619387833675318,0.0018239766081871345,0.010354871823363391
A,nominal,143,0.025604061151683573,0.016293371870437723,0.0018239766081871345,0.009991117548171793
A,nominal,144,0.023776474094919616,0.016391261147481143,0.0018239766081871345,0.009653944491696055
A,nominal,145,0.022089576199600565,0.016484858228253525,0.0018239766081871345,0.009343359537593389
A,nominal,146,0.020545541195150733,0.01657358216588137,0.0018239766081871345,0.009059673169791834
A,nominal,147,0.01914594480942394,0.016657279433742147,0.0018239766081871345,0.008803162620500212
A,nominal,148,0.01789199584866166,0.016736102780876866,0.0018239766081871345,0.008574093300104977
A,nominal,149,0.016783806117565723,0.01681039723233703,0.0018239766081871345,0.008372554259240304
A,nominal,150,0.015820493767982086,0.016881412362194915,0.0018239766081871345,0.008198617179371735
A,nominal,151,0.015000580797831784,0.016949653326435107,0.0018239766081871345,0.008052092421884385
A,nominal,152,0.014321839330888977,0.017013678246686616,0.0018239766081871345,0.00793226463500499
A,nominal,153,0.013781124563285136,0.0170730038639551,0.0018239766081871345,0.007838426594003944
A,nominal,154,0.013374332647059888,0.01712726371187573,0.0018239766081871345,0.007769706892580042
A,nominal,155,0.013096373810780102,0.01717700648829669,0.0018239766081871345,0.0077252203312040526
A,nominal,156,0.012941177054893465,0.01722106752930379,0.0018239766081871345,0.007703556449161259
A,nominal,157,0.012901726607329075,0.017258240265160606,0.0018239766081871345,0.007703112450777715
A,nominal,158,0.012970159003339563,0.01728731864059206,0.0018239766081871345,0.007722120398427218
A,nominal,159,0.013137931064325318,0.01733240078338026,0.0018239766081871345,0.007763612445946507
A,nominal,160,0.01339607726462982,0.01738284433977337,0.0018239766081871345,0.007823766394620506
A,nominal,161,0.013735571575135596,0.01742697202735847,0.0018239766081871345,0.007898546511207421
A,nominal,162,0.014147786831113713,0.017463583449198784,0.0018239766081871345,0.007986037091678848
A,nominal,163,0.014625027863309888,0.01749147301736013,0.0018239766081871345,0.008084503095647178
A,nominal,164,0.015161080937901621,0.01750955063068642,0.0018239766081871345,0.008192520773603907
A,nominal,165,0.01575168949929419,0.017516985251939687,0.0018239766081871345,0.008309098392053385
A,nominal,166,0.016394850260153682,0.017513344897924405,0.0018239766081871345,0.00843376123939144
A,nominal,167,0.017090819546716464,0.017498699662956207,0.0018239766081871345,0.008566572945355297
A,nominal,168,0.01784174725085802,0.017473655785340148,0.0018239766081871345,0.008708070767290093
A,nominal,169,0.01865093666865573,0.017641099556079787,0.0018239766081871345,0.008898447607160919
A,nominal,170,0.019521798536376565,0.017931936538146273,0.0018239766081871345,0.009124899624663322
A,nominal,171,0.020456642028777325,0.018206966787527798,0.0018239766081871345,0.009360742459318736
A,nominal,172,0.021455495896928817,0.018462529014132503,0.0018239766081871345,0.00960526801385211
A,nominal,173,0.022515127905820553,0.018695900463105295,0.0018239766081871345,0.009857315471525508
A,nominal,174,0.023628400781918583,0.018905566335071983,0.0018239766081871345,0.010115198268419213
A,nominal,175,0.02478401083668743,0.019090688191902273,0.0018239766081871345,0.010376549518243607
A,nominal,176,0.02596659673195795,0.019250612764169433,0.0018239766081871345,0.010638247465132042
A,nominal,177,0.027157160966020298,0.019385251758341958,0.0018239766081871345,0.010896571681162233
A,nominal,178,0.02833371187395798,0.01949445654708063,0.0018239766081871345,0.011147206319890569
A,nominal,179,0.02947207208702393,0.019577739640270434,0.0018239766081871345,0.011385343416626583
A,nominal,180,0.030546786089928,0.0196340675552375,0.0018239766081871345,0.01160581942400887
A,nominal,181,0.031532117786199416,0.01966174595633057,0.0018239766081871345,0.01180328727924561
A,nominal,182,0.0324031208723221,0.019658412291832898,0.0018239766081871345,0.011972423618743663
A,nominal,183,0.033136791821655784,0.01962114846752973,0.0018239766081871345,0.012108175494967937
A,nominal,184,0.03371328955880642,0.01954672270897346,0.0018239766081871345,0.012206045276370345
A,nominal,185,0.03411718397576982,0.01943196105965584,0.0018239766081871345,0.012262406439654126
A,nominal,186,0.03433864622711079,0.019274231217692745,0.0018239766081871345,0.012274829911267745
A,nominal,187,0.03437445218394876,0.019072147266318604,0.0018239766081871345,0.012242417046835744
A,nominal,188,0.034228615454039046,0.018825764154958072,0.0018239766081871345,0.01216596093742634
A,nominal,189,0.03391247486722536,0.018537123104350278,0.0018239766081871345,0.012048069780034237
A,nominal,190,0.03344408152504988,0.01821064962416282,0.0018239766081871345,0.011893124980353352
A,nominal,191,0.03284684785949988,0.017852919278988067,0.0018239766081871345,0.011706972151752038
A,nominal,192,0.032147557087578015,0.017677223403480574,0.0018239766081871345,0.01153640945244807
A,nominal,193,0.031373970963447705,0.01778888348485666,0.0018239766081871345,0.011407379034757185
A,nominal,194,0.030552400563259554,0.017878635687303284,0.0018239766081871345,0.011264724415314394
A,nominal,195,0.029705600056241458,0.01794538350984559,0.0018239766081871345,0.011112667361810342
A,nominal,196,0.028851279315576583,0.01798917824171625,0.0018239766081871345,0.010954670089140904
A,nominal,197,0.02800137144871618,0.01801113030597518,0.0018239766081871345,0.010793275195846268
A,nominal,198,0.027162047049109583,0.01801318657723336,0.0018239766081871345,0.010630065034374843
A,nominal,199,0.02633430263949572,0.017997836884594585,0.0018239766081871345,0.010465719205475694
A,nominal,200,0.025514927358056813,0.017967815916181608,0.0018239766081871345,0.010300144887765773
A,nominal,201,0.024697604308514576,0.017925852837265787,0.0018239766081871345,0.010132642718475705
A,nominal,202,0.023873989115602887,0.017895641672732155,0.0018239766081871345,0.009966204832034121
A,nominal,203,0.023034638039080024,0.017898795156132855,0.0018239766081871345,0.009803203351893348
A,nominal,204,0.022169745428571176,0.01788739018896604,0.0018239766081871345,0.009632385110631036
A,nominal,205,0.021269673848329222,0.0178641459857179,0.0018239766081871345,0.009452401527104703
A,nominal,206,0.02032530995349421,0.01783140421755207,0.0018239766081871345,0.009261932586948593
A,nominal,207,0.019328271821197136,0.017790910198278363,0.0018239766081871345,0.009059684604186255
A,nominal,208,0.018271011161482015,0.017743201717139827,0.0018239766081871345,0.008844291009477942
A,nominal,209,0.017146844050660342,0.017689248810213103,0.0018239766081871345,0.00861463798457572
A,nominal,210,0.015949929364082276,0.017630100026278576,0.0018239766081871345,0.008369791304163907
A,nominal,211,0.01467522283950356,0.01756872507120092,0.0018239766081871345,0.008109346571287422
A,nominal,212,0.013318416441380198,0.01750480508468106,0.0018239766081871345,0.00783240185693202
A,nominal,213,0.011875872442745693,0.017435609925201895,0.0018239766081871345,0.007537715861198361
A,nominal,214,0.010344555819712364,0.017360542343348526,0.0018239766081871345,0.00722458053860836
A,nominal,215,0.008721975435471457,0.017279630446452324,0.0018239766081871345,0.006892515766456877
A,nominal,216,0.0070061250851486305,0.017193137294417026,0.0018239766081871345,0.006541181750402663
A,nominal,217,0.005195434091306026,0.017101675777301595,0.0018239766081871345,0.006170391787252948
A,nominal,218,0.0032887246071769734,0.017006532234648816,0.0018239766081871345,0.005780167025697035
A,nominal,219,0.00128517134970331,0.016908991932604187,0.0018239766081871345,0.005370597131054094
A,nominal,220,-0.0008157285840108832,0.016806755133891533,0.0018239766081871345,0.004941135779703829
A,nominal,221,-0.0030141835779204386,0.016699099273007636,0.0018239766081871345,0.004491601500016998
A,nominal,222,-0.005310127327147926,0.0165860064971312,0.0018239766081871345,0.004022003736838846
A,nominal,223,-0.007703239684146398,0.016467759868519213,0.0018239766081871345,0.0035324600749264746
A,nominal,224,-0.010192956281189165,0.01634297548469989,0.0018239766081871345,0.0030228107609182706
A,nominal,225,-0.012778482578732177,0.016215358888542693,0.0018239766081871345,0.0024939330038616985
A,nominal,226,-0.015458798681791723,0.016098236187697044,0.0018239766081871345,0.001948623295498113
A,nominal,227,-0.01823266427633835,0.015973716689311076,0.0018239766081871345,0.0018239766081871345
A,nominal,228,-0.021098621194458496,0.01584184520272221,0.0018239766081871345,0.0018239766081871345
A,nominal,229,-0.02405499387569783,0.01570280879793135,0.0018239766081871345,0.0018239766081871345
A,nominal,230,-0.027099888950373137,0.01556778563112235,0.0018239766081871345,0.0018239766081871345
A,nominal,231,-0.03023119196774752,0.015483105364749665,0.0018239766081871345,0.0018239766081871345
A,nominal,232,-0.03344656515756871,0.015394712145179306,0.0018239766081871345,0.0018239766081871345
A,nominal,233,-0.03674344448198362,0.015297702233980984,0.0018239766081871345,0.0018239766081871345
A,nominal,234,-0.040119035962271385,0.015191973871219339,0.0018239766081871345,0.0018239766081871345
A,nominal,235,-0.04229158380226244,0.015103036245227255,0.0018239766081871345,0.0018239766081871345
A,nominal,236,-0.04582402289749122,0.014981401547999412,0.0018239766081871345,0.0018239766081871345
A,nominal,237,-0.049425846033709364,0.014862391667584721,0.0018239766081871345,0.0018239766081871345
A,nominal,238,-0.05309332300603657,0.014941723663178209,0.0018239766081871345,0.0018239766081871345
A,nominal,239,-0.056822484539677996,0.015360199688368978,0.0018239766081871345,0.0018239766081871345
A,nominal,240,-0.06060912110568162,0.015782821059474126,0.0018239766081871345,0.0018239766081871345
A,nominal,241,-0.0644487877975039,0.016209140741440094,0.0018239766081871345,0.0018239766081871345
A,nominal,242,-0.068336805782782,0.016638965401654514,0.0018239766081871345,0.0018239766081871345
A,nominal,243,-0.0722682699573737,0.01707211902293435,0.0018239766081871345,0.0018239766081871345
A,nominal,244,-0.0762380572429007,0.017508428480176683,0.0018239766081871345,0.0018239766081871345
A,nominal,245,-0.08024083515961178,0.017947720822169843,0.0018239766081871345,0.0018239766081871345
A,nominal,246,-0.08203605436600066,0.018364339414546682,0.0018239766081871345,0.0018239766081871345
A,nominal,247,-0.08611670034592865,0.01889388635424598,0.0018239766081871345,0.0018239766081871345
A,nominal,248,-0.09021446862087835,0.01943037475812758,0.0018239766081871345,0.0018239766081871345
A,nominal,249,-0.09432336860299317,0.019973706840096948,0.0018239766081871345,0.0018239766081871345
A,nominal,250,-0.09843728229906591,0.020523785174634768,0.0018239766081871345,0.0018239766081871345
A,nominal,251,-0.10254998856724148,0.021080512723206875,0.0018239766081871345,0.0018239766081871345
A,nominal,252,-0.10665518597070911,0.02164379284792818,0.0018239766081871345,0.0018239766081871345
A,nominal,253,-0.11074651928614535,0.02221352930913121,0.0018239766081871345,0.0018239766081871345
A,nominal,254,-0.1148176091296432,0.022789626152448204,0.0018239766081871345,0.0018239766081871345
A,nominal,255,-0.11868510200224458,0.023356904058336226,0.0018239766081871345,0.0018239766081871345
A,nominal,256,-0.12111281619524172,0.02386385953617944,0.0018239766081871345,0.0018239766081871345
A,nominal,257,-0.12512525025739082,0.02445752115785161,0.0018239766081871345,0.0018239766081871345
A,nominal,258,-0.12909383319577958,0.025057186492995872,0.0018239766081871345,0.0018239766081871345
A,nominal,259,-0.13301258223168078,0.025662761363894105,0.0018239766081871345,0.0018239766081871345
A,nominal,260,-0.13687568894327073,0.026274152883550176,0.0018239766081871345,0.0018239766081871345
A,nominal,261,-0.1406094044539624,0.026911577127031423,0.0018239766081871345,0.0018239766081871345
A,nominal,262,-0.14271642034392384,0.02740807605101447,0.0018239766081871345,0.0018239766081871345
A,nominal,263,-0.14677050711050157,0.028049403224434704,0.0018239766081871345,0.0018239766081871345
A,nominal,264,-0.15040499213102856,0.028682514341366348,0.0018239766081871345,0.0018239766081871345
A,nominal,265,-0.15396049812625615,0.02964497468121703,0.0018239766081871345,0.0018239766081871345
A,nominal,266,-0.15555555882536204,0.02986503239762563,0.0018239766081871345,0.0018239766081871345
A,nominal,267,-0.15978334028998678,0.030524484393634914,0.0018239766081871345,0.0018239766081871345
A,nominal,268,-0.043078941313983425,0.03283121479359165,0.0018239766081871345,0.0018239766081871345
A,nominal,269,-0.0003974833907603363,0.03311769264593327,0.0018239766081871345,0.008202185039994724
A,nominal,270,0.04239636909842164,0.034044304763697235,0.0018239766081871345,0.01672469276064695
A,nominal,271,0.036602967985887164,0.03389074536207555,0.0018239766081871345,0.015565441198433276
A,nominal,272,0.07503875453780802,0.03395911631498192,0.0018239766081871345,0.023071124922571136
A,nominal,273,0.20257873032349244,0.0334812942229121,0.0018239766081871345,0.04783957593497165
A,nominal,274,0.18477694971507944,0.03203578348061041,0.0018239766081871345,0.04408766728960816
A,nominal,275,0.1817363210130662,0.031381327100806766,0.0018239766081871345,0.043367377799975244
A,nominal,276,0.17863073903069146,0.030732521040212863,0.0018239766081871345,0.04263552827892872
A,nominal,277,0.1888887065351405,0.03094182733750203,0.0018239766081871345,0.04467593252878022
A,nominal,278,0.18507151408776065,0.030294612110617118,0.0018239766081871345,0.04380567762151614
A,nominal,279,0.1812253794574401,0.029654022344717895,0.0018239766081871345,0.0429310724760542
A,nominal,280,0.17735159224485433,0.02902006985211279,0.0018239766081871345,0.0420523707791359
A,nominal,281,0.16403839491764113,0.027684748944061782,0.0018239766081871345,0.03919690913483488
A,nominal,282,0.1606454011946344,0.027070154233006155,0.0018239766081871345,0.03841570281240557
A,nominal,283,0.15720254375567774,0.02646164091771387,0.0018239766081871345,0.03762596192463775
A,nominal,284,0.15371268541236127,0.02585928621068752,0.0018239766081871345,0.03682825957564304
A,nominal,285,0.15951152810223446,0.026050153746064838,0.0018239766081871345,0.037995844414873164
A,nominal,286,0.1555484445372638,0.025455299871032875,0.0018239766081871345,0.037107357584463284
A,nominal,287,0.15156824684485332,0.02486721712000117,0.0018239766081871345,0.03621685457404571
A,nominal,288,0.14757314866043406,0.024285933301000904,0.0018239766081871345,0.03532477231217055
A,nominal,289,0.14356547260342625,0.02371147693984745,0.0018239766081871345,0.03443156911174926
A,nominal,290,0.13954765996047871,0.023143877442823087,0.0018239766081871345,0.03353772658933758
A,nominal,291,0.13552227139579476,0.02258316516949897,0.0018239766081871345,0.03264374981779604
A,nominal,292,0.12670307315814502,0.021364306987165495,0.0018239766081871345,0.03068701367354981
A,nominal,293,0.12296380751128001,0.020819518307575807,0.0018239766081871345,0.02985191536429938
A,nominal,294,0.11920910104939965,0.020281625201108256,0.0018239766081871345,0.029015151315888485
A,nominal,295,0.1154428470767724,0.019764697523583577,0.0018239766081871345,0.028180223118977773
A,nominal,296,0.11764024730516315,0.020042748133295714,0.0018239766081871345,0.028662767141999775
A,nominal,297,0.11365743504957712,0.019580854026088786,0.0018239766081871345,0.027796352646328636
A,nominal,298,0.10968764510628705,0.019122778223065438,0.0018239766081871345,0.02693322092190107
A,nominal,299,0.10573462127352816,0.018668617689858488,0.0018239766081871345,0.026074120655630927
A,nominal,300,0.10180226070182903,0.018218469412301385,0.0018239766081871345,0.02521983043160437
A,nominal,301,0.09789460831578653,0.0177724305268974,0.0018239766081871345,0.024371157669139165
A,nominal,302,0.09401585255777069,0.017330598741778516,0.0018239766081871345,0.02352893787515579
A,nominal,303,0.090170319795606,0.01689307369696074,0.0018239766081871345,0.02269403381921379
A,nominal,304,0.08636246452705511,0.016496664760800188,0.0018239766081871345,0.021874489139932805
A,nominal,305,0.08259686028768182,0.016128462212990427,0.0018239766081871345,0.02106867885003358
A,nominal,306,0.07887818233176475,0.01577149595444309,0.0018239766081871345,0.020274206293607766
A,nominal,307,0.07521119565431919,0.015761658374675813,0.0018239766081871345,0.019557476418907406
A,nominal,308,0.0716007362641111,0.01577118372779202,0.0018239766081871345,0.01885553995943531
A,nominal,309,0.0680516899534299,0.01577471701078111,0.0018239766081871345,0.01816440681563567
A,nominal,310,0.0645689679013251,0.01577218042771633,0.0018239766081871345,0.017485019167454475
A,nominal,311,0.06115748481251001,0.01576358377688342,0.0018239766081871345,0.01681833695699677
A,nominal,312,0.05782212953437976,0.015749091554809483,0.0018239766081871345,0.016165345241557355
A,nominal,313,0.05456773304467948,0.01577887049765194,0.0018239766081871345,0.015536764823066556
A,nominal,314,0.05139904045394705,0.015882718125625774,0.0018239766081871345,0.014939329157811466
A,nominal,315,0.048320672059161254,0.015981145389561982,0.0018239766081871345,0.014358443947119538
A,nominal,316,0.04533708963236986,0.01610334890587563,0.0018239766081871345,0.013800670280359745
A,nominal,317,0.042452554760478815,0.016226778170160137,0.0018239766081871345,0.013262443066401357
A,nominal,318,0.03894594443070812,0.016227687793707635,0.0018239766081871345,0.012579070609047905
A,nominal,319,0.0363339984878867,0.016347992663091927,0.0018239766081871345,0.012093370594732677
A,nominal,320,0.0338290622526066,0.01646368889214773,0.0018239766081871345,0.011627631802096363
A,nominal,321,0.03143440351023913,0.016574701621829967,0.0018239766081871345,0.011182476633931598
A,nominal,322,0.029152842512924777,0.016681542647529104,0.0018239766081871345,0.010758554612174245
A,nominal,323,0.02698670167784281,0.01678656022900447,0.0018239766081871345,0.010356776200165162
A,nominal,324,0.024937749617078026,0.016889102862823663,0.0018239766081871345,0.009977359157875574
A,nominal,325,0.023007145782307226,0.016987643345108078,0.0018239766081871345,0.009620231798716431
A,nominal,326,0.02119537718836478,0.017081495078319138,0.0018239766081871345,0.009285355217677177
A,nominal,327,0.02227869936867552,0.017239714105761954,0.0018239766081871345,0.00952737104764863
A,nominal,328,0.020668239674807718,0.01732482582357703,0.0018239766081871345,0.009230032260893715
A,nominal,329,0.019174899381022875,0.01740600938501471,0.0018239766081871345,0.008954758044061907
A,nominal,330,0.01779574506685656,0.017485876012174634,0.0018239766081871345,0.008701485590454425
A,nominal,331,0.01652684224581056,0.017565022265903913,0.0018239766081871345,0.008469564232303018
A,nominal,332,0.015363186724490946,0.017640375276428744,0.0018239766081871345,0.008257419493356665
A,nominal,333,0.014298646137292008,0.01771078110043941,0.0018239766081871345,0.008063631040493452
A,nominal,334,0.013325918332865944,0.017775226344309995,0.0018239766081871345,0.007886577909780885
A,nominal,335,0.012436518848066179,0.01783312160106492,0.0018239766081871345,0.007724491315620098
A,nominal,336,0.01162082263377883,0.01788269012025347,0.0018239766081871345,0.007575148684996549
A,nominal,337,0.01086818290575008,0.017921555486271456,0.0018239766081871345,0.007436011382460338
A,nominal,338,0.010167154722239358,0.017946947996864453,0.0018239766081871345,0.007304308522242459
A,nominal,339,0.009505873620184398,0.018006715865555457,0.0018239766081871345,0.007187054480651044
A,nominal,340,0.008872608308941272,0.01807919277400391,0.0018239766081871345,0.007077739002523427
A,nominal,341,0.0082565234445727,0.018140632639660564,0.0018239766081871345,0.006969621069051318
A,nominal,342,0.007648635814293352,0.01818824707668509,0.0018239766081871345,0.006860406021633225
A,nominal,343,0.007042921948061363,0.01821924137274629,0.0018239766081871345,0.006748374916336774
A,nominal,344,0.0064374505805107705,0.018231064538577292,0.0018239766081871345,0.006632654019315412
A,nominal,345,0.005835380475199909,0.018221707183774548,0.0018239766081871345,0.0065134673799170486
A,nominal,346,0.005245583538426006,0.01818999487990453,0.0018239766081871345,0.00639231548115605
A,nominal,347,0.004682693893322417,0.018135810820452108,0.0018239766081871345,0.006272028209312772
A,nominal,348,0.004166410710647877,0.01806018456782184,0.0018239766081871345,0.006156646253113005
A,nominal,349,0.0037200465064684374,0.018233147051419814,0.0018239766081871345,0.006103351570738451
A,nominal,350,0.0033684580924441855,0.018561889521594814,0.0018239766081871345,0.006098898170377973
A,nominal,351,0.0031356492629300114,0.018859170714216774,0.0018239766081871345,0.006111465882484754
A,nominal,352,0.0030424140953578785,0.01911843042658731,0.0018239766081871345,0.006143829341509783
A,nominal,353,0.003104374899033239,0.019335258948207923,0.0018239766081871345,0.006198174239228297
A,nominal,354,0.0033308870034203727,0.0195075541965433,0.0018239766081871345,0.00627591446393054
A,nominal,355,0.0037240449647964607,0.019635293301497506,0.0018239766081871345,0.0063774538530787465
A,nominal,356,0.0042787101982843115,0.01971996585331478,0.0018239766081871345,0.006502081101676236
A,nominal,357,0.004984308330896234,0.019764089462849525,0.0018239766081871345,0.0066482256907886466
A,nominal,358,0.005823671793482936,0.019771052747561024,0.0018239766081871345,0.006813201664920851
A,nominal,359,0.006775892869043719,0.01974416062006805,0.0018239766081871345,0.006993577678189428
A,high,0,0.026694548142623883,0.03562176327146764,0.006079922027290448,0.018227351152844355
A,high,1,0.027820928906314813,0.03545352451655087,0.006079922027290448,0.018414123474242823
A,high,2,0.028996308228806982,0.03523202623519388,0.006079922027290448,0.018600065197660984
A,high,3,0.030191542529438734,0.034962348187608745,0.006079922027290448,0.0187804855198923
A,high,4,0.03137477554633265,0.03465942583004677,0.006079922027290448,0.01895208603828059
A,high,5,0.03252463094468895,0.03433119879822068,0.006079922027290448,0.019112247513237743
A,high,6,0.03362300206977764,0.0339613434816016,0.006079922027290448,0.019254258392081725
A,high,7,0.034655738440095576,0.03355101936883152,0.006079922027290448,0.01937558631752965
A,high,8,0.035613017925420626,0.03310175381894716,0.006079922027290448,0.01947461437512043
A,high,9,0.03648943404244387,0.03261628772070686,0.006079922027290448,0.01955082295577987
A,high,10,0.0372837136898352,0.032099531776387205,0.006079922027290448,0.01960492114351314
A,high,11,0.03799805058784439,0.03155808220882557,0.006079922027290448,0.019638622377518507
A,high,12,0.03863709327117202,0.03128140779210634,0.006079922027290448,0.019709259466525998
A,high,13,0.039206739159506974,0.03140863648570691,0.006079922027290448,0.01984510246495397
A,high,14,0.03971289256448707,0.031514315557370165,0.006079922027290448,0.019964368054942935
A,high,15,0.04016038270765861,0.031597342879687865,0.006079922027290448,0.020067782765564614
A,high,16,0.04055219053011742,0.03165759213360425,0.006079922027290448,0.02015590305335705
A,high,17,0.04088904709434233,0.03169585386552804,0.006079922027290448,0.02022902552823984
A,high,18,0.041169405873578556,0.031713647828097595,0.006079922027290448,0.020287144971086968
A,high,19,0.04138969882593868,0.03171297349189424,0.006079922027290448,0.02032995561751129
A,high,20,0.04154478499498632,0.03169604730776934,0.006079922027290448,0.020356887388451397
A,high,21,0.04162845853022929,0.03166508789956171,0.006079922027290448,0.020367163046742884
A,high,22,0.04163395917892763,0.03164118633799295,0.006079922027290448,0.020363576124156058
A,high,23,0.041554385496692464,0.03164357903061097,0.006079922027290448,0.020348531096940244
A,high,24,0.04138306190333875,0.03162895570924722,0.006079922027290448,0.020312284135007012
A,high,25,0.041113709999885846,0.031599586299169515,0.006079922027290448,0.020254053859464983
A,high,26,0.04074065783178871,0.03155775789441576,0.006079922027290448,0.020173180453451164
A,high,27,0.04025886235678105,0.03150568813025594,0.006079922027290448,0.020069113155367833
A,high,28,0.039663961395262994,0.031442508729333574,0.006079922027290448,0.019940832382962296
A,high,29,0.038952246838240986,0.031369005630805705,0.006079922027290448,0.019787768512484736
A,high,30,0.038120637443616275,0.031286114812936305,0.006079922027290448,0.019609503363850405
A,high,31,0.03716661017319102,0.031196522525870473,0.006079922027290448,0.019406068752253702
A,high,32,0.0360881669056355,0.031099636320421436,0.006079922027290448,0.019176959693188486
A,high,33,0.03488403115458536,0.030993082937813114,0.006079922027290448,0.018921464735360324
A,high,34,0.033553096958142424,0.030876404430130563,0.006079922027290448,0.018639279023055164
A,high,35,0.0321537190913519,0.030751465162740216,0.006079922027290448,0.018342141180134917
A,high,36,0.030637986025375676,0.030617102079389245,0.006079922027290448,0.01802048501067542
A,high,37,0.02900018988051905,0.030474085040650224,0.006079922027290448,0.01767334793784976
A,high,38,0.02724055290476791,0.03032681110658361,0.006079922027290448,0.017301630411569496
A,high,39,0.025359859988372507,0.030179874138796633,0.006079922027290448,0.016906380921475467
A,high,40,0.023362145776895594,0.03002483586867482,0.006079922027290448,0.0164867410615147
A,high,41,0.021245441369847094,0.02985934134379295,0.006079922027290448,0.01604186797536843
A,high,42,0.01901111478501309,0.029684282509843833,0.006079922027290448,0.015572202201726493
A,high,43,0.016661590250949494,0.029501511198530738,0.006079922027290448,0.015078577280600435
A,high,44,0.01419665873044762,0.029306069236346485,0.006079922027290448,0.014559985958439395
A,high,45,0.0116179402227097,0.029104907811478738,0.006079922027290448,0.014018099032005545
A,high,46,0.00892722331651238,0.028922733822873983,0.006079922027290448,0.013458081313720538
A,high,47,0.006126463512733769,0.028726441090501285,0.006079922027290448,0.01287386054643958
A,high,48,0.003217786991123953,0.028516083404516484,0.006079922027290448,0.01226586167556344
A,high,49,0.0002034908778142368,0.02829172907900639,0.006079922027290448,0.011634545800549831
A,high,50,-0.002913948825179732,0.02805347444316703,0.006079922027290448,0.010980414350484854
A,high,51,-0.006131874509616695,0.02780174246201009,0.006079922027290448,0.01030406782697727
A,high,52,-0.009447441319044264,0.027622152168958778,0.006079922027290448,0.009622750653004778
A,high,53,-0.012857610069534807,0.027479143832672706,0.006079922027290448,0.008930123540572689
A,high,54,-0.016359142442431,0.02731999960935484,0.006079922027290448,0.00821654135807482
A,high,55,-0.019948595796041607,0.027144597522347547,0.006079922027290448,0.007482651408636635
A,high,56,-0.023622317841128376,0.02695294031095301,0.006079922027290448,0.006729166173455094
A,high,57,-0.027376442938092514,0.026765301979363006,0.006079922027290448,0.006079922027290448
A,high,58,-0.03120689034933151,0.026592964010474424,0.006079922027290448,0.006079922027290448
A,high,59,-0.035109359636606094,0.026404339922938024,0.006079922027290448,0.006079922027290448
A,high,60,-0.039079335100886875,0.026740675597031506,0.006079922027290448,0.006079922027290448
A,high,61,-0.04311208346916926,0.027506381931415157,0.006079922027290448,0.006079922027290448
A,high,62,-0.04720265897642197,0.028279346045926714,0.006079922027290448,0.006079922027290448
A,high,63,-0.05134590825217788,0.02905835842636642,0.006079922027290448,0.006079922027290448
A,high,64,-0.05553647824486988,0.029843001452095962,0.006079922027290448,0.006079922027290448
A,high,65,-0.05976882317122348,0.030632943430380186,0.006079922027290448,0.006079922027290448
A,high,66,-0.061676521729491486,0.031373388347888324,0.006079922027290448,0.006079922027290448
A,high,67,-0.06600493864560716,0.0323223743540584,0.006079922027290448,0.006079922027290448
A,high,68,-0.07035878476038557,0.033283872704062176,0.006079922027290448,0.006079922027290448
A,high,69,-0.07473192278083435,0.03425772262870878,0.006079922027290448,0.006079922027290448
A,high,70,-0.07911810166904937,0.035243764158420135,0.006079922027290448,0.006079922027290448
A,high,71,-0.08351098308427073,0.03624183755096539,0.006079922027290448,0.006079922027290448
A,high,72,-0.08790416108423788,0.037251782886920756,0.006079922027290448,0.006079922027290448
A,high,73,-0.09229118934361037,0.0382734396572154,0.006079922027290448,0.006079922027290448
A,high,74,-0.09666560950760365,0.03930664602710185,0.006079922027290448,0.006079922027290448
A,high,75,-0.10102098047242433,0.040351237741437236,0.006079922027290448,0.006079922027290448
A,high,76,-0.10373684084141475,0.04117682940803463,0.006079922027290448,0.006079922027290448
A,high,77,-0.10765282758841432,0.042273196051020145,0.006079922027290448,0.006079922027290448
A,high,78,-0.11196082664475257,0.04334893218750101,0.006079922027290448,0.006079922027290448
A,high,79,-0.11622665510399298,0.04443542262099493,0.006079922027290448,0.006079922027290448
A,high,80,-0.12044450092822107,0.04553249440756548,0.006079922027290448,0.006079922027290448
A,high,81,-0.12460877668672107,0.04663997729482027,0.006079922027290448,0.006079922027290448
A,high,82,-0.1268730981313493,0.04755504592110553,0.006079922027290448,0.006079922027290448
A,high,83,-0.13088926357454309,0.048688104314307694,0.006079922027290448,0.006079922027290448
A,high,84,-0.13507302867958518,0.04980477485762473,0.006079922027290448,0.006079922027290448
A,high,85,-0.1390364529933172,0.05095070927403032,0.006079922027290448,0.006079922027290448
A,high,86,-0.1429253711679709,0.052106363257290095,0.006079922027290448,0.006079922027290448
A,high,87,-0.14467203647307625,0.05308408566409023,0.006079922027290448,0.006079922027290448
A,high,88,-0.031399197282904995,0.05749650333475326,0.006079922027290448,0.011167116189444106
A,high,89,0.01324690754580044,0.05919457259301976,0.006079922027290448,0.020201068253181326
A,high,90,0.011422472120429347,0.059930026775858,0.006079922027290448,0.019988791207853285
A,high,91,0.0027930330632484654,0.05992933840950351,0.006079922027290448,0.018306505160380505
A,high,92,0.06398343460429184,0.061143709080482396,0.006079922027290448,0.03047117810619381
A,high,93,0.21386588794283481,0.061988713184556204,0.006079922027290448,0.05985274875777603
A,high,94,0.19720891622968906,0.059430899787905736,0.006079922027290448,0.05610717661161692
A,high,95,0.19433653335218712,0.05823221989840602,0.006079922027290448,0.05531359712487196
A,high,96,0.1913906299309943,0.057043577923924275,0.006079922027290448,0.054507642856709275
A,high,97,0.18837359594826403,0.05586507107758211,0.006079922027290448,0.053689798640515825
A,high,98,0.19697440572318106,0.05610536255741503,0.006079922027290448,0.05541321019114934
A,high,99,0.18905053070359779,0.05439478441721953,0.006079922027290448,0.05353514914635816
A,high,100,0.18555590873350244,0.053237112484602674,0.006079922027290448,0.05262826924329535
A,high,101,0.17725765400191915,0.05142231535076176,0.006079922027290448,0.050656914103836444
A,high,102,0.17397000587206113,0.050294699856216936,0.006079922027290448,0.04979623893338754
A,high,103,0.1795249713693683,0.05048492685072154,0.006079922027290448,0.050916159497093536
A,high,104,0.17566015217458605,0.04936089854232935,0.006079922027290448,0.04994367460368721
A,high,105,0.17162386476534208,0.04822251201062413,0.006079922027290448,0.04893496623313182
A,high,106,0.16756692236939566,0.04709281968730575,0.006079922027290448,0.047923926326842385
A,high,107,0.1616023826323766,0.04559555190642617,0.006079922027290448,0.04646938295103368
A,high,108,0.1578380866966177,0.04452720810639323,0.006079922027290448,0.04552734791481695
A,high,109,0.15129804565723987,0.04285007372056307,0.006079922027290448,0.04392555933290506
A,high,110,0.1476810705779743,0.04181071697657491,0.006079922027290448,0.04301789231082831
A,high,111,0.14932601357268896,0.0418085068660172,0.006079922027290448,0.04333811314594662
A,high,112,0.14530651610603137,0.040748887117260255,0.006079922027290448,0.04234803181740578
A,high,113,0.14129311686948223,0.039700764992474095,0.006079922027290448,0.041361380479913515
A,high,114,0.13728824488871605,0.038664174639437214,0.006079922027290448,0.04037863928424041
A,high,115,0.13329450225607178,0.03766200708046132,0.006079922027290448,0.039404777648447
A,high,116,0.12931468818390657,0.03676838007373854,0.006079922027290448,0.038454789134043876
A,high,117,0.12535180185061498,0.03588163934314705,0.006079922027290448,0.037509442727828864
A,high,118,0.12140903602283185,0.0350018888222737,0.006079922027290448,0.03656938106142408
A,high,119,0.11748979206284095,0.03412924304471013,0.006079922027290448,0.035635289494649336
A,high,120,0.11359419180181284,0.033262238818762384,0.006079922027290448,0.03470690655371837
A,high,121,0.10973338333956208,0.03240426040712254,0.006079922027290448,0.03378706505783326
A,high,122,0.10590505989906893,0.0315525272976479,0.006079922027290448,0.03287477333269334
A,high,123,0.10159905095978383,0.030423265318727386,0.006079922027290448,0.03181526633109381
A,high,124,0.09796157327158932,0.02968130466890419,0.006079922027290448,0.030961574647269688
A,high,125,0.09707183749582862,0.02936507655116874,0.006079922027290448,0.03072649396627629
A,high,126,0.09344332778703852,0.02863562834854452,0.006079922027290448,0.02987698950011365
A,high,127,0.08987194931141518,0.027914846831875895,0.006079922027290448,0.029040311139043096
A,high,128,0.08636273716218687,0.027205104385484694,0.006079922027290448,0.028217902835803426
A,high,129,0.08292086115669454,0.027007597915550987,0.006079922027290448,0.02750847155404396
A,high,130,0.07955157450592464,0.02705343309047373,0.006079922027290448,0.02686062526245582
A,high,131,0.07626020455131877,0.027094987455460004,0.006079922027290448,0.02622713294479118
A,high,132,0.07305212581701821,0.027130908595682648,0.006079922027290448,0.025608778637953387
A,high,133,0.06993272637781152,0.027160814102341585,0.006079922027290448,0.025006538105293005
A,high,134,0.06690738787598523,0.027186939149882346,0.006079922027290448,0.024421896106406934
A,high,135,0.06398144004668188,0.02735893766489499,0.006079922027290448,0.023885063881399
A,high,136,0.06116013239882294,0.027576425505241652,0.006079922027290448,0.023377496667458985
A,high,137,0.058448599659749086,0.027792143987248108,0.006079922027290448,0.02289098316705598
A,high,138,0.055851817094703576,0.02799752972549941,0.006079922027290448,0.022424823941560035
A,high,139,0.0533745658433314,0.02819714828192562,0.006079922027290448,0.021980840960089086
A,high,140,0.05102138613853019,0.028389495664396597,0.006079922027290448,0.021559626082441868
A,high,141,0.04879653543488192,0.028573279574671175,0.006079922027290448,0.02116175731180372
A,high,142,0.04670435467026851,0.028751614113741945,0.006079922027290448,0.020788687872126795
A,high,143,0.04474914340221443,0.028941862128497725,0.006079922027290448,0.020444640454329855
A,high,144,0.04292944531219625,0.02912944647838018,0.006079922027290448,0.020126489627792676
A,high,145,0.041248116409684545,0.029309522762484653,0.006079922027290448,0.019833847791845844
A,high,146,0.039707465289993235,0.02948103719932972,0.006079922027290448,0.019566959549575626
A,high,147,0.03830920190356137,0.02964370391062543,0.006079922027290448,0.019326102497892166
A,high,148,0.03705420166830093,0.029797885561911878,0.006079922027290448,0.019111517978598988
A,high,149,0.03594263877067175,0.029944211655153034,0.006079922027290448,0.018923362656106193
A,high,150,0.034974169476640074,0.030084836228994844,0.006079922027290448,0.018761989416303103
A,high,151,0.0341476517936808,0.030220611213682688,0.006079922027290448,0.018627341716834986
A,high,152,0.03346100172276324,0.03034892330925468,0.006079922027290448,0.018518503904876787
A,high,153,0.03291121027878077,0.03046888560763518,0.006079922027290448,0.01843471654705964
A,high,154,0.032494308729279796,0.030579820893346685,0.006079922027290448,0.018375074000511984
A,high,155,0.032205341471613136,0.03068269892383848,0.006079922027290448,0.018338799297358988
A,high,156,0.03203837045690286,0.030775405275781542,0.006079922027290448,0.01832432275490924
A,high,157,0.03198651135985206,0.030855750134681635,0.006079922027290448,0.01832987553499682
A,high,158,0.03204203035936487,0.030921544794656957,0.006079922027290448,0.018353523421836614
A,high,159,0.032196511789970815,0.031016148378671945,0.006079922027290448,0.018402078005583383
A,high,160,0.032441115184861855,0.03112038753521317,0.006079922027290448,0.0184700785029386
A,high,161,0.032766936773176915,0.031213226504928058,0.006079922027290448,0.01855168874816861
A,high,162,0.033165468472317355,0.03129248844079653,0.006079922027290448,0.01864482590898906
A,high,163,0.03362913067475775,0.031355987711845876,0.006079922027290448,0.018747586430137162
A,high,164,0.034151821301303,0.03140174716042807,0.006079922027290448,0.018858395411643487
A,high,165,0.034729391185803,0.03142825658356816,0.006079922027290448,0.01897614966264545
A,high,166,0.03535993979227609,0.03143472480751568,0.006079922027290448,0.01910032448339021
A,high,167,0.036043821222627066,0.031421265492799375,0.006079922027290448,0.01923101105563868
A,high,168,0.03678327782180916,0.031388961906749384,0.006079922027290448,0.0193688576468925
A,high,169,0.03758169970856542,0.03170546074383774,0.006079922027290448,0.019586191121326153
A,high,170,0.03844257852310937,0.03225347997838527,0.006079922027290448,0.01986083011725042
A,high,171,0.03936829813882234,0.03277024579313869,0.006079922027290448,0.02014201636100605
A,high,172,0.0403589555643717,0.033249091927071484,0.006079922027290448,0.02042846929657762
A,high,173,0.04141138013970593,0.03368506504825845,0.006079922027290448,0.020718605299798125
A,high,174,0.04251848926021249,0.034075395885857784,0.006079922027290448,0.021010503927109216
A,high,175,0.04366902680797499,0.03441854203942888,0.006079922027290448,0.021301670340624537
A,high,176,0.04484767172626545,0.034713304060006805,0.006079922027290448,0.021588884168863988
A,high,177,0.046035459356741755,0.034959509396263175,0.006079922027290448,0.021868414961599403
A,high,178,0.04721042329027451,0.03515688714396948,0.006079922027290448,0.022135927959891614
A,high,179,0.04834840373395507,0.03530456701206009,0.006079922027290448,0.02238654400507118
A,high,180,0.0494239549933815,0.03540070683144656,0.006079922027290448,0.022614943825502547
A,high,181,0.05041134301535519,0.03544228633424038,0.006079922027290448,0.022815522290369504
A,high,182,0.051285615747232456,0.03542509639024736,0.006079922027290448,0.022982594958573063
A,high,183,0.052023756185586675,0.03534549894632049,0.006079922027290448,0.023110965912652468
A,high,184,0.0526059021274377,0.03521719350449289,0.006079922027290448,0.02319943384638023
A,high,185,0.05301659480153941,0.035016426089866805,0.006079922027290448,0.023240354949591854
A,high,186,0.053245969299309207,0.034738320821569246,0.006079922027290448,0.02323085577405038
A,high,187,0.05329075821414318,0.03438038159007535,0.006079922027290448,0.023169812827333047
A,high,188,0.05315492482006314,0.03394270757552342,0.006079922027290448,0.02305801801083559
A,high,189,0.052849750769147004,0.03342897323661033,0.006079922027290448,0.022898386745761664
A,high,190,0.05239322332286461,0.032847144432821634,0.006079922027290448,0.02269597812001681
A,high,191,0.05180868462399998,0.03220905668740207,0.006079922027290448,0.02245764937844095
A,high,192,0.05112284135945544,0.03190148802649683,0.006079922027290448,0.022264001829620322
A,high,193,0.05036337272738689,0.0321155165511898,0.006079922027290448,0.02215767822194477
A,high,194,0.04955650146893025,0.03229021664664756,0.006079922027290448,0.02203444797574616
A,high,195,0.04872488790574812,0.03242360148716213,0.006079922027290448,0.021898341012263206
A,high,196,0.04788614284396524,0.03251574996063299,0.006079922027290448,0.02175280561493143
A,high,197,0.047052095423377766,0.03256864712810893,0.006079922027290448,0.02160053461042626
A,high,198,0.04622880772514069,0.032585783440460814,0.006079922027290448,0.021443390090760527
A,high,199,0.04541716357325961,0.03257162649123309,0.006079922027290448,0.021282415217250036
A,high,200,0.04461383560062914,0.032531084493808766,0.006079922027290448,0.02111791814706392
A,high,201,0.04381238698861823,0.03246905564470106,0.006079922027290448,0.020949598953863408
A,high,202,0.043004350376728076,0.03242817486253927,0.006079922027290448,0.020784117980364007
A,high,203,0.042180156359757456,0.03244733076923325,0.006079922027290448,0.020627190473487468
A,high,204,0.04132987128236244,0.03244024757089368,0.006079922027290448,0.020460062154630823
A,high,205,0.040443727707378925,0.03241180577604994,0.006079922027290448,0.020281780406126486
A,high,206,0.0395124805861516,0.03236620651399762,0.006079922027290448,0.02009136200782636
A,high,207,0.03852761490979024,0.03230657773299046,0.006079922027290448,0.01988775685044458
A,high,208,0.03748144817848127,0.03223387416530079,0.006079922027290448,0.01966965347832009
A,high,209,0.03636716140443789,0.03214982898425041,0.006079922027290448,0.0194360605046176
A,high,210,0.035178777768625276,0.0320563171515962,0.006079922027290448,0.01918617834702173
A,high,211,0.03391111692170175,0.03195867224598318,0.006079922027290448,0.018920036874792386
A,high,212,0.03255973453396121,0.031856309026199764,0.006079922027290448,0.018636655664748727
A,high,213,0.03112085657010958,0.031744302603806986,0.006079922027290448,0.018334339020256638
A,high,214,0.029591311839752523,0.03162156800728583,0.006079922027290448,0.018012257280124434
A,high,215,0.027968473336239492,0.03148814665969771,0.006079922027290448,0.01766990643195657
A,high,216,0.02625019940926289,0.03134450368040741,0.006079922027290448,0.017306959666602395
A,high,217,0.024434784466482794,0.031191734678815634,0.006079922027290448,0.01692329807900554
A,high,218,0.022520916381384235,0.031032148266926428,0.006079922027290448,0.016519115915850032
A,high,219,0.02050763630199537,0.03086805189761542,0.006079922027290448,0.016094676062302297
A,high,220,0.018394308530731682,0.030695300749182464,0.006079922027290448,0.015649046643258117
A,high,221,0.01618059271442075,0.03051258957375591,0.006079922027290448,0.015181906878786872
A,high,222,0.013866424043287954,0.030319882168119074,0.006079922027290448,0.014693237078246983
A,high,223,0.01145199244054099,0.030117684374742007,0.006079922027290448,0.014183172868476219
A,high,224,0.008937732939021448,0.02990350160870494,0.006079922027290448,0.013651312777334577
A,high,225,0.006324311628113226,0.029684002244142128,0.006079922027290448,0.013099086524806111
A,high,226,0.003612620834219941,0.029483175590624605,0.006079922027290448,0.01253134433232837
A,high,227,0.0008037741565846588,0.0292687940556511,0.006079922027290448,0.01194202109400307
A,high,228,-0.0021008961271763286,0.02904089558496262,0.006079922027290448,0.011331383909899862
A,high,229,-0.005099839579642459,0.028799550806565773,0.006079922027290448,0.010699748777178034
A,high,230,-0.008191287201576301,0.028544939943238517,0.006079922027290448,0.010047495661142731
A,high,231,-0.011373248246474666,0.02827901737344943,0.006079922027290448,0.009375393592002878
A,high,232,-0.014643508031563652,0.028084804735647936,0.006079922027290448,0.008700057837053465
A,high,233,-0.01799962506083829,0.027920277925327662,0.006079922027290448,0.008013772488204556
A,high,234,-0.021438927419185617,0.027740375069324537,0.006079922027290448,0.007308274395738581
A,high,235,-0.023689833891620767,0.02758680249571263,0.006079922027290448,0.0068395650300374
A,high,236,-0.027295366280279846,0.027377949807064175,0.006079922027290448,0.006096020180659713
A,high,237,-0.03097511758662459,0.02717263380989813,0.006079922027290448,0.006079922027290448
A,high,238,-0.03472547875901968,0.026981485319069725,0.006079922027290448,0.006079922027290448
A,high,239,-0.038542601627807975,0.026772435793096506,0.006079922027290448,0.006079922027290448
A,high,240,-0.04242239781501274,0.02696564760815902,0.006079922027290448,0.006079922027290448
A,high,241,-0.0463605437052085,0.02772035994173138,0.006079922027290448,0.006079922027290448
A,high,242,-0.05035248199042971,0.028481931119998742,0.006079922027290448,0.006079922027290448
A,high,243,-0.05439342943193963,0.029249664606833068,0.006079922027290448,0.006079922027290448
A,high,244,-0.05847838525616569,0.030023207979024087,0.006079922027290448,0.006079922027290448
A,high,245,-0.06260213982296725,0.030802235764975636,0.006079922027290448,0.006079922027290448
A,high,246,-0.06454515277911516,0.0315404185108362,0.006079922027290448,0.006079922027290448
A,high,247,-0.06875886910080084,0.03247989117068529,0.006079922027290448,0.006079922027290448
A,high,248,-0.07299588806466997,0.03343203456285844,0.006079922027290448,0.006079922027290448
A,high,249,-0.07725034553876987,0.03439666976577012,0.006079922027290448,0.006079922027290448
A,high,250,-0.08151625106522625,0.03537361847873069,0.006079922027290448,0.006079922027290448
A,high,251,-0.08578751220750672,0.03636270298626225,0.006079922027290448,0.006079922027290448
A,high,252,-0.09005795754586748,0.037363746142631354,0.006079922027290448,0.006079922027290448
A,high,253,-0.09432136327583049,0.03837657134474235,0.006079922027290448,0.006079922027290448
A,high,254,-0.09857148293717267,0.03940100231532705,0.006079922027290448,0.006079922027290448
A,high,255,-0.10260876644120397,0.04040823197574216,0.006079922027290448,0.006079922027290448
A,high,256,-0.10526677252653714,0.04131108938371645,0.006079922027290448,0.006079922027290448
A,high,257,-0.10948003162743282,0.042367525686598954,0.006079922027290448,0.006079922027290448
A,high,258,-0.11365694910351537,0.043434907535912004,0.006079922027290448,0.006079922027290448
A,high,259,-0.11779168471492625,0.044513060771639835,0.006079922027290448,0.006079922027290448
A,high,260,-0.12187857476055419,0.0456018133170615,0.006079922027290448,0.006079922027290448
A,high,261,-0.12583904228938878,0.04674574290139961,0.006079922027290448,0.006079922027290448
A,high,262,-0.12807151600090724,0.04761047912771073,0.006079922027290448,0.006079922027290448
A,high,263,-0.13251248867565027,0.04876331700549528,0.006079922027290448,0.006079922027290448
A,high,264,-0.13640356018811142,0.04989156213738101,0.006079922027290448,0.006079922027290448
A,high,265,-0.14022421412230032,0.05161272956347763,0.006079922027290448,0.006079922027290448
A,high,266,-0.14197999327060012,0.05198989254558681,0.006079922027290448,0.006079922027290448
A,high,267,-0.14662250586476983,0.053173906654776684,0.006079922027290448,0.006079922027290448
A,high,268,-0.029854680228615208,0.05840263981569118,0.006079922027290448,0.011644826430229233
A,high,269,0.012488319712128167,0.05942824277474496,0.006079922027290448,0.020098745124146805
A,high,270,0.05444559997516065,0.06148755206884318,0.006079922027290448,0.028678977006628425
A,high,271,0.049201019395477455,0.061286783114770475,0.006079922027290448,0.027617505362621426
A,high,272,0.08698453799597605,0.06163305671261853,0.006079922027290448,0.035050213393488225
A,high,273,0.21443998552180885,0.061955282732550306,0.006079922027290448,0.05995814195991407
A,high,274,0.19788184843926923,0.059405630959107045,0.006079922027290448,0.05623342678330922
A,high,275,0.1951136406346311,0.05821542686231371,0.006079922027290448,0.05546180652961888
A,high,276,0.19227170360988044,0.05703530406723235,0.006079922027290448,0.05467777927429099
A,high,277,0.2018995830677005,0.057331392008495366,0.006079922027290448,0.05661227584331304
A,high,278,0.19834176864869196,0.05615307317822377,0.006079922027290448,0.055689052987702874
A,high,279,0.19474663406144613,0.05498665012796006,0.006079922027290448,0.05476087411099536
A,high,280,0.19111563065031908,0.05383213760176631,0.006079922027290448,0.05382802500040651
A,high,281,0.17890197930508586,0.051487970188220364,0.006079922027290448,0.050990243565946634
A,high,282,0.17572320864947802,0.05036885691218062,0.006079922027290448,0.050152449427223904
A,high,283,0.1724869194031883,0.04926056295814581,0.006079922027290448,0.049305552117219126
A,high,284,0.16919612406130438,0.048163223518657004,0.006079922027290448,0.04845016522026538
A,high,285,0.17439440281253432,0.048419761740674035,0.006079922027290448,0.049513482369046465
A,high,286,0.17062798783142533,0.047335349153140104,0.006079922027290448,0.04856790194630905
A,high,287,0.1668373177107737,0.046263048379173916,0.006079922027290448,0.04761995440349856
A,high,288,0.16302475178786843,0.04520290518278441,0.006079922027290448,0.04667010857127736
A,high,289,0.15919275676790845,0.044154966858325435,0.006079922027290448,0.0457188545080378
A,high,290,0.15534391652177845,0.04311928251690139,0.006079922027290448,0.04476670546562961
A,high,291,0.15148093287092534,0.04209590321167027,0.006079922027290448,0.04381419806678278
A,high,292,0.14355334486731886,0.039964558581763884,0.006079922027290448,0.04185339248520131
A,high,293,0.1399518673331807,0.03896957846112381,0.006079922027290448,0.04095739684099503
A,high,294,0.13632884471484474,0.03798685223318875,0.006079922027290448,0.040059590048349615
A,high,295,0.1326883028662295,0.03704209648438431,0.006079922027290448,0.039165769853920826
A,high,296,0.13433856832754604,0.037455073131278015,0.006079922027290448,0.03956796129801639
A,high,297,0.1304815495796735,0.036610847295062796,0.006079922027290448,0.03865153935180045
A,high,298,0.1266319386149375,0.03577343025973086,0.006079922027290448,0.037737888669525994
A,high,299,0.12279361187609744,0.034942991180474926,0.006079922027290448,0.03682779786677824
A,high,300,0.11897059855663378,0.03411969922421362,0.006079922027290448,0.03592208533739716
A,high,301,0.11516707509792547,0.03330372353000825,0.006079922027290448,0.0350215981730865
A,high,302,0.11138736104066049,0.032495233253166264,0.006079922027290448,0.03412721136331905
A,high,303,0.10763591350159961,0.03169439779486558,0.006079922027290448,0.03323982676344351
A,high,304,0.10391731747062467,0.030969686204544197,0.006079922027290448,0.03237368492693351
A,high,305,0.10023627680368744,0.030296952840878768,0.006079922027290448,0.03152499603207918
A,high,306,0.09659759697749996,0.029634929346880213,0.006079922027290448,0.030686652304947402
A,high,307,0.09300617320059304,0.02898387967459414,0.006079922027290448,0.02985965942986105
A,high,308,0.08946697174696021,0.028356062477985066,0.006079922027290448,0.02904737509258192
A,high,309,0.08598500881021988,0.02833290764306861,0.006079922027290448,0.02836411626769756
A,high,310,0.08256532616266422,0.02833696625236791,0.006079922027290448,0.027698302615016008
A,high,311,0.07921296936274232,0.028330365612623233,0.006079922027290448,0.027043535082917264
A,high,312,0.07593295842730094,0.028312993103875393,0.006079922027290448,0.026400770278981738
A,high,313,0.07273025586187652,0.028284951239533198,0.006079922027290448,0.025770995536337177
A,high,314,0.06960973872150505,0.028258057066322676,0.006079922027290448,0.025157465065853358
A,high,315,0.06657615968999904,0.028427948994394207,0.006079922027290448,0.024599241458946052
A,high,316,0.06363411339025106,0.028656535246096924,0.006079922027290448,0.024070301878430407
A,high,317,0.06078799475856396,0.02888770369175694,0.006079922027290448,0.023560565000062553
A,high,318,0.057754083321107375,0.028818037999572,0.006079922027290448,0.022955579204810794
A,high,319,0.05516313611086035,0.02904539530268045,0.006079922027290448,0.022494840431489433
A,high,320,0.05267648533807302,0.029264683020116897,0.006079922027290448,0.022052859329081857
A,high,321,0.05029753567783811,0.029475763471157358,0.006079922027290448,0.02163027273859561
A,high,322,0.04802924498657704,0.02967955519643942,0.006079922027290448,0.021227836292985663
A,high,323,0.04587407396161514,0.02988028143968072,0.006079922027290448,0.020846852904736035
A,high,324,0.043833930085051584,0.030076764410403422,0.006079922027290448,0.020487464813928852
A,high,325,0.04191011221124097,0.030266248326052746,0.006079922027290448,0.02014938801896564
A,high,326,0.040103247175506465,0.030447488635812852,0.006079922027290448,0.019832502107469653
A,high,327,0.04087053833572742,0.03081027092980161,0.006079922027290448,0.020052789330512483
A,high,328,0.03927279744404846,0.03097495857177612,0.006079922027290448,0.019773441718484323
A,high,329,0.03779067650551158,0.031132744920787245,0.006079922027290448,0.019515286827738565
A,high,330,0.036421378134195825,0.031288312607834955,0.006079922027290448,0.01927869215244265
A,high,331,0.035161103318980064,0.03144271652315676,0.006079922027290448,0.019063122776244994
A,high,332,0.03400498258157304,0.03159040555957094,0.006079922027290448,0.0188665473959345
A,high,333,0.03294701731300182,0.03172928198859693,0.006079922027290448,0.018687387778089426
A,high,334,0.03198003792093027,0.03185750070463904,0.006079922027290448,0.01852388667165094
A,high,335,0.0310956910735411,0.03197397970819394,0.006079922027290448,0.01837420483074757
A,high,336,0.030284481149624867,0.03207549997449282,0.006079922027290448,0.01823586376688454
A,high,337,0.02953588882752762,0.03215776349607669,0.006079922027290448,0.018105975111813707
A,high,338,0.028838594356135075,0.032215764944695774,0.006079922027290448,0.017981356588855916
A,high,339,0.028180855885801954,0.03233561197502176,0.006079922027290448,0.01787650445630092
A,high,340,0.02755106183233293,0.0324782869228001,0.006079922027290448,0.017781549464938214
A,high,341,0.026938493316255366,0.03260102946018673,0.006079922027290448,0.017686066818019902
A,high,342,0.026334279980597827,0.03269880407772278,0.006079922027290448,0.0175873458203354
A,high,343,0.02573250724758652,0.03276656488449053,0.006079922027290448,0.017483249928280126
A,high,344,0.025131348417474914,0.03279970575437397,0.006079922027290448,0.01737252517969764
A,high,345,0.024534062131321442,0.032794596644815786,0.006079922027290448,0.017255099176634935
A,high,346,0.02394961512710517,0.032749112231176464,0.006079922027290448,0.017132305527930144
A,high,347,0.023392731008979754,0.03266303695037861,0.006079922027290448,0.01700697231176576
A,high,348,0.022883192755297373,0.032539822795174866,0.006079922027290448,0.01688362876227529
A,high,349,0.022444390761351712,0.03288712480161889,0.006079922027290448,0.016865792507401677
A,high,350,0.022101253544686835,0.03350947088771135,0.006079922027290448,0.016920219187601986
A,high,351,0.021877850219211743,0.034071324390239424,0.006079922027290448,0.016986193880984633
A,high,352,0.02179503360282799,0.034560825826854116,0.006079922027290448,0.01706546967440197
A,high,353,0.02186847799113574,0.03497000108099214,0.006079922027290448,0.01715954757741284
A,high,354,0.02210761974632239,0.035295004229537505,0.006079922027290448,0.0172695173442222
A,high,355,0.02251458002837928,0.035535770894838996,0.006079922027290448,0.01739577990706009
A,high,356,0.023084208236945764,0.03569501305290908,0.006079922027290448,0.017537859900556497
A,high,357,0.023806002200296654,0.035777159487395335,0.006079922027290448,0.017694573428399998
A,high,358,0.02466271870280125,0.03578842932107518,0.006079922027290448,0.01786377154461529
A,high,359,0.02563343579691718,0.03573484355835951,0.006079922027290448,0.01804254958192528
