QP,OQ,DE,CF,EF,objective,constraint_deficit
38.51101265572609,10.619103186770431,36.70876706114784,47.18378112861888,69.76009535905105,1389.670365572767,13.775435267570483
38.862839749230986,9.390326911466504,42.995283885673615,51.26416992262574,63.232745010222075,79.86406085065035,0.765184385487891
38.352731666026614,10.167614976882652,38.64367432951556,53.53552821327558,66.33873529447185,1523.8336996829137,15.199997596092063
40.790706112007925,6.939951787246819,37.112076484481186,45.645782562012435,64.4221415236069,4762.979060850891,47.5209036513539
41.40895895891957,7.259364239733465,39.71132906824821,53.803359550151335,62.51558650890229,3792.4705123457265,37.79217671931812
37.74423047540942,10.394516907095369,36.25975638133522,52.13152113130312,68.3705829101342,291.2041232157673,2.865173760122892
40.515563699022664,8.860508874735242,39.38991478630827,48.144508994869746,62.24055375603923,5111.572237823966,50.99865135166968
37.83663845763905,4.964427065722026,43.327650939654056,51.80172293967127,63.5223395417624,1281.1621449823626,12.719535408902553
40.19941755711546,9.765804642457866,37.367065812448224,46.803066637866976,65.85061155180215,2053.6060261526763,20.46126470749209
39.906222541194,6.07699526736434,42.035235540966944,48.345647142865914,62.988309274405275,1196.2723925732403,11.916733949865597
41.29219783990585,10.804095643286317,39.741189503196914,50.77545394717841,62.60143230685274,4082.2128652921265,40.76667503488938
38.18854956075583,5.894789872195369,43.806247052984276,49.60736381063422,67.90070147088367,194.8754571763867,1.8660278159425543
40.95739004821008,6.236153224937768,37.53446196855149,51.504418413235356,61.492020064781066,3811.1783845674254,37.950371082667075
41.024399570150614,8.453960445485798,43.24991653655896,53.087440750303806,67.27153846950465,1164.6226060335039,11.596605166470669
39.42239818154462,9.075364826283787,38.46347314013513,45.70898856064832,61.37420724680419,3567.979118522175,35.60843265454567
39.345604555200296,8.39140300205525,37.97937978423735,48.42232370329563,68.14395396117628,486.98715304264283,4.804033216855799
39.006964196410046,10.914450824872038,38.92861992883094,47.44740729943093,66.10908548807433,1673.5618581108283,16.634715479699636
41.97221342590263,6.760461997601604,42.35736854582834,45.936653890945266,69.79060629191034,1632.5736229658903,16.211900480545914
36.98012005994378,8.109145712449566,37.90496852229303,50.88466450076842,66.45192921811622,121.6496064889635,1.184919886880877
37.43851715665528,7.579620039260795,41.28535005612185,48.791166879711625,63.85205979919735,4.028758907122729,0
39.079826846507814,7.788346264856573,38.35271369453595,47.76991765724095,65.59643831711625,3.113305076528521,0
41.48181561569656,8.665073839245764,38.128954034361115,48.14420503069012,62.60100523923745,3975.638205055592,39.66129658805338
39.876991678969574,6.122705828194167,38.64367432951556,47.388725170291636,62.005221094998035,4562.33362492391,45.46167421094374
39.28234984303002,8.53293036828304,40.21313382085002,47.795611589707846,66.56459641031017,674.4905324809906,6.667761802270596
37.54215156554113,9.075296464406492,40.33598931154216,46.23642735204403,66.02955114852584,627.7720973787226,6.171132086579524
39.36649540314666,8.679268268332262,40.875477725865615,45.238732041886365,65.65721874100329,977.5624733175221,9.676809897797854
37.406138286657146,8.714778233630339,36.46232019429374,50.17778999243204,69.29854082118943,139.00056568541953,1.3260650673799388
40.515563699022664,5.686868175524882,39.38991478630827,48.144508994869746,66.26560939896152,299.71843114791585,2.9686281452502477
37.99672300880679,4.964427065722026,37.33152828210096,47.229359926925284,63.83195457617486,2955.1805361284364,29.424279709287095
37.39552322559937,9.54551079731848,40.00717974225678,48.645610800901764,65.40721595547693,450.2361464023313,4.4242768261437035
38.537439403730566,7.977657765372493,39.46396442957184,49.6897173497374,66.36829837771549,3.844720185072913,0
38.18854956075583,6.803373661170011,40.996708160086435,46.268749521612406,66.5908994466977,234.29581453109412,2.2573428445693313
40.30840747174464,6.236153224937768,37.53446196855149,45.93717197479526,63.71484805521336,4216.090099320302,42.04338891406075
39.62810139625686,8.749208917981427,36.74757742532515,45.309299508785664,65.88088866621715,885.1580251609503,8.785468633417578
37.74926040952468,6.8456909675760285,35.94443164227164,45.70898856064832,63.76933670304854,1691.567949649888,16.855344606723
41.76869707930866,7.887378105359862,37.97937978423735,45.59755732442,68.14395396117628,1973.3429132585138,19.651681459266577
38.200113803407945,7.139971799229008,36.56058225149022,49.103305428065724,63.99333917804001,4192.090596569126,41.743248934224745
37.01315757496426,10.914450824872038,38.81907029795523,45.988805191856486,64.96277066676873,842.1923695045497,8.308541707094271
40.25112681080612,7.593050577923396,39.268910007078226,46.70974062031993,64.89914980540188,124.16929850768618,1.206117814043525
38.68541354680149,7.633888433158617,37.90496852229303,50.88466450076842,66.74424984870862,1123.8796079191943,11.193638748628645
39.3398183931926,5.523400356631614,36.07624020540925,48.7506578917968,62.10802273489794,5156.587365368014,51.347469534698
40.21685590476636,8.562088771755358,40.67544142838729,47.99911199502461,63.65227955089629,382.4698467108932,3.791342462106972
39.28401053097711,8.80278919700304,38.230379529340766,48.94983259070724,66.87171202583566,344.9389875204723,3.3988113332336374
39.7896801774597,4.756827341314646,41.364614468403374,49.9552702203301,67.37073999061514,3.4078321342949334,0
40.49381855098208,5.739084594678184,40.47884932908672,49.45315866370338,63.677430624278,3927.123972530639,39.14386469701104
39.161969212830364,10.017734408606238,40.69213489114419,45.38961437749332,63.62220058533112,1267.6261922940396,12.58418852909417
39.76902995348583,6.21675807971234,39.05312509609297,49.646273851663864,63.984606436539195,4028.8502905956752,40.14508990843271
37.93781465206347,9.897758120912737,39.865151183777364,52.777729942237016,65.27807443613086,1.706430255825059,0
39.54256282373689,10.365596283775623,38.14467721685606,51.359363818932465,69.76009535905105,1882.800173158298,18.736743167153
38.992529946893626,9.91150508834472,41.95765749792915,53.26661771641317,65.27807443613086,374.0467893546811,3.7047133345610184
37.65401146898171,9.620373150555091,36.87932939880605,52.98066514342596,64.83699694258186,4600.301774826747,45.81124809898792
36.969568110408375,10.167614976882652,42.00695054179501,53.85774200483527,65.0464503976525,74.87027633620444,0.7046750940609572
36.87790961486134,8.53293036828304,41.241327839278384,51.32190994958651,66.80942466200612,278.44887518461985,2.716766420878897
38.52803769465255,6.001726067589907,40.33598931154216,50.588777749606315,66.02955114852584,481.7103099248317,4.7722565290113295
36.95023682494603,10.331798704680644,39.43008069130092,53.803359550151335,65.1528077223152,1.924382033312946,0
38.71812706397119,6.674800782410447,40.64630365672162,52.17898820230848,65.23617026082904,1926.9696538706846,19.18501972131623
38.723414237231545,8.800455374044567,38.59095932672923,50.68929420522127,65.65721874100329,13.471559170659884,0.11604348289316135
39.89028739237854,10.528386245237966,39.731873776152014,53.84491185909104,68.3705829101342,2366.7840185574833,23.59671090720477
37.406138286657146,8.714778233630339,36.46232019429374,53.997922605249265,64.69266878630616,4773.982488966372,47.48666701347814
40.515563699022664,10.530826362980042,39.38991478630827,46.5478011220698,66.62221765502137,2455.3279683666165,24.449101876435247
38.42196606687662,6.311722614098148,43.327650939654056,51.80172293967127,63.44188321307185,1005.5340024354618,9.993227819071425
37.67313972166318,9.806641198121309,42.259726835111415,53.35100414373,65.40721595547693,238.14395557878643,2.3340534728475424
38.3530971094385,7.34449877714711,39.54821647262325,53.56283120686556,61.443917190689646,4157.24046360785,41.321242333513915
38.81394982617599,10.804095643286317,39.18338372427569,51.93657142592164,65.37313571217082,1007.1127460875557,10.025634741245675
38.537439403730566,7.977657765372493,39.38410813862745,51.3153712047257,65.1555971553261,1584.4591241445637,15.787024151295583
39.98188430866725,8.746932043083177,38.007784254030106,52.86917786525395,67.90070147088367,4234.294100744616,42.238202097919086
38.31187380048057,9.632250811296558,40.033903454482825,51.504418413235356,66.42099668279634,372.61752838016054,3.674381660966937
38.9879840784,8.099006717889008,38.25844723639256,50.92143306825079,65.88088866621715,2548.4050764447493,25.40961305791059
38.48670771965075,5.280601407369768,37.07129990772989,52.448266512547484,64.76248767552428,4414.878186537686,43.89576548660408
38.34746574346941,8.968614555476313,38.68434541551121,50.33126282979053,66.33751979977208,3.7387848105007793,0
39.41661046561845,8.625860575039317,38.76520551388814,51.17973371482163,68.14395396117628,269.2765100856423,2.650334690782814
39.87323182088311,7.139971799229008,40.36492870701783,50.15710910994273,63.150576722875456,3930.7771718268086,39.18009561275994
37.9916327821732,9.398531232263721,38.81907029795523,53.79480000569646,64.81987597607667,3640.548430928424,36.259202678801785
37.64629979645904,7.593050577923396,38.11740729693197,52.854630583471284,65.62750250902947,2994.7403522921013,29.812744637815214
38.85536572100519,8.109145712449566,39.45827635907234,51.20867856907641,66.45192921811622,1.926540361441321,0
37.98582772721727,7.507017644176652,36.07624020540925,52.65626428381314,65.34670251945298,4862.380834643899,48.3841681332534
39.0048697379258,8.623332605163544,39.807145115999305,49.01457254833817,65.50036054643083,147.71278200479813,1.4319810350097124
38.0442408587492,8.986504133847966,40.67544142838729,47.99911199502461,63.22228185745285,4.6999708108548015,0
37.74140677087465,7.6468039748792815,38.230379529340766,52.7101625881372,66.87171202583566,1601.5190514984429,15.947908097993558
37.56489813237676,5.935752320159412,41.364614468403374,51.296576403607425,65.59569282293721,295.23291719570835,2.9016887535798777
38.5622658067198,9.381523697428307,39.59546241525905,51.62286792375043,63.677430624278,3155.926941669869,31.46393256959184
38.237552177837365,10.017734408606238,40.69213489114419,51.655195058318064,66.56489152629302,714.2735104761742,7.07541887079427
39.18723512784145,9.425430058236808,38.65845431440765,51.745078186802864,64.68198237069451,4372.95150886988,43.60522920372619
37.77444559173801,8.832886086080656,37.88211940052488,53.35487529974022,64.73978723573016,3935.321256697904,39.17433653779878
39.689518791707755,7.788346264856573,40.89368658675445,50.51691179179031,65.59643831711625,1.8180007034052508,0
38.51101265572609,10.214586568850283,41.29211606044002,47.18378112861888,69.76009535905105,1526.1846259295883,15.10392750865268
37.59408827619606,9.193442183182201,41.048962378977684,53.57339974839672,66.04540249856478,2.761717051983172,0
37.93781465206347,9.80481851149819,36.53184483028319,52.21438749190936,65.93093935407478,4338.696834569195,43.24210031567359
38.826352773920625,9.103673522852143,38.128954034361115,48.709159717450476,61.767854278235404,4751.679528919771,47.361527310708155
36.969568110408375,10.670420158480894,41.466607304073804,45.71944277483688,65.21725404670481,1026.9293439668977,10.129320145720119
36.87790961486134,9.152351752042092,41.241327839278384,49.377859413253994,63.445710078465304,27.567146014870993,0.22331643547668978
38.668230137844084,8.061807565432858,38.27147206727999,52.211377803689004,61.92323333714232,4761.701770981956,47.404533881866236
36.95023682494603,10.74385481469837,41.27173412346031,50.357550556110795,66.2738560602355,1012.9967644226568,10.021267463888625
38.71812706397119,9.938711067894424,40.64630365672162,51.686073812230276,67.37917701229142,931.2993314274692,9.238722280068586
37.69407148692839,10.797981922555891,40.20791302107146,52.902768801245216,65.72937509622518,561.7578687965338,5.5646196092365985
37.74423047540942,10.39118157049723,40.407281945724066,53.06708217277499,68.3705829101342,963.2684858819663,9.547549738229428
37.406138286657146,8.714778233630339,41.665568426627075,50.18803742502102,66.48952434258919,372.97597819381815,3.6512238937186003
38.27436051915684,7.343446393488716,39.38991478630827,48.144508994869746,66.90623940547765,5.898733583265706,0
37.2418586662577,10.31063911305586,41.72472748718433,47.213458984774135,63.839287977118474,819.1386980645934,8.088991841249609
38.15756816095461,8.229875612798367,39.55483726788059,49.75238730634183,66.34121322359464,4.6463138849683805,0
37.51740058833174,10.641067917372046,38.80807407741112,52.92788621595963,64.6952390687177,707.7035974274943,7.047696824002015
38.81394982617599,10.011762847956087,39.751374088935044,52.45748888842658,63.65431719009527,4030.491867297851,40.18568476503028
37.81369247438988,7.327034921305974,39.46396442957184,52.06123129039902,64.39681262829995,2593.394769212171,25.81580858692764
38.45078563850025,9.18125510448061,39.033145329701135,51.41404930854932,65.52564333986277,1.6342065823911904,0
38.31187380048057,9.632250811296558,38.70680685659624,53.125229506195645,66.91483017398913,1.8162376700089604,0
39.62810139625686,8.749208917981427,38.919368234858815,51.09380825473889,63.90188609382717,4805.156922886268,47.909662251386486
37.74926040952468,10.223300371548355,42.46932619210404,49.4784375416489,63.76933670304854,824.4723975104059,8.162970855324419
37.92114747604395,8.968614555476313,39.827914545534284,49.31830669028708,63.41678862084202,1.9252199412848512,0
37.15957109542354,8.625860575039317,40.19741997283651,51.17973371482163,63.56267998470527,375.67522443134243,3.7213548139236856
39.87323182088311,8.911657240862413,37.818902465113766,52.39547596448896,66.46512411745708,5037.910887391102,50.24805846850303
39.509233581736204,8.580321159514108,39.862777347540316,45.988805191856486,65.12959050338047,617.9971101399337,6.106767988592308
40.25112681080612,9.68123186411355,39.0777832140346,46.70974062031993,64.89914980540188,1794.3071363441754,17.869620751852608
38.66104015956161,8.629426471155227,39.819529113448205,47.65539020006047,66.45192921811622,526.158228613327,5.184115915516975
37.98582772721727,7.507017644176652,37.87082900677813,46.932303060246376,64.77717760003961,2.9625144757691486,0
39.0048697379258,8.635061315847848,37.94987908581724,49.01457254833817,64.8470480638333,557.6165145597446,5.546684950756838
38.0442408587492,8.580321159514108,39.862777347540316,46.205583278870115,65.12959050338047,389.00732573445055,3.809222466380601
37.75870211054552,8.80278919700304,39.93174394127321,48.94983259070724,64.32916899108596,4.274341503329205,0
40.19281525711126,4.756827341314646,38.34463702550188,48.9377573559824,67.37073999061514,1666.8561707062904,16.606154954139285
38.501228719424525,7.105126021355817,39.883860089683125,51.62286792375043,65.85467875505815,998.769449509453,9.938002355647978
38.237552177837365,9.289533671982738,40.69213489114419,51.654650915152054,64.92988862287235,2.622737157618656,0
38.35563541989253,7.390630151325428,38.43769666722226,51.745078186802864,63.27296925774708,4098.344765631833,40.78542976529983
37.71682485664107,8.694618754144862,37.88211940052488,52.64641178108791,64.65473194822269,3661.480668223196,36.458557156218205
38.043340927394915,9.785051898432735,40.602859160783645,48.66357669145621,65.59643831711625,730.9889071675501,7.225514835952058
38.52478468216076,10.619103186770431,38.30142724777611,52.55888108153101,67.56220411423752,912.5936446572932,9.068776801901572
38.71123220084247,8.807161161483391,38.78703752657208,51.938091443908256,66.83944280487088,1.8101150631484022,0
39.31802575944285,7.249729418110647,36.77545783663773,50.46383643572645,65.45511662310062,4842.919734041072,48.25595216059655
37.8281561849552,8.06531540856815,42.995283885673615,47.11747905126147,63.75555905690795,275.0277275481119,2.6733610656981
39.1316130383087,7.106815613935382,41.783382443828756,49.318199324908285,63.80704169128,2.418268577691287,0
38.60847027806819,8.624742077742866,38.57930165808332,53.85774200483527,63.426310452848035,4702.465622716038,46.82214376098218
38.70805646969169,8.65920365589016,39.74296231116424,50.45008767563125,66.02955114852584,3.576241243070335,0
37.921809708365565,8.061807565432858,38.27147206727999,52.211377803689004,62.992302322718004,4137.18696755144,41.157241935297634
36.95023682494603,7.749677533122586,38.766796567173294,48.81733602559923,65.1528077223152,195.604150612458,1.920159471959277
36.83382080764548,10.593456505797885,40.64630365672162,48.2297896108456,67.37917701229142,1032.5947333908807,10.189862639012073
38.723414237231545,8.800455374044567,39.884928776156954,50.68929420522127,65.65721874100329,2.9616111895685977,0
38.85199062707154,9.735450987306947,36.46232019429374,50.83455875666698,64.78067459862633,5309.178850888794,52.9378853977592
38.8830709958888,7.343446393488716,38.967299303270146,48.144508994869746,65.22152479546477,2.1462352611643407,0
39.29319476533955,8.433780445570427,41.72472748718433,51.47140581025356,65.15389376380041,2.2944491351015963,0
40.32310532921659,6.4131863476834985,41.05303221691667,47.56434481727543,64.37054490999579,1.9649697434711229,0
37.105049732417925,8.897167665696983,38.80807407741112,52.92788621595963,64.3910742609278,2468.36667856981,24.579913633098293
38.265355116511124,9.055476221164819,40.63129510699859,51.93657142592164,65.5465033239197,2.867209200718098,0
37.42017761695289,9.784102312188658,37.45535539309287,49.6897173497374,63.22196466690828,2774.4734731659755,27.662444074418385
39.2758558054563,8.564671060408855,38.70680685659624,47.9233728705889,67.43903045078072,619.1397070145731,6.117517103930382
38.820168125447104,8.360231765080792,36.74757742532515,51.59192409725003,67.17460449479118,3711.8794915617236,37.00643976909463
37.74926040952468,8.624742077742866,42.46932619210404,51.10522332893653,63.426310452848035,2.886697311156121,0
38.60587354221241,8.625860575039317,40.047971200881946,51.17973371482163,66.3933010876858,3.5181932085241887,0
39.190351455007225,7.6631813048612845,42.28464736582495,50.15710910994273,63.150576722875456,262.9188312684065,2.602870717823609
39.509233581736204,10.173609386339953,36.869034154956196,50.21202214205141,66.36828982559312,4380.309479617701,43.69984262047776
40.25112681080612,8.869537574923799,38.28786889682288,52.28563981066808,67.48096473754117,4273.171172577918,42.634558422587475
39.727510744906745,7.449391736502475,39.45827635907234,51.20867856907641,66.21669552375779,1950.230668505748,19.445779928925973
37.98582772721727,7.219820576320477,36.36254683150993,51.7219271181689,67.77610254453276,2555.747736664594,25.46137646785509
39.0048697379258,9.060015874114049,38.91129261754678,51.208733465846095,65.50036054643083,731.1045527114388,7.2831067757419685
39.26575839191395,8.044711800883315,40.728651242062966,52.75928472891002,69.94958202597203,536.3392933392319,5.299773841655824
38.12972304288577,8.80278919700304,39.93174394127321,51.11578334592927,64.32916899108596,182.18338773650262,1.7960539980115868
39.7896801774597,4.756827341314646,37.90868561214788,53.89094125545227,66.94960222801474,4472.433669763065,44.52359350894505
38.501228719424525,7.105126021355817,39.484585544425045,51.62286792375043,65.35950217290096,2133.020103184904,21.24443354190091
37.33059691598897,9.101960953455347,40.69213489114419,49.90314667332034,67.63633731788921,586.8913723390197,5.774804201012984
38.79325221037301,7.390630151325428,38.82643938966119,49.555647323257595,63.27296925774708,3542.9295595009935,35.297035338445966
37.48988413630414,8.763909718658272,41.191368302085216,53.652942611365965,64.58826467315889,676.6827334029022,6.724061123587106
39.689518791707755,7.788346264856573,37.07139578571224,46.17421805570262,65.83055764831344,122.6325540605177,1.1866317933491448
38.52478468216076,7.726119346675956,39.03222805430595,52.215354670379995,65.69512729690753,2530.0072854907703,25.205670598485924
39.038499985333466,8.807161161483391,39.222024444801356,51.938091443908256,66.83944280487088,29.447904859359294,0.2752882431599346
40.079206150418486,7.631785513715281,39.322994660439136,51.26416992262574,66.33784667551126,2846.6563120481196,28.395302813636256
37.9726824329403,8.782228778640834,40.73587264275384,50.64389959625013,63.56152513763648,2.0631401924757418,0
39.45473138785282,8.861390542740658,39.01390480910694,51.132674078503435,67.45583639000172,336.7477572919447,3.327743658677316
37.72937386829461,9.945645781483233,39.466489987207126,50.72863000420725,63.636621260966145,1.4039474588467509,0
38.867201621562735,8.061807565432858,38.96154941979189,48.906549163127565,66.22208497084904,4.022381118424206,0
36.95023682494603,10.331798704680644,40.15544135164238,49.847895212250414,62.61121588552028,3.8124299521736664,0
38.71812706397119,9.938711067894424,41.57844609830037,51.16524549037348,67.37917701229142,1120.5421952974395,11.115580328153786
38.14242841122783,8.800455374044567,39.884928776156954,50.68929420522127,64.834383032342,1.9754599229113496,0
38.1110952627163,10.139327095705262,43.1369619351647,50.58978375392144,68.3705829101342,1391.9474979399718,13.786236436238664
37.463739306008485,6.3877765719716155,40.24387518969262,53.2034728976412,65.22152479546477,2016.4774798621183,20.053767303044648
38.62634446123232,9.695654014206813,37.48235582564251,49.728121333644175,63.8511946595733,4376.810844341256,43.64301677833043
37.21607779976486,10.462497692123959,38.74946697975823,52.95147305063611,63.6600429012614,2944.8391910870364,29.34427547604385
38.265355116511124,9.055476221164819,41.84806786726212,51.873884032078045,66.63692213395834,469.67728970698863,4.634054286688685
39.30765039039454,10.20626483752475,42.266824653254844,52.534660198203134,64.39557338684793,923.6830845255521,9.192563811966771
38.70015570276948,8.892090357030833,41.68955706119713,52.777729942237016,62.07676570887428,3345.482535783904,33.32237316331403
38.1288904344963,10.135281593188822,38.203404737900584,53.125229506195645,62.55138157866085,4906.377778692797,48.87019513428015
37.74926040952468,7.3029227537623544,41.398573406731856,51.10522332893653,64.4714801418554,57.23957893128748,0.5364872717188729
37.28646547944204,9.575993152025402,41.043873702917985,50.0151736536057,63.41678862084202,4.422322315450641,0
39.00530228969035,9.295227775749968,37.400815720428504,51.17973371482163,66.3933010876858,3274.6616686571847,32.668966806139736
37.510863730265164,10.435645250134987,40.15890374942707,51.019240715677654,63.3511316802602,3.106892072606294,0
40.85427697735424,8.501130114712153,37.63926859641832,48.25692058644327,64.9830683047542,5226.444622546882,52.15623234171486
37.58488589156043,7.593050577923396,39.304824512969034,46.70974062031993,64.20853326747921,4.648411341051784,0
36.95229289447778,8.109145712449566,41.04888991209523,50.593936176187455,61.784549452406196,1533.185466071731,15.268362321633438
36.09429869403928,10.961227093800336,36.1286997515719,53.88856733324614,64.77717760003961,4492.379886174218,44.740695296360755
39.0048697379258,8.612777102280733,37.82810739690237,48.41322811713118,65.50036054643083,48.3502111639651,0.4560776760295937
36.852962013100566,10.785699598922085,40.269079004679206,47.99911199502461,63.22228185745285,604.2720817771606,5.9602039779124585
38.04257793148118,9.094304959892998,39.278837591251715,52.538540293252495,62.77697351435231,3873.3674082321127,38.56475769135609
40.354031932124386,7.767967220100003,39.33833729571782,45.08823477574697,63.43492859628093,252.4778506922101,2.4859075508579993
38.501228719424525,6.310995426580076,39.116694951641,51.13139247888536,62.57288578990801,3906.710408626072,38.86213187661938
38.237552177837365,10.714047881551817,38.33172472248855,52.29553926316362,66.0319430561777,412.3569165624175,4.088574697983525
37.01968526220224,8.263036893897825,41.191368302085216,47.385255950713066,68.10037647664328,666.3171324031474,6.540029196813157
36.87999855893242,9.999331961582746,41.355818435683915,52.55888108153101,64.52461294192936,4.272010587136343,0
36.57706156301315,10.385823049410938,40.178434518613464,46.65513381622507,64.02284369890344,611.4265838858655,6.012577107555224
36.9535610625356,9.890728769241512,39.466489987207126,49.68221917261287,63.636621260966145,4.1319126818358125,0
38.64155270768141,9.726288605967422,40.53232868303873,52.22757867994617,64.12687873051995,671.763993492154,6.692600860726504
38.59790266375091,8.782228778640834,40.952156280332844,50.64389959625013,61.80782272079657,2933.2381090089593,29.231160603432468
38.22079305310203,10.167614976882652,38.21719591010785,50.28442256380127,65.0464503976525,113.40862472988327,1.0998403482510808
36.87790961486134,8.366855158094188,38.04663528588187,48.10450743571396,64.0509003673058,152.13007909977327,1.4928008062198934
37.44321857268618,9.18125510448061,39.39537445281655,51.41404930854932,65.52564333986277,2.867918650721067,0
37.966557073824156,9.937868313823945,38.14689241078036,49.08408132723942,63.105812941995914,12.093135357028697,0.10052501945142467
37.39903809956875,10.331798704680644,40.57555228990051,51.976382252705314,64.62157663283814,175.00822116141563,1.7056533816363562
38.71812706397119,9.840470598967393,40.64630365672162,52.05419426349985,67.37917701229142,876.8248712148303,8.698481290870186
38.14242841122783,9.18404788428096,39.884928776156954,50.69564318063498,64.834383032342,2.750729554612845,0
37.0823313473201,10.561430397931588,38.729433400123966,51.76781889480069,62.62720864707713,2909.9732508883126,29.001381183485954
38.1898717499988,8.714778233630339,36.46232019429374,49.702478365081156,65.6126511414158,2738.1100956918194,27.30247746535139
37.38454469385455,5.340437127327297,38.967299303270146,49.3586840584454,62.18741797789126,3382.114458468522,33.63934267351233
38.251719011734274,9.234361184022909,38.61994920028738,48.58323187970972,63.52043964504995,1.5163117161255952,0
37.53593970061234,9.055476221164819,37.36729787122835,49.79269699982305,65.50055030791192,2.1461760882966825,0
37.8442877417076,10.125781627381302,39.47641341266985,52.901664354731864,66.36829837771549,66.70758342273102,0.6315252453496933
38.30681747874684,8.725760898021285,39.61354671849642,49.814792758735436,62.576872614523054,2543.104088121975,25.350458568782823
38.87330195235366,10.532528573305415,38.70680685659624,53.125229506195645,64.1841435432191,5015.979403897529,50.01500600174088
36.372018802131,10.496363072574024,36.83226515716707,50.52703912113397,65.83733532427962,125.2360109219785,1.2058398870177207
37.939900955254494,9.583922721073197,42.46932619210404,52.27211997988002,65.34439314783414,407.4925773545216,4.018363759619912
37.92114747604395,9.502539120591965,40.28455791375229,49.31830669028708,62.5473726497804,2.0519741742064412,0
37.51885720138418,8.625860575039317,39.719478147324814,50.974844779919955,63.2815858474609,1530.907692009867,15.24926618635696
37.72054236128617,9.678814434251995,41.37273211204774,49.89468166558054,63.3511316802602,106.94410025375953,1.0225118542287657
39.509233581736204,9.45653391419347,39.216247818962415,50.13443175042963,64.54845691888802,323.8547891861067,3.2212064432775662
37.90076862085388,9.839241256142548,41.782834989172486,52.54656309762139,64.20853326747921,2.992928291119938,0
36.873345758451094,10.49863867216893,38.22662649063254,51.0735084788734,64.14248607683443,2.074201534256492,0
37.57045281354454,7.507017644176652,38.50754835533191,50.34809596892085,62.534788555023816,3461.8354576603965,34.457047248486504
39.0048697379258,9.442158572138403,39.39843107599395,48.83767233532046,62.9952676782487,181.38292156714263,1.8010625727801965
38.0442408587492,9.501309626008277,41.06650044073179,47.99911199502461,63.415634802819426,382.6875972759224,3.7637688458890937
36.735321814648415,10.843181113478547,39.93174394127321,48.94983259070724,65.1911392502521,749.7494485265852,7.401152963258536
37.91654648526138,9.375484228598562,40.18515091989093,49.10606859153252,63.390317288752144,3.549448962879679,0
38.223607682928694,10.287309032232333,39.883860089683125,51.62286792375043,61.039676870586916,4412.8480113637015,43.96277546860129
38.91730441073511,9.363613251539661,38.906128365464625,50.202655498902544,64.92988862287235,130.11545030433675,1.2841669492546544
38.79325221037301,9.706741389912068,40.66313589562323,53.516935311432036,63.27296925774708,3975.52583128916,39.618316897702556
37.242757928159506,8.263036893897825,38.087460121123,48.78771699844923,68.10037647664328,161.08078188592953,1.5349042259507435
38.00663003790934,10.305947397094215,40.671055972245725,52.79194287110782,65.93044688610169,485.85177253692785,4.807753241712758
37.62719563736382,9.74123085863822,41.036676590957406,51.79086222827939,63.64228151202108,2.0163375166124657,0
38.71123220084247,10.037126362277657,38.651608559760305,49.289489902235765,66.83944280487088,828.6399369693652,8.211033817411002
37.245333230397456,9.565228411025545,39.466489987207126,49.16982417204768,63.50963562499643,3.702269911453201,0
37.35307746040398,10.148099713262553,42.995283885673615,49.1804207531497,61.51889013324514,367.96539774304733,3.619768811446365
37.95814725389119,10.594245004134162,39.19156183659851,50.46106264885069,64.02244654856123,198.8860879552462,1.9502792331745469
36.969568110408375,9.433175861427546,40.61303966287218,49.85602883607915,63.51329216128432,4.27700274986456,0
37.321518913083864,10.770470049918744,39.242100955019,51.01204608119314,62.537716014376635,90.84914270073445,0.8885349536991072
38.45078563850025,9.18125510448061,38.99566847529461,52.527177709820755,65.52564333986277,2113.070210500046,21.065628594702233
38.867201621562735,10.478655751539867,38.96154941979189,51.49552415101441,63.685321689295925,4389.53942040827,43.779121813452434
37.56112473994012,10.187311400971328,39.43008069130092,50.39009747875461,62.78790353233755,1.257236531355848,0
37.9484838238938,9.840470598967393,39.17091304825192,52.05419426349985,63.49219091564266,3183.50319169378,31.72696904976258
39.00420046921544,8.800455374044567,39.884928776156954,50.81173981291353,63.14705880106833,3519.416605648195,35.08719985423849
36.96520129384203,8.035761081673801,37.87769468101151,50.17778999243204,62.04586952690606,3739.356123434139,37.22075314211072
38.251719011734274,10.42028803875274,39.83542802204223,48.33540792106307,69.25237213578728,1392.5638229825483,13.791019206307942
38.537439403730566,9.20338171125413,39.91553186270267,49.15200079697312,62.48886836120811,542.7625717905017,5.404063670465056
37.76178539755663,10.288428402495803,38.67327235860275,51.02761648142968,63.844629838013596,1.9028662725096535,0
36.92889637436002,10.907843383887037,40.06878683732794,50.78488802149459,61.010738030404156,1069.458957593001,10.661521895291745
37.45618462898398,10.080187806129867,39.49715473971049,50.15206229211984,63.37730352533722,2.7805162627917004,0
37.510863730265164,10.435645250134987,40.15890374942707,49.18956516477173,61.33267046120676,2.0909919048588868,0
38.43450461756849,9.512033149063184,41.26238932810461,51.73029732263038,64.01535642634167,1.9231756961291997,0
38.85536572100519,10.859043628733408,39.45827635907234,50.64372281868042,63.62052219434595,967.1513153561988,9.630387956901282
37.04367023831444,7.507017644176652,40.36813890296599,47.84764850578503,69.70225157700027,705.266652239906,6.929915798435384
37.62582924475674,8.228942621252557,39.73430127648626,50.02727562387575,65.50036054643083,3.6334719031319094,0
38.0442408587492,9.808090099314601,39.01823792668731,50.303487907521145,65.27640962275106,128.4411833393178,1.2419530161601071
36.87047322198452,8.80278919700304,39.02998115665761,47.5880535888601,64.32916899108596,90.59678207307226,0.8479775836062159
38.083137089681806,4.756827341314646,39.428449174774364,49.71895731480295,64.5525737576066,2309.966016861504,22.982468361963782
38.237552177837365,8.983493163768427,39.4662216522478,51.878849778968444,64.36278663471816,2144.202394687984,21.370777347944102
38.79325221037301,9.459079240204943,36.25961430818885,49.555647323257595,65.93240559069132,4263.562141382824,42.53398364865753
37.6060784634675,10.074523426555249,38.087460121123,48.78771699844923,62.76191856819007,1.5063666526748327,0
37.173765655986436,8.72263390416683,39.68924833434993,52.38496130941281,62.08361614903244,3158.166407752546,31.42419339393122
38.515791342437815,7.0377756888982175,41.036676590957406,48.34229587995558,63.08242241009026,154.72449084784225,1.5171469370701882
39.183270715118155,8.15051936862568,40.80931807058689,48.85097707947839,62.390088396008444,1407.3304149125988,14.031163279705048
37.261769690720875,10.187311400971328,40.496210373508056,49.90788317366228,61.55810901462199,1.5042488796851219,0
37.46727162271008,10.190858042379787,40.31273363531772,51.26416992262574,63.17321488769609,1.9712414892561076,0
36.88237627090289,10.772161025308192,40.73587264275384,50.297912760939404,67.55696848986803,1061.2564771549914,10.491837553673788
37.43061358594912,10.217295330843301,39.180466715211146,49.10709329540966,61.760139463140355,1.342162593895477,0
37.81881360713844,9.30754616895992,40.24767699551199,50.54901075206311,63.27229169589336,1.7682542957523788,0
38.867201621562735,9.318199015412663,39.19153138377402,48.94102004557785,63.51168177412988,106.97111027226401,1.0568359853334783
38.77597989410334,9.945645781483233,39.466489987207126,50.02173762023328,64.14668700432705,212.13393628741025,2.0900616536820955
38.71812706397119,10.63709931597322,39.42648051328157,50.86723415013226,63.414384880016804,2253.2225064942877,22.48742044767828
37.250260028611116,7.403235456187144,39.65555847352036,51.33939637252175,64.834383032342,890.5708063129716,8.852667324072161
37.45353121128217,9.065077403547695,39.31721327604777,52.76537555165341,63.80093151396595,2714.4576382602913,27.033638577626917
37.406138286657146,8.714778233630339,41.05049499224088,50.17778999243204,63.076151077037835,2.381940851978352,0
37.627072643807765,7.343446393488716,38.294800186545544,50.81937494080215,65.22152479546477,1764.3741627217385,17.570014427926537
37.57106104088354,8.433780445570427,41.72472748718433,51.47140581025356,62.16142218465829,1242.5669484255882,12.36828337567123
40.32310532921659,9.58676346111846,40.18704218825282,47.56434481727543,62.52847295105348,1225.8996715919805,12.216957938495135
36.95551055995737,10.6123444419275,38.835472198093676,50.098240847909814,62.26061294147953,1.324652639543676,0
37.790271574469664,9.055476221164819,38.85259375381562,48.689327170534106,65.50055030791192,106.3480376650637,1.0087090397660299
37.05153473051988,8.121386097920617,38.280013765456424,51.99930756441181,62.89929968605346,3664.2520045773945,36.453375831904445
37.3439493434712,9.840882004658644,38.8029662060624,50.00401033804258,66.91483017398913,486.94587403153565,4.793405293222683
38.10717620463099,9.199287071750318,36.83226515716707,50.538703712802764,62.697853827551434,5069.079884888115,50.48698379969659
38.16934282985477,8.902413550679212,39.58497471488155,49.42755787510666,63.426310452848035,1.851361861477438,0
37.67968564984656,8.968614555476313,40.167069743929666,49.44942291261935,62.124110283299935,565.2350729629243,5.621956256362842
38.3325974581032,8.436223678901447,39.49715473971049,49.8676226982786,63.09161802832063,2272.296435269589,22.649614258246302
38.16552173702547,10.435645250134987,41.00577731497552,51.53602350610731,63.009634191100304,2.2111526678590168,0
39.509233581736204,10.834298063933462,40.594224117720174,50.46279300739603,63.1258476380217,1978.2323841372975,19.726618268355963
38.43450461756849,9.073636040178515,38.37520450211547,48.41926054859205,62.06341279270425,3730.9505367158645,37.19618835341408
38.85536572100519,8.109145712449566,39.30631149386923,49.56622953158929,69.07450129765269,553.2245798155434,5.453578794933188
37.98582772721727,5.862194574718696,40.94211625660836,50.278779027150875,64.77717760003961,754.118308617675,7.4855836562503
36.88587545617399,8.228942621252557,37.81618088198132,51.63160253053944,62.45524210413766,4024.582904189677,40.03633187660007
38.86261233490024,9.710975395111284,40.67544142838729,51.033345526855726,64.53375442707612,143.09813472190757,1.3977030006204552
37.75870211054552,10.242759513400745,40.17037946658885,48.94983259070724,63.42084558311034,381.4019842295106,3.7572750837224453
39.7896801774597,8.662961689043206,40.76329073429421,49.37545912139378,63.02880706121262,1754.6254325538102,17.509638625792576
37.921587285522925,10.838496762677705,39.906800805692946,51.24470317763671,64.3812769259093,511.8916659629474,5.069346993281808
36.315568132805275,10.87013449201465,40.69213489114419,50.68519925068038,61.04953024202003,86.62359730589247,0.8443452188111705
38.57157989811846,7.390630151325428,38.82643938966119,48.139323215116555,63.27296925774708,2047.6974679608106,20.410688970626524
37.82704427819339,10.074523426555249,38.45378549114883,48.78771699844923,64.03344890731589,104.34077845094833,1.0000428105646066
38.0863419609707,7.788346264856573,40.89368658675445,50.48113499019316,64.03969072211144,80.83822483469817,0.7783590932414057
37.62719563736382,9.129650386873884,40.65402349706041,51.79086222827939,63.415353695161755,551.7732341149904,5.484559109876629
38.03899046210296,10.30479561550331,38.51247359379802,49.92035418944794,63.007149034064476,2196.024564564968,21.909245665177824
37.53415743882502,10.206759859799366,38.59713420329655,48.80325486321054,62.78790353233755,2.6654425174441294,0
37.39518853381657,7.150523995901876,38.87308151550889,52.9174147874232,63.18995691056925,3603.684217415038,35.81522968537111
38.27181424381333,10.353679222884903,40.73587264275384,51.23348674873827,64.34795936961474,443.98487879155346,4.393123815139179
37.49114741752952,9.827523400993009,38.8362635562821,49.67993765077641,62.71764532307223,224.13615640413474,2.219875570156632
37.909585076097244,9.832456479931627,38.02860535810178,50.59860908391867,64.19265750095126,1827.3598124874034,18.222982515647587
38.45078563850025,9.18125510448061,40.73112280932239,52.228761654667274,65.52564333986277,2.4929702226844457,0
37.27883840901193,10.1890282661401,39.46452003301132,49.110471255380084,62.4162453536149,3.045788155776897,0
37.72937386829461,10.933581262438908,38.722432402733226,49.237283514319465,61.8556432006719,83.22329694739307,0.8140160046513074
37.692887983894,9.840470598967393,39.38109206282675,53.20607099063452,63.485961069710434,3364.3151524055625,33.508214369517646
36.589696457344985,10.44364567174085,38.702634578385286,49.78134667758215,61.61648552902191,670.1346235422038,6.673269244488889
37.406138286657146,8.755682042922958,38.16121403115915,47.807879158165626,63.002444221835944,2.2190541472182077,0
37.24542159832245,8.624584167982666,40.208753106272255,48.144508994869746,63.936549754156054,5.21398601195509,0
39.29319476533955,9.299513397698112,42.26957452617158,51.47140581025356,62.1203449120458,2588.271683955953,25.815038479792328
38.48232939238672,6.4131863476834985,40.82828437159663,50.58545011779387,63.52534468341843,2173.1321411128156,21.6359145923024
37.00991623082332,9.754105436027809,39.5806313569855,48.614984045138726,62.64329674191144,3.8053891304666396,0
37.53593970061234,10.877671308494223,40.2429188601924,52.480086700297285,62.28259819913271,2524.7738010732655,25.16838937234125
37.31976806028777,7.940702835320828,38.8774073632599,50.50578552841577,66.36829837771549,3.173370463702529,0
37.89262676979422,8.902413550679212,38.934066048301794,48.7052043746157,63.426310452848035,1.7267367902093318,0
37.92114747604395,9.373509083605402,39.827914545534284,51.335457715779725,63.41678862084202,1485.623443000054,14.806856236827379
39.33452968784632,8.421261712267004,40.48143990755498,51.4247384141973,63.37730352533722,3622.8561754646707,36.115014201106575
36.738718592870974,10.435645250134987,37.90932064605149,49.18956516477173,61.078655157576044,3175.5810385065975,31.652323653766455
36.74107437553518,9.45653391419347,39.216247818962415,49.48929151118737,64.54845691888802,67.48184363016985,0.6252671335397436
38.43450461756849,10.411081484843175,37.940340718423116,50.47207194341161,64.01535642634167,3789.98823892323,37.80678154536328
38.85536572100519,9.991992278636227,38.577950489409574,50.64573379227965,63.9919746920264,3829.922162954488,38.2042867792145
38.58123136957603,8.941442262888565,41.71019673286315,46.932303060246376,61.678428524057836,60.36037198349667,0.5584513579588091
37.99372535966495,9.382748485957272,40.29688139153092,48.80629037729426,62.67386261889577,2.941217325783448,0
38.0442408587492,10.480853118765436,40.67544142838729,50.956654256759585,63.22228185745285,158.25558158718752,1.5471794395357978
37.45173208494391,10.615672411916673,39.73313156924025,49.0048751451171,61.19852751270394,1.8920285832350467,0
39.7896801774597,4.756827341314646,40.505159043935535,49.43968058670806,63.09190858747101,3557.146085313194,35.41976267084384
37.921587285522925,10.469752499902647,40.48209410488679,51.24470317763671,64.87030858935523,556.2886755450411,5.506340102671087
37.24542159832245,9.289533671982738,40.208753106272255,52.26597086426413,63.936549754156054,337.0629204935095,3.3391770605409556
37.357381347299174,7.390630151325428,42.41163310594584,49.75203490684254,67.85466351039184,364.8509404986091,3.5549216928338927
37.330414046184075,10.056939236143034,41.57868661794147,48.16519229129847,68.58645995157349,1131.4508057289308,11.16583796617585
39.689518791707755,10.67776493088811,38.96587561564539,50.51691179179031,65.59643831711625,2286.540542045001,22.796888293861862
39.20406582948979,8.501329651467923,40.45743234904611,50.65849718557645,64.42039892577948,202.60207624671128,2.004758918151239
38.71123220084247,8.807161161483391,40.99689922768208,50.65446275589359,66.83944280487088,469.11208482141114,4.628504944327608
38.66596692500206,8.94495791912783,41.08952159874577,49.589928877671696,62.851046491866505,1.4814291456888817,0
38.68048817899023,8.64993268580713,39.10122992845756,49.30786316723673,63.56152513763648,1468.7620145447056,14.6434158199177
37.11812050987978,10.217295330843301,38.183865846373926,51.324316233742195,63.91413812244289,737.0736557413743,7.34039063150104
36.87790961486134,9.690714358896745,38.754266469882054,53.970912496776094,66.80024975053567,2.341599048396577,0
37.036629752338655,9.59511613725852,39.033145329701135,52.31034180612509,62.92616937097586,2902.2000490631,28.903000961117232
38.05408858895623,10.656975807830081,39.81021422458374,46.0519939733552,62.4162453536149,784.9559241247109,7.770503074975764
39.17000416445113,7.734380956926582,39.466489987207126,50.72863000420725,65.10113550750367,2030.0442925093473,20.236610804085544
36.752508238016055,9.840470598967393,40.64630365672162,48.77505602791202,68.75386438406493,890.9956929160483,8.773811860015336
37.61842162408917,7.215921913863307,39.884928776156954,50.68929420522127,64.834383032342,546.8691745964662,5.424417275577881
37.406138286657146,9.98886122806995,38.92146335386935,50.32262746560931,63.60358667418949,1.7057559333780674,0
36.51286609708482,10.40878682722583,38.967299303270146,48.4765923148012,61.59372792795265,45.65714463160218,0.42718370163160546
37.89290969996892,9.937982924882775,36.80326929919284,51.47140581025356,62.16621939391271,5185.520477156171,51.64746074476038
38.361387662527065,10.041420078408898,40.40803678708714,47.56434481727543,64.37054490999579,806.9020057588476,7.987479204785313
37.739453979984134,10.263714628176997,38.68622237796664,49.021090901332755,62.26061294147953,1.4529795339664748,0
37.53593970061234,10.612600556544995,37.34217841650881,49.79269699982305,62.4206407433081,4231.706565953588,42.18044521139629
37.08373239712392,9.897758120912737,39.865151183777364,51.32377922418968,66.73760912926433,434.8066904280632,4.276306668816277
37.17556381619253,10.532094958169488,38.70680685659624,53.125229506195645,66.91483017398913,209.0822732534676,2.044510369780567
38.143467547405876,10.496363072574024,41.08767000740272,50.51328320935267,61.37805102108058,1.1161349084489887,0
39.71078615867998,9.941864537217212,37.383590180598375,52.01054539644785,61.06886354783789,3953.349490314415,39.39901640389293
37.92114747604395,8.968614555476313,42.69135993867429,48.277548534214844,63.41678862084202,387.12876630946425,3.801498355867526
37.883887805231474,8.916163395044173,40.93183557643025,49.427812518039275,62.94994098299878,2.584714146748095,0
38.603010349031436,10.435645250134987,40.060411175224445,49.53078038504502,61.33267046120676,3365.5489183774566,33.57633545747572
38.92850334072553,9.197825850424358,39.55402722087327,52.2102511338096,66.40639134411042,42.35273645530738,0.4049188337708358
38.43450461756849,10.247458929857158,39.386610624882664,49.259084164861115,61.71884066420844,3280.229463873823,32.723033051400336
38.85536572100519,10.160268200911686,39.45827635907234,53.14184083272122,66.38974357784646,283.76184114388354,2.8121619037150367
37.883887805231474,9.491768781383378,37.87082900677813,49.427812518039275,65.70562974741698,28.221678399662906,0.2391350697875101
37.99372535966495,6.960956147500177,38.8318951740368,50.64080056865305,62.67386261889577,3634.9443092283595,36.17147350103674
38.0442408587492,9.037915988137044,40.67544142838729,51.850911015438825,64.50127393517971,1.8756859800154555,0
37.753931033068056,10.615672411916673,39.73313156924025,49.0048751451171,63.1074927498904,441.18405364570856,4.356888177901021
37.82764729152692,9.70136157581317,38.96249578785487,53.666463747998485,65.00259245791038,2984.204453558515,29.733255587230605
37.921587285522925,5.536321924976119,39.906800805692946,51.24470317763671,63.96864947799732,2671.478560853968,26.571965021388532
38.603010349031436,9.289533671982738,40.060411175224445,51.654650915152054,62.441301847230385,3831.900034448311,38.18483078287043
37.357381347299174,10.759845138828151,41.6406214277985,53.639479929077815,64.0360238661911,48.624903855229306,0.4535605255420685
37.99233700437818,10.074523426555249,42.138452246100734,48.340640882287076,61.02522415314334,223.94972995073462,2.192957289970579
39.689518791707755,9.13374433141514,39.96407775225841,50.51691179179031,65.59643831711625,392.0886942432557,3.8878838575515116
38.998556807312546,9.74123085863822,42.182595640709664,52.78247008564979,63.64228151202108,78.32338257594864,0.7731190521995615
36.824333541769896,8.807161161483391,38.923071104125945,51.938091443908256,62.67414572519105,3072.250350554825,30.584226452289936
38.57651302191273,10.496363072574024,41.83524419478969,52.37315522783558,61.37805102108058,3431.6692463492122,34.21175279488881
38.66596692500206,10.719057944011377,41.08952159874577,50.943100442105504,62.47421691843588,473.3636048244371,4.702440745427972
38.07465691374905,10.568289130435144,40.31803938694289,49.43006803206153,63.56152513763648,611.0786197002533,6.0514282997573225
38.29266964390874,10.864268396828727,41.98796671210729,50.87054534774406,61.760139463140355,458.8019750886461,4.548780692729698
37.79648491135537,10.548242569956821,40.85657365026721,51.77512758874928,62.29903583970778,1.560161278201515,0
38.45078563850025,10.886654765403268,39.033145329701135,49.76988666722434,61.343581565860944,4583.324764193,45.7038358090188
37.682759393635955,9.972837479795666,40.13207758308142,48.64422639667129,62.4162453536149,3.9027697332293956,0
39.06279165348818,8.239631707809767,39.466489987207126,50.72863000420725,62.79358090010082,4206.464764307248,41.91410474576294
39.043046988289014,9.840470598967393,40.64630365672162,48.07231408114369,63.34871585895355,686.5604495092305,6.806281947876864
37.057810528173036,8.800455374044567,38.50149354605348,51.41438971787094,62.926289153465916,3127.690944826713,31.14110563002529
37.74423047540942,9.070060116810692,36.25975638133522,50.50909878595954,64.16308654771555,4576.716161747454,45.58745413280399
37.406138286657146,10.891367556939153,38.92146335386935,50.32262746560931,61.0288018963621,3689.37717897245,36.76984233266141
39.18604213324896,7.343446393488716,41.90126952496256,49.79365623724712,63.04645746383919,833.0844221966622,8.292627412749724
39.29319476533955,10.697797201276682,41.88378957529019,51.286262540059724,61.105216070326534,4051.5352362989565,40.415354232968426
40.32310532921659,10.634564513715848,39.90717862276898,49.693867720851905,61.3564555989789,4194.086870227709,41.83436969691611
37.881488842237154,5.60036986444671,41.03477203713515,50.33835841583399,63.90687120777381,1478.65997274179,14.70323484900981
37.771222556139485,10.62514634607618,42.1415800802569,50.46462818823597,61.157084945758825,21.92481798073728,0.1875502914449032
37.31976806028777,10.677297632168766,41.91461025300414,52.99676144668139,62.88678089674911,2.4357695918574924,0
37.65818214341915,9.897758120912737,40.20172248680059,48.12665648202455,63.564161851042826,349.35899134774274,3.4306748368083175
37.387889225247164,6.783665126686735,42.68024287507483,51.462820784780625,66.91483017398913,26.663713466402474,0.20962599959161554
39.40127038707669,8.097305672945359,43.31855515972655,50.60401462253394,62.421795816806885,161.6536622297197,1.5949241099731708
37.92114747604395,10.608075433193878,41.39074759781032,49.836784056493826,64.52968954671994,944.9746700162799,9.367644852482552
37.51505635084844,10.311307070218868,41.09225399783909,50.24537017576463,64.48316645246298,594.2370480912812,5.872665014997489
37.510863730265164,10.435645250134987,40.77304366305405,50.62411251177188,61.33267046120676,29.038661921845303,0.27446336979781893
37.083166576163634,10.016843140602893,40.74008569133561,52.2102511338096,66.40639134411042,421.02329684969516,4.143381041255544
38.79939322270863,10.357779508756938,41.26238932810461,51.710618595438966,64.01535642634167,571.7575250834168,5.6773200148370275
38.17646866362291,10.395890690046809,41.3252916247954,50.616357912747716,66.45192921811622,1078.1837663077968,10.689915859567453
37.98582772721727,6.40210890493305,37.87082900677813,50.80439638595209,63.43950496135369,3934.5160736260655,39.14097901109196
37.85186289832666,9.027631019373596,41.08663664226014,51.02860327940585,63.642687435195654,1.8624661574967554,0
39.13014249586019,9.037915988137044,41.63844670534192,50.10710597590027,62.05622735248165,1458.7773449103236,14.548692696696728
39.75775471391028,8.373306256321216,42.13274073746723,49.6522819376315,61.19852751270394,3358.44975436503,33.49248842453261
39.7896801774597,10.997408950977325,40.38332300175196,49.807541390560324,64.66944550896964,2660.6691183308867,26.523528300640038
37.921587285522925,9.905762876881969,39.906800805692946,51.24470317763671,61.496818961660026,3564.5888192256257,35.511772705213964
37.949050880739016,10.746276874335699,40.21025621317658,49.01736856799306,67.33676736765084,1260.1442314360115,12.485255580333648
38.23086571372821,10.759845138828151,42.21173040181369,53.639479929077815,61.409977126119614,3195.110798365346,31.840602320370397
37.6060784634675,10.105771236033457,40.87693821688611,52.905597316444954,61.451010326197085,3145.9083223183743,31.32664362508051
38.33596892995999,10.712413142611554,42.06884064598362,52.1593566025649,62.21719151278845,13.659981337024838,0.11799099340669272
37.62719563736382,8.988993767211491,41.02003068507239,51.55327649595075,61.868819216422686,2109.442253931874,21.010345494333063
38.30287149667866,10.559203151130601,38.78703752657208,51.956274446557735,66.83944280487088,717.9101754060706,7.120515713591416
38.35141463792237,10.12492089415032,39.84481779057466,49.36180702138906,61.758727073623646,1641.701611077207,16.379668392694576
37.9726824329403,9.169071925410362,41.070609842868784,48.754561887742106,63.56152513763648,107.75659561128018,1.0268357776030763
37.43061358594912,10.217295330843301,39.8537385971549,49.87865462135666,63.0584228521248,3.5568820344909797,0
38.960184045167736,9.745270567289381,39.88925835439702,50.11399069927143,63.16487322421693,795.5754329407804,7.9319213568491245
38.21664069480236,9.18125510448061,41.4284419386879,50.142977705520515,61.18131962390299,1795.006636179702,17.892135898378402
38.06206013012167,10.434552187568023,41.21783519566123,49.28313394701433,61.99013191185387,349.4962605207215,3.448894250402482
38.195220012263675,9.945645781483233,39.466489987207126,49.24637263103452,62.305695431319236,5.390883921900536,0.03988275302118893
39.043046988289014,7.154335817939411,40.64630365672162,51.51247012653228,61.74869158406855,4028.514749922638,40.10074293501803
38.2884706026277,10.55352604389721,41.44186036111522,51.82591152883665,61.868651654438295,1750.6401440155696,17.460460134444023
37.74423047540942,10.348135743498503,36.25975638133522,50.21626539587842,65.01367079232935,3589.5170146847076,35.80231942387269
37.85707741970049,6.262809267156237,38.92146335386935,52.325153381615166,61.34598615306442,3953.520237645882,39.25206535950689
38.48875798167435,7.2145538860735146,38.967299303270146,48.144508994869746,65.22152479546477,2.5290730590235917,0
39.29319476533955,10.858347373124854,41.72472748718433,49.375638739488444,69.49929190782294,1965.8964464793685,19.51907114980009
37.76852346108003,10.483705496996711,42.07704707282655,47.56434481727543,64.37054490999579,1077.7627933003419,10.66825152358027
38.254399928156744,10.247602039724956,40.73614806979189,51.29462968740725,62.54771184164957,160.0439699226667,1.5829429144948435
37.53593970061234,9.055476221164819,37.36729787122835,48.636192870095265,61.774724084910694,3924.523948528831,39.09737300891424
37.31976806028777,7.119827245925167,41.71407052916731,50.73969272309593,67.73411664512186,52.65773108702883,0.4555093235350868
37.91469460805411,10.812890616307934,41.04401435041701,52.777729942237016,68.036428594648,1247.2350894323863,12.375150946938113
38.72917203774953,9.175288563620244,40.83424281396825,53.125229506195645,62.18266871034633,4109.518437677989,40.930943099241205
37.56112473994012,8.770399458396195,40.02339636511312,50.85364366780125,62.78790353233755,1579.8027623024045,15.737550514922933
38.96177705565756,9.280999209151627,38.934066048301794,48.292836458144926,66.10740757110057,609.5485114014809,6.028538860082172
38.09171508254808,10.468461914462795,42.64166996972843,51.78019378767082,62.23843965475695,131.80577193459166,1.2855771002958682
37.834525113061225,8.916163395044173,41.40044199541821,49.427812518039275,62.94994098299878,3.391486412616456,0
37.792688136560265,10.435645250134987,40.15890374942707,50.231218241762576,69.1753220160812,1169.794627175892,11.575546012140983
38.88860390826108,9.63536498943305,39.55402722087327,48.66314196197708,66.40639134411042,853.8656974477917,8.459293075480161
38.68103605660717,9.258091824725703,40.37778785315307,50.225710564472294,63.48637585042678,1.1338388451942112,0
37.96046931806226,10.165771809689616,39.45827635907234,50.07942029738347,66.45192921811622,717.0414029576916,7.094381968133837
38.81038803010566,10.442968143178042,41.686633242618925,49.164735027427305,61.231888321425934,547.7011924788517,5.4379061386818925
39.34653342248713,9.02971142913303,41.08663664226014,49.25432273913318,62.75367940780589,107.04891862395871,1.0570578135607747
38.0442408587492,7.643981522621335,42.18100332608543,51.850911015438825,68.0510084234871,212.1958533186132,2.0553515189646028
38.105736233813616,10.322373762370558,42.09557365631333,49.0048751451171,61.40822952243779,394.89795929526423,3.9001300717774665
38.614782512386164,4.756827341314646,41.364614468403374,49.9552702203301,61.72800641195474,3115.7565812113735,30.98620681800648
38.64166077493417,9.887928278068323,42.619796267023546,49.67367639940078,69.87869142748498,1493.235768910658,14.78789146000424
37.357381347299174,10.759845138828151,40.12375029512958,51.52164821197118,62.6856736198729,1.4693858356200569,0
37.6060784634675,9.524343294012255,40.37159864214981,49.456706855410985,62.258944718582505,1.7473514669215193,0
38.089995993361754,5.177340105517212,42.00817254508908,50.165218575518885,65.59643831711625,76.45346536911941,0.7181508405744741
37.829818360133395,8.890248392063501,41.71407052916731,50.73969272309593,65.5304257939569,235.88350540133084,2.2993687201231765
37.95854271013098,10.463387888466748,39.52446512285053,51.938091443908256,66.83944280487088,729.0173509878824,7.223737451352277
38.48160136664495,10.177040056712244,37.710262835851594,51.04635578074909,66.34706852858795,373.4348845073629,3.696599484140165
38.66596692500206,10.92314543695269,43.22922417766413,53.91017892287121,62.851046491866505,522.3491519972396,5.194756983727782
37.9726824329403,8.782228778640834,40.73203229638652,50.64389959625013,62.40408409656847,1465.648253407244,14.602288438204795
38.61851837590407,9.165060229288624,41.744508124513644,49.10709329540966,67.08634471598369,954.9359275544069,9.450763892239594
36.56677142991994,10.450568068479653,38.033851513582455,47.870993600825706,67.70827690720162,705.5957331439513,6.939068410579751
37.74727344538666,9.958851554586904,39.55684830222455,50.232951659477145,65.52564333986277,400.8076599354412,3.9480695587020964
37.00603149864857,10.97133793349353,42.38361164891028,50.72863000420725,68.68471030587364,1351.1500813200978,13.362862761082052
36.9440602079619,8.912175957556299,42.12921755946669,51.426737081601324,63.34871585895355,20.03864492480569,0.16819301618826887
38.14242841122783,5.561595013543732,43.85141281667903,53.38218541937403,63.71878753080016,1494.9545764310267,14.84866816332672
37.74423047540942,9.453180606905303,40.64360597912146,52.10396877056864,68.3705829101342,657.2145196391244,6.491458792856725
37.99326814448542,8.710240046237903,40.930108315806066,50.32262746560931,62.79222713260142,266.57020546520664,2.6386629763742766
37.520309323912734,8.89084510606467,41.460594749358684,48.144508994869746,66.94999167229949,703.2719922361754,6.924775525995443
39.29319476533955,10.47015497234401,41.72472748718433,51.47140581025356,65.15389376380041,1407.5550929742958,14.006920804806139
38.21896130553708,9.894620393824052,38.47144544075557,48.17589876029371,62.004590562122225,2384.6498601519393,23.79319599522445
36.95551055995737,10.21260908635195,38.835472198093676,50.098240847909814,62.51262689002361,1.8456886605284706,0
39.85677447006461,8.610728927906374,42.33514195949778,49.79269699982305,65.50055030791192,689.3217474383152,6.833526566839634
39.149319684822956,10.175862947396432,42.69578572897553,51.19690471671562,61.65732626319801,186.62496838638467,1.8522636032832835
37.337803934939856,8.486071353677968,36.866109610023,52.73481670450878,65.27807443613086,3916.1475423887996,38.983410344701475
38.19060347031179,7.556331343687204,40.15531152084656,53.441350743879234,63.41300625040055,3424.1643180086767,34.0636942339584
38.67358207822461,10.273456603988729,43.288259569220834,51.29697332353586,62.78790353233755,734.4170150596698,7.292176208819443
37.89262676979422,5.502471181074645,40.49987473711294,51.998663537048664,66.49038853675279,969.3039872925381,9.625735740578754
37.650386524326436,7.493589258402156,41.94668539788507,53.63279995172222,61.322844586232456,2931.1782014075256,29.118269562130944
37.883887805231474,9.167239768898819,41.28876152472926,49.8607675448966,62.55249866150416,2.1713187334429183,0
38.895292954850966,9.636782224184154,40.190588769140575,48.32060382837313,66.37450858123833,925.7408831368183,9.17099483003611
38.92850334072553,10.910427501224849,43.50807337780736,53.1244938316125,63.122917015492376,1263.1665571422682,12.578153591749015
40.181922551610015,7.89906042895972,41.760649419634184,49.63507168346927,63.922267648356225,135.67800148092672,1.3452521272164333
38.010805182379606,10.471655635353054,37.87082900677813,50.51623578807921,64.77717760003961,94.79978924782418,0.9203653356040178
38.39020599984083,9.027631019373596,41.057567558415684,51.63176809316711,61.70290686355547,3190.8798231115074,31.78528501679125
38.055919329137865,8.563540229396107,40.676045341254465,51.004198131480024,61.861858907583816,2842.581012640436,28.3135290643271
39.132057841549,9.188714852963411,38.56906347911757,49.0048751451171,63.684605622083325,2885.3861329759507,28.791462464288006
39.7896801774597,10.742264417722344,43.72986383507473,53.64648774000699,67.37073999061514,2219.657768213798,22.09757342650461
39.114679260147234,8.49878511705557,43.883405340368306,49.706652775295794,64.3812769259093,553.1582829742987,5.467824664466346
38.237552177837365,7.582338533817514,38.51150934035657,51.654650915152054,64.92988862287235,3131.772039269586,31.19168059896423
37.357381347299174,9.590293996197316,43.34975085483642,53.190733969277375,62.89837207266787,2.2391872252903795,0
38.047850539268204,10.870781247823947,41.35255815974768,48.78771699844923,69.38504321099892,1548.0180211567988,15.327798992879394
37.95370305441117,7.788346264856573,42.94264415080829,51.776683614992564,66.53480419003397,76.38112710031614,0.7057537566688534
37.62719563736382,10.440920309086785,39.42139409043747,51.60885179470297,64.44186961120128,2.8550097581610423,0
39.4527303756713,9.605273797807719,41.4141886197451,53.22566520883032,65.43920763098104,194.10142569465208,1.9239527885535992
37.96122696456905,6.5832782841957815,42.869096889253086,50.51328320935267,61.37805102108058,1665.391901496139,16.56413838227097
38.70256854173342,7.8351800260846876,41.08952159874577,49.589928877671696,62.96487984282202,671.5134395301559,6.681094428634303
37.9726824329403,8.782228778640834,40.73587264275384,49.73515912416734,65.73552472940628,250.9765360889266,2.448260721764144
39.00833203521268,7.889702758884363,39.180466715211146,47.85574507433579,63.49049510492184,349.1160400203087,3.4664805665029474
37.26660078368612,10.470688633116753,42.54383335482644,51.77512758874928,63.93152031749006,561.8377451833376,5.554180811128708
38.47614818882627,9.954575436830126,39.033145329701135,49.712065869076476,65.52564333986277,480.66728906961737,4.751445218843453
37.27883840901193,9.52067026615131,39.46452003301132,52.728518308848464,62.4162453536149,3338.075834652886,33.2288457429393
37.071539865735915,9.945645781483233,40.3491191147259,51.05320215688262,65.18385778559579,233.00908041323967,2.2718354061093455
38.105471160614364,8.912175957556299,43.020411469005005,48.54219849906267,61.17694485477629,3.5200153563965593,0
38.14242841122783,8.800455374044567,39.43215470556015,50.35019788029978,64.834383032342,1.8266456746059525,0
37.982489755021724,10.394516907095369,40.784284530142614,52.13152113130312,61.56258200798998,3243.367394446779,32.32087235457772
38.08954310698311,7.239691093184508,38.92146335386935,46.436421232903314,61.04572574820885,2617.1094026796577,26.083016302457395
37.56104392539779,7.343446393488716,38.967299303270146,49.22609926371191,66.15668588689331,3.6327989422218767,0
37.808239804575095,10.85066599765307,41.02032311704701,51.50978563095811,61.44133236827288,1482.6186079021286,14.785318044743345
40.32310532921659,9.477931971125352,43.41569645259587,49.911026040182115,68.06728026386713,1867.6869406490123,18.56534247121401
38.40794144810813,9.568045715802839,42.54863491427964,50.958668568976755,62.26061294147953,2.071590657877355,0
37.99713247632276,9.055476221164819,41.85952246471502,49.68816435581233,62.64406799779503,3.1659476661866375,0
37.55037399461286,10.677297632168766,38.75964356220957,51.11554037852323,63.76613818731476,1.7669900374812149,0
38.28469852058789,10.29350513827896,41.11823254489694,50.7974527529993,62.090478074601435,1.0435473646810214,0
38.31187380048057,6.290643964592157,42.64023508293955,50.22194618521796,61.87809000087255,1758.3764422538416,17.4957158758028
37.99997593449688,9.579983231376822,39.43008069130092,48.7145852731222,67.67485140744145,813.3335390844767,8.034687055448119
37.89262676979422,9.580307663936928,38.934066048301794,50.02344785068119,61.43767260595652,3838.293372014926,38.23861299848847
37.690095311609035,8.968614555476313,41.418814567589145,51.14848722497343,62.15355957208295,906.6529464559925,9.025553917290491
37.883887805231474,9.167239768898819,41.28876152472926,49.8607675448966,63.38833506218086,3.69301702325773,0
37.46922462891651,10.435645250134987,42.654770676590985,49.66599497030824,63.958628727082804,924.2598603733177,9.152029870845643
38.92850334072553,10.402584850726683,39.55402722087327,49.033251688800675,69.23251696717776,1540.9427609712652,15.291207623930767
40.26493624175,9.258091824725703,42.95164063309051,51.509425847354066,66.80010468830517,1418.3199844111825,14.107926309237191
36.46947487529616,10.147052456163042,40.84295631596246,52.33827764869559,62.977749290144644,122.97394388729334,1.2110541192312958
39.19679602543413,7.603348658544091,39.532345846738124,46.932303060246376,64.54366141868158,3.668492753502762,0
38.24696365572398,10.38818114371091,41.08663664226014,52.142516212493575,62.11229026352949,2687.4089904534403,26.795388144901228
38.94432830619657,9.180323354533716,41.92323506563458,51.850911015438825,65.22264146847216,219.5326743612566,2.15570902550843
37.45173208494391,8.757277172704969,42.71345866499539,51.255487316429615,63.18248429944491,3.071444751236135,0
39.7896801774597,9.514727362469245,42.387150664731,52.935912817501986,64.75121553547318,300.0054600140956,2.9781920781592293
38.38802504834915,10.35167785437744,41.829659983683136,52.92336078607116,63.00081215979684,6.530181149753906,0.05239299834216382
38.67235642675571,9.289533671982738,40.69213489114419,52.018244023055935,63.96141385960126,1297.9722017567012,12.938444488167157
38.41425930618718,10.759845138828151,39.73682996392337,50.61516677809852,62.6856736198729,221.79594136699828,2.1995938773221297
38.73399197398945,10.074523426555249,38.087460121123,48.433285354615414,62.76191856819007,3666.6205278137995,36.58529777228081
37.46048727940916,7.788346264856573,38.67704640473539,48.61435616624123,62.59645651329874,1839.976459872526,18.328917263105502
40.694974529881655,6.765872023978508,38.78703752657208,49.588248865353435,64.75311952987195,4717.639003854755,47.044816957701954
37.96336323396267,10.29350513827896,41.11823254489694,49.76563925037326,62.91797064598527,358.8931015184835,3.5394148938435617
38.74867334597163,8.94495791912783,41.919200626711586,49.589928877671696,62.936155889274566,3.0236762338804843,0
38.378338914831566,7.147475254914138,42.051837368531544,52.84120511880408,62.124684433708495,2953.781553655323,29.381309008498622
38.31594439932639,10.385426394987816,39.180466715211146,49.10709329540966,65.20125004951981,739.7253314547414,7.3279813344754485
36.99695194145085,7.502679662106376,39.00960555093019,51.77512758874928,62.03314121785737,3599.0269438313435,35.79038477117181
38.36480365851473,9.38424451246936,39.033145329701135,48.348043480708405,62.768853823550266,1.1589917691785165,0
37.709022523291075,10.1890282661401,40.80477759112519,49.30048412844099,68.11647944298441,1084.942397015809,10.728112235120742
37.72937386829461,9.468224119793963,39.448973712094705,51.15809934386164,64.58268884923277,1.731428307746084,0
37.50437025755248,8.912175957556299,40.70048053478834,50.74176016814472,65.40417171266509,4.878896830284585,0
38.5330553301307,8.617443527049058,41.7722697764103,50.35019788029978,64.834383032342,78.1285993865865,0.7360259549008283
37.74423047540942,7.973243361401838,41.079245586088525,48.86419490264959,63.453858820459914,3.2238796530944933,0
37.406138286657146,7.661979117929583,38.92146335386935,53.7026597054809,61.41185960125877,3885.0759033498834,38.56242480513241
38.47389476327155,10.485400804507139,38.967299303270146,48.144508994869746,65.22152479546477,996.5685782363431,9.884925243780454
38.23679913404429,10.837203424202947,42.365023962808145,52.262092906844195,61.684838897619066,1.3029999732942055,0
38.11590357895191,10.294531748937036,41.13882577254234,50.03229195693751,61.86824265718059,2.5107635113183933,0
38.640247888395024,9.382536798156082,42.82928963692433,50.41035565837151,62.26061294147953,2.8168560227957267,0
39.14057690173314,9.055476221164819,40.66029817658259,50.28299123571981,64.49605538085108,2.749511400345712,0
37.55037399461286,10.6826774439802,38.75964356220957,51.20922315270319,63.76613818731476,1.6680045150447165,0
39.14577638591927,9.632250811296558,38.70680685659624,50.450539821812306,61.58162913519716,5124.316043322158,51.08680509882613
37.94205481229415,10.187311400971328,40.14827740224229,49.650493274015886,61.357119080917116,1244.1743000920765,12.40730584200969
37.37240250419374,6.959875695008318,41.80973991273136,52.81683504180108,66.87225443002212,12.71147644685923,0.0899936741046331
38.61019399181862,9.531029633207602,43.265094109478326,49.69248957819492,63.41678862084202,660.9463531207621,6.544967609758786
37.788889055078606,9.167239768898819,41.54209327379813,51.27754765703361,62.55249866150416,138.3364706891098,1.3586354239895768
37.510863730265164,10.182054554684372,41.66115197540624,51.590099624916114,62.177024213143056,1.5002316457610838,0
38.92850334072553,9.582890153449592,41.423603749443785,50.813938661202,62.826440736190534,67.58571477791402,0.6672240476305689
38.64921488347705,10.948849039029847,40.37778785315307,50.225710564472294,62.103577703817834,696.3797445159626,6.929282409197668
38.85536572100519,9.313228689981191,39.437378819413034,50.76645362872393,64.91376096972495,74.40924464721132,0.729805102327937
37.98582772721727,7.947200578665899,42.829799670385384,53.65499816276287,69.47435765874793,482.5473447208401,4.748027122407365
37.9070503251832,6.00791718996099,41.08663664226014,51.02860327940585,63.333479187365064,2066.5835580872276,20.556001337486094
38.257818150170465,10.360947438783569,40.67544142838729,51.75560654940324,62.1060159523735,2965.7847672020766,29.571746052669848
38.25388285901146,10.404955721873549,40.57531311438765,49.0048751451171,62.003931936059814,243.43326844593125,2.3945298839734397
38.77941446560309,10.078193800591432,39.62231046156483,52.039602045668744,64.65388411731337,252.86399882862582,2.508345513824442
38.499976449662434,9.564777458724343,41.829659983683136,50.15656850263373,62.46652399032399,2.5368693457112608,0
37.6924559745616,6.619660315473861,41.098360504637995,51.52164821197118,61.01701802008978,3110.350635427176,30.911256753657746
38.03400704061763,9.8570942167703,38.087460121123,48.154470070623496,69.79358825881008,980.1575178161158,9.681427432684604
38.7789889334546,9.530003022549527,43.24450088183293,50.45765037425671,61.34943030695688,1.8330193886085804,0
39.15336165784453,8.470421234158811,40.23843682223051,49.753910391273415,64.42944430632213,1.4714011737011323,0
38.697704866661866,9.208084342462225,40.93826147803155,51.601897204206146,66.83944280487088,508.75315612751996,5.029606142341102
38.01802693334101,10.507990198722691,41.11823254489694,50.7974527529993,63.38447678585002,442.6600208266585,4.378461918395882
39.451516641125615,9.22373882396508,41.59996577173833,51.19796869415449,63.34361644977458,552.3759845731604,5.504739207111865
37.9726824329403,9.882074218086906,40.73587264275384,52.356107459607394,62.30200767749326,2764.4776277877213,27.54715448788026
39.4655407923871,7.713038284986891,42.63115479922751,51.5755703258559,64.545732690791,2.0145442559930826,0
38.048800681411485,9.125004119340769,40.39473565136524,49.9162091740778,63.34058184139861,1.8984543401642129,0
37.715303761813345,10.216515429981659,42.40643862702409,48.348043480708405,68.89455234971967,1296.5339936722874,12.809209436184018
39.07489682605048,9.859762588770684,40.464446097549775,50.730938313536214,63.258804042818625,225.8968059652535,2.2467807563819946
38.45294398907087,10.995003327913532,41.90946641822554,51.79924278879214,63.636621260966145,1011.1586733288574,10.05228772351196
37.90120720106051,10.046053323331344,40.78154420364998,50.613328113427585,62.14399397753983,1.2080739491820385,0
38.45371890582307,10.600782632036957,40.67947424228087,48.86419490264959,62.93073408109585,756.3643085274003,7.5027743043820045
38.83511766738919,10.393042834109476,40.42019563403404,51.02112805914037,63.27633987486271,221.12885092253788,2.1888584639467603
39.21713577502636,8.643547409174424,38.967299303270146,50.60264127187456,65.22152479546477,1580.1906950083671,15.760527956578105
38.23679913404429,10.837203424202947,39.96127571435831,51.12694013543278,61.684838897619066,3865.7467854456627,38.54510982569472
37.68796645652195,10.66985562642688,41.05303221691667,52.02655480630315,62.61006694421963,1.42813090838233,0
38.79968836311208,10.06937015130989,39.561006249916716,50.098240847909814,64.75893476689828,567.2697512954072,5.625430787955352
38.09920759153844,10.068625118519485,40.63261287285128,51.70298959928772,65.50055030791192,447.1709906680108,4.419244045738922
38.12855985179873,10.6826774439802,39.7776974912476,49.67199370678811,63.76613818731476,613.4783462343806,6.078360537104878
38.46676743994422,8.648695397831002,41.08767000740272,50.70988475072728,63.494334462802854,2.177448068649334,0
39.451516641125615,9.632250811296558,41.59996577173833,51.19796869415449,66.91483017398913,1154.2052505666234,11.465410910312777
37.70320138238229,10.187311400971328,41.20993440149587,51.269931864013685,61.462592453601054,1189.3727695149669,11.855011979828076
37.89262676979422,8.902413550679212,43.770395543755804,49.13733320221398,67.01287291608574,967.5058449093054,9.556968608341814
38.72842250216179,10.4672139989782,39.827914545534284,51.672751511511855,61.85264281802565,4683.671099401172,46.69008818355886
38.35279121145358,10.026866999747384,40.929595110794864,49.8607675448966,63.079803088954584,206.90881308152296,2.0289507002019427
37.863393576820954,9.771784433472561,42.37553390027219,53.08718358134738,61.99163939216737,1537.8805528960895,15.320386784506887
37.803016334883665,10.224131466566082,41.45617886266323,51.29084473088812,62.144349693838926,1.380901955287758,0
38.07278082675435,10.12405150729787,41.34761503463899,50.225710564472294,63.48637585042678,414.57427793761246,4.093991064190814
38.590036868382164,9.516249718068691,39.45827635907234,51.20867856907641,63.12167801185678,3614.2087071395185,36.03170341288409
37.98582772721727,9.816886968403862,40.81261834361401,46.932303060246376,64.77717760003961,795.7156484356691,7.86160638988227
38.05984018520309,9.70905596282123,41.08663664226014,50.99788304304088,63.50776883144833,2.6624626186995775,0
37.45173208494391,9.951273602381022,39.279267132706664,51.753011647225556,65.03957878602213,2.6872255581582043,0
38.35917192398687,6.701687893712885,43.07365077380385,51.79955031105932,63.69733155947817,715.4749815016874,7.104076057030033
38.188225456174806,10.169977591789802,41.829659983683136,50.15656850263373,62.59820923831077,315.81694393883197,3.1136091096760357
38.237552177837365,10.378099088193917,40.10924198257961,52.25680303152756,63.956660779356746,52.3486621243279,0.512513037348306
37.357381347299174,7.065060462531713,40.20719456166331,51.52164821197118,68.510156831546,11.634848332892732,0.060657307274666894
37.6060784634675,10.074523426555249,39.58659396689292,51.09274234715013,63.38753901896135,1.42770620337692,0
38.002552874776015,7.788346264856573,40.89368658675445,50.32831972313066,61.59726516235753,2589.2203617004275,25.78409908236363
37.587597101068994,8.470421234158811,40.23843682223051,50.89977724029672,61.65570610901068,2879.8712745693124,28.674316187382797
38.25002464620676,10.672057459809874,40.603487946465606,50.8699575430566,62.32614139343751,76.89086850835065,0.750130712713883
38.34620313129925,9.153949546022554,39.3902453616832,51.37287192499417,65.23264324802834,1.5647457732550893,0
39.527555994053024,8.726629772924715,41.48730371059701,51.344542477108455,62.851046491866505,3220.102825542275,32.11150928266396
37.70762656525473,10.411429485937282,41.87848131030251,50.64389959625013,63.56152513763648,560.2562517977724,5.541784743932968
38.41097876434307,10.605122821429987,41.31442439568384,50.72032614630458,61.20106609960374,1896.8890377051796,18.925949427775272
37.79648491135537,10.42357207805529,41.610980638351826,51.292305807282,62.29903583970778,2.534497434251575,0
38.36480365851473,9.38424451246936,40.9016437745731,49.60338562129874,65.8839291122921,626.6946220833086,6.194091249528348
39.15353132260255,8.99601312206322,39.46452003301132,51.060644787901374,64.37654401651402,3036.832617353905,30.29004478013826
37.72937386829461,9.945645781483233,41.11688015647166,51.4718638293359,61.01461323397933,2694.9199020882625,26.851914231230662
38.105471160614364,10.42357207805529,43.020411469005005,51.292305807282,62.090737887117506,363.25197430157044,3.5902746992809416
37.97123758593032,8.052602173423221,40.78154420364998,52.74918131183043,62.14399397753983,3282.401849253382,32.65449686271712
38.69022276384159,8.313938649964186,40.16168298829565,48.86419490264959,64.29410009427679,2.8516700772587793,0
37.406138286657146,9.207890649015406,38.92146335386935,51.63056669512663,65.55908628418763,2.113923692982163,0
38.8830709958888,9.058126538662385,41.40559027255202,48.72971294507523,63.82850216706984,328.93118703218073,3.237959219570184
38.61025243287473,9.591429805536439,42.69965887039061,52.262092906844195,62.11903697708445,1054.480139972448,10.508056697547815
38.4566038239853,10.557126556197469,41.05303221691667,51.80906835406505,61.73341277966485,3307.7086782790707,32.983855022832024
36.95551055995737,9.921190507776025,42.75655113481852,50.11367840066689,61.41777560765712,4.273534187920751,0
38.2648499000385,10.77648033760528,42.8795197757609,49.09726207675424,62.38815053316229,1079.0644532012627,10.711751310342216
37.69567510094636,9.968553610120773,38.75964356220957,49.06466754922774,61.816644051199155,2315.6248636498512,23.093748731858657
38.143843618756435,7.981597181835183,41.08767000740272,51.32310594055351,61.413094030915104,3133.728874151791,31.193192674841626
38.31187380048057,10.863879048712755,39.793001613014,50.56279799914334,66.91483017398913,1233.7384216717498,12.246369441691039
37.38469852696411,8.902413550679212,40.81839015396688,50.47929107794268,61.35084195943889,1786.1822799098063,17.790114082872638
38.2334696944189,9.54920070492669,39.49727532703023,49.8479093849825,63.6338056670526,1.6530206742717657,0
38.580890385389594,8.847644627034281,40.41957592532778,49.38541572349087,63.69998706496135,2.467864161465009,0
37.86960277150936,10.182054554684372,42.45005090985427,53.30056927360114,61.747326544041464,1706.2084410384923,16.999922685151674
37.86075743095914,10.743399695745543,42.19057605817037,51.29084473088812,65.4697650667109,1161.396775863092,11.522464901446632
36.62026808451881,10.903747772956859,41.334821315220786,51.991519884699855,66.972184683765,967.2418479516814,9.568141637043794
38.1152289667289,10.298598684805523,39.513829054539165,51.20867856907641,62.265203400830615,3582.5129005639164,35.71469026565373
37.082317166409,9.114745749084069,40.91595438837507,51.20502125365431,66.23094834025744,206.6001593985367,2.0006532174191727
38.053724749574364,10.385646114938556,40.136115734031634,49.42601880233198,61.566405369424366,1.2423106512096946,0
38.0442408587492,7.265754985262506,42.85027335285986,50.028999453990636,66.61029724046325,159.79500173512673,1.5283787260402621
38.418414677477784,10.623319209128933,42.74621039267299,52.86890000111304,62.17698103503995,1.1922085328020846,0
39.7896801774597,9.180092232515879,41.71320690962322,52.45737518308126,67.37073999061514,900.2743478584391,8.943546634645593
38.499976449662434,9.021832340101287,39.60665888697322,50.91648033016098,65.40675725727152,2.2667843655194235,0
37.44101981338546,9.085489555559583,41.535747083317375,52.258362460381456,64.92988862287235,3.4593181901756176,0
38.35424264736443,10.214965209052412,39.60299093997902,50.43418672877287,62.6856736198729,2305.900032101937,23.005115409110985
38.18877317855351,10.413987903655723,41.45722961278201,51.89294355664407,62.722232411740656,1.5772924563586361,0
38.73468504423697,10.1873006432135,39.88963739835937,51.568537450805714,64.17520713869767,188.8606696380299,1.8730315140087441
37.54888482272445,8.470421234158811,40.23843682223051,53.11542983854718,62.029723877900125,3399.5944658982676,33.807356254871124
39.220542082153926,10.457740451914477,43.69619067316323,52.37791406241061,61.66993703274625,378.6838442368581,3.764959534194042
38.97091125820425,9.845660414632162,40.569111836654905,49.095449426704995,62.79106903075562,281.96365937969347,2.785031020248869
37.41850714467395,10.634546052382287,41.32351720458416,48.117211467740425,67.41195041254909,1154.777618421496,11.411127846622616
37.9726824329403,9.921323977445427,43.37384624773749,50.40366012409541,68.73140002074598,1319.1021226182938,13.053399904822971
37.943978950737495,6.200932460121464,39.180466715211146,50.965427989210674,61.760139463140355,3766.2795210911013,37.43953048212519
37.16561556321121,10.46336677258047,40.85657365026721,52.102273000754494,61.23383389593003,2154.743321693395,21.46995745747264
38.70373087854487,9.302155666316951,39.033145329701135,51.52252000711147,63.15558766206832,4299.69792491371,42.8509968476077
37.59364131373095,10.89872878084103,43.1876349949043,52.463579495299186,62.4162453536149,537.1409089464063,5.322946883823097
37.72937386829461,8.495857432130357,41.63160845705747,51.64481913394466,63.636621260966145,2.7395190764211006,0
37.68469900055131,10.795892429161988,41.203651560025136,51.98793668547897,61.17694485477629,2331.2246453636503,23.239841256550164
38.096358896925096,10.15042893993301,40.78154420364998,50.60799945926957,63.27939013073093,54.97957409969994,0.5154865926075729
38.69022276384159,8.974813706535016,40.74040645892519,48.86419490264959,64.29410009427679,192.7181804001858,1.8791744533324324
39.57301447197028,8.656222013782227,38.92146335386935,50.32262746560931,61.82363473142564,5075.9277698691185,50.60200800973798
38.8830709958888,9.854979139205051,43.697037931737306,48.144508994869746,66.64516324652709,1492.3599498873798,14.795209954018022
38.71556373832314,10.837203424202947,41.12011649148986,52.3449631814874,61.684838897619066,4086.260143103758,40.743589357193926
37.68796645652195,10.66985562642688,41.05303221691667,52.4350716024425,65.29715114248306,666.5904803819191,6.605343521950123
37.81239373399656,7.233167076045164,39.28607783267597,50.18378078778737,61.38743813059102,3671.8229284409867,36.529062001631345
39.18256024932879,9.178910539826768,41.28710139008569,51.30085388871547,64.59499343995581,11.895886321366891,0.09434147688870098
39.67327271234105,8.857859118179547,38.75964356220957,49.70938697479469,63.76613818731476,4451.3074381087135,44.395034588687345
39.1148408104337,10.496363072574024,37.67499881610868,52.38466861343084,62.800616366272465,4613.112717611874,45.987168658117604
37.987201222491,4.969648039294105,38.70680685659624,51.82836399892891,62.659241819448425,3859.003951609081,38.322890907556754
38.521637518439476,8.84911895708201,39.43008069130092,50.86992749825754,64.1965671225559,1634.0179901295467,16.28858524385028
37.66736285840768,7.901856402687979,42.76776233398416,48.7052043746157,61.81157464887869,3.1206435637045056,0
38.779324875404974,10.845567770532854,39.49727532703023,49.8479093849825,62.12202492717296,3300.2632666038267,32.91976015002321
37.37655542080103,9.343727176833237,40.308197652392714,51.077414512670565,62.55249866150416,960.5309970686167,9.565094432923537
37.803016334883665,10.71064699843331,41.754652090681326,51.096758236179426,62.144349693838926,170.89138460699826,1.6730276781835018
39.06040991729536,9.258091824725703,40.37778785315307,50.183259980516624,63.95596833933448,68.92073242038282,0.6705443534369664
38.85536572100519,6.319577782697597,39.534727139294716,52.1488301913674,68.01385399280271,351.7814957241817,3.4769063457619804
38.97893980474567,10.920050406799136,37.87082900677813,46.932303060246376,64.77717760003961,1720.0795434441736,17.11676590675672
38.63774326454405,10.385646114938556,42.71625901779484,48.02452592912132,61.745439079509794,933.1019143067174,9.260062434114744
38.505588046791495,10.205387008722663,42.057470433583156,52.10901031320689,62.59166992437223,0.9646943708956133,0
38.00429557022966,10.171816403383795,40.15276682455181,50.02383128253817,62.85169470208267,2.703079068537909,0
38.07210364248773,4.756827341314646,40.041223136201886,51.38824125293432,61.833904888361275,3496.1983514437015,34.72182909745301
38.499976449662434,9.021832340101287,36.55630349754415,52.18706831803638,65.40675725727152,5016.667759673297,49.98538356757802
38.04868450653813,10.915029330689748,42.73669946702137,50.110084969219,67.06848455040615,1536.5574569800315,15.23622301532443
38.17007211176277,10.814216313291967,40.12375029512958,52.67888875574641,62.6856736198729,3643.899615843695,36.3280904743026
37.6060784634675,5.542823049184638,39.58659396689292,51.09274234715013,63.02767485663874,3088.3749089871662,30.70244701760452
39.15336165784453,8.470421234158811,40.75751866299189,50.26593387187329,64.42944430632213,1.4890145944503166,0
39.30332224734703,9.898593567743404,43.43021108594903,51.44744586366956,61.77352949672033,131.68521872512855,1.299289910584335
38.43449998614002,6.297473593896521,42.102894598089435,52.07860443178563,61.18181733020675,3132.8369879790494,31.145247394679622
38.66596692500206,8.94495791912783,43.818550493418826,53.433818380000325,63.910787482867235,1.6967902284489778,0
37.8291330669058,8.775235852993063,38.85621304443526,49.46578047918844,64.50736745258426,2.0365910559029885,0
37.43061358594912,10.01005778653148,41.22201904229623,53.150838869142675,66.99917380036914,555.091414437128,5.483827524054121
38.710872632731835,10.92156131876028,37.76723200764686,51.96691523481411,68.29847392984094,1511.9875211745211,15.043669680314723
38.36480365851473,8.290787143766934,42.70930779829568,48.40926604763824,62.08652707177049,3.5174704762632536,0
37.593990412629765,10.398248492430515,39.46452003301132,49.110471255380084,64.75829763765985,592.3852261339872,5.8524682385699665
37.72937386829461,10.235208519884644,41.8092085811198,50.83295598217496,63.636621260966145,445.8868330381704,4.40305251649667
38.25052336217376,8.912175957556299,43.64448794402227,49.601873467057295,61.17694485477629,2.7773345451132356,0
38.08318561556614,5.622779914834393,43.60827587212567,45.96041447291466,62.913552774866574,5.4430702179233545,0
38.285450882111434,6.83446622866539,43.12651722329987,52.6464807531421,61.208400904098404,2655.103348839882,26.399052377444427
38.438058813007494,7.342351661502799,39.80445444434082,50.32262746560931,65.78504985564567,2.7413773567329285,0
39.21630090966214,10.06286298238712,40.12757883887976,51.91922044454588,69.44313396331076,1392.1718356763831,13.828873645532786
37.07438745210231,10.837203424202947,41.588564003022434,51.19892862174149,64.50047789360592,789.2033977773431,7.813212451715006
36.95551055995737,9.630726234504511,43.58654422626412,52.177090934523264,62.08577579958283,3.2235505895682675,0
38.796819419020835,8.399066832513624,38.119743847282656,51.18324381438994,67.22887579781867,2.0416255537716683,0
38.66509817528779,10.6826774439802,38.75964356220957,49.60357438574463,62.84964148566236,2967.5266334938005,29.608834424950164
37.140813833969034,10.496363072574024,36.37375793762716,50.51328320935267,67.1025327746854,282.8710563346233,2.7708111433137734
39.36201334255101,9.746588587439845,43.355868831281285,51.51068344070413,62.37955780520011,147.2146859127645,1.4480695111781374
39.7756632911631,7.489103833916056,41.441530401618095,50.39009747875461,64.41572125915182,458.834458838013,4.561218575708585
39.10669504690827,8.902413550679212,43.326485151476504,48.7052043746157,63.03692087387808,482.39186276343844,4.766784418720416
38.2334696944189,8.138478449994164,42.08551336940762,49.8479093849825,66.23584810090827,331.44663069504037,3.245141382298883
37.883887805231474,8.612550644649879,39.94674391631342,50.67142006560503,64.94930768205874,2.276576599437171,0
38.30971695998831,10.182054554684372,40.198012814933946,51.91198102208053,63.82812506864094,32.72254926230515,0.3161257492518814
38.46629180396113,9.707475922856855,36.104829251148736,52.4878236314054,61.01116395598291,4443.564493412117,44.24345079505738
38.41201305950452,6.060423166244618,42.45086299202442,50.97382523494148,67.26381632658423,4.826262979730346,0
37.98582772721727,7.265011261191281,39.64008795072374,50.865715897486275,63.58702115505622,2578.2341402519523,25.672491014505745
38.501527677608664,10.463647462052187,40.86908325483878,50.312055646529664,61.302607666727354,2608.0813508648685,26.020559454336034
38.9537747867904,9.585281115307406,42.14299578742254,52.332181460314565,62.090478074601435,2939.1022011281934,29.30297040179809
38.85658770481891,10.392018608095418,43.127902910160905,52.989596524931386,61.72871015078743,2074.7278942686025,20.6930758257323
38.55557679968126,10.210615379416321,39.83848454726971,50.915508409055036,63.19924019664031,1384.6548736006478,13.815245626100118
38.499976449662434,8.371470632581278,39.60665888697322,49.51482148718389,65.40675725727152,3.4341090304257147,0
38.237552177837365,9.289533671982738,43.761410035239955,53.51119202206556,66.40718808970358,663.4958597267056,6.569018362561133
37.721301554684146,10.935980364943724,40.85870783470507,50.71075878498204,66.03034517019307,1114.4604319788255,11.050311856777105
37.855742133928395,10.074523426555249,41.42911475010156,53.2652827750607,63.56368890920611,1.900771678597691,0
37.0739472076448,10.446414128281152,40.89368658675445,52.44558162199871,69.49194133494795,1118.5339116167156,11.066256737520796
38.07543359257443,8.470421234158811,40.47384913486306,52.36559337657424,63.370189003746624,2568.8390927329065,25.585058360617037
38.71123220084247,6.749104656614187,40.09593045518373,51.938091443908256,68.13925236612148,2.8992615747646373,0
38.505588046791495,10.651490052365777,42.057470433583156,52.10901031320689,62.59166992437223,185.94787155741295,1.8328817662336039
38.12587555026899,9.941890279832673,41.036348583230684,50.154388183746754,62.67764735673269,2.901091548091707,0
37.8291330669058,10.496193860641593,42.03488826952408,52.755050851587264,62.593735264694764,1.2255233194814599,0
37.43061358594912,9.297194230680265,40.84192713668041,50.25364741472801,63.24645419079956,2.87229970191375,0
37.79648491135537,9.18948941940075,40.85657365026721,52.57567663114638,61.38754018986931,3342.3546724789985,33.26475870366238
38.83808113741186,9.38424451246936,43.6039811931525,52.66185772846392,63.17289415363145,1.8656319427215189,0
37.27883840901193,10.1890282661401,39.46452003301132,50.32473947913753,62.4162453536149,1.6015988189215555,0
38.10192694326636,9.98006989713017,39.466489987207126,50.326288717712224,62.46147463291641,2454.8929898168103,24.48232771958865
38.87780289531098,10.85937689714698,42.624488903833,53.23386100658336,61.15996672440854,3777.0566364875986,37.65886959524394
38.80569831821053,10.558091328261728,40.78154420364998,53.35735362002517,62.14399397753983,4540.953530414202,45.26300501172
38.875360630509704,8.313938649964186,42.080052597642236,48.86419490264959,62.58960458404971,2.4588397746907282,0
36.87086175193876,10.776964058407236,40.63841969763647,52.42797188853859,63.60358667418949,3.2993340030682337,0
38.86873906314679,10.247339486281662,38.967299303270146,52.32224978884147,65.22152479546477,3083.3437484657106,30.76455205323994
39.13048980803217,9.297194230680265,40.84192713668041,50.25364741472801,63.24645419079956,110.44392357221135,1.0955590006112033
37.68796645652195,10.66985562642688,43.96831113603436,51.18919032733321,65.23577616966591,1307.2334497022805,12.964298825494
39.534150911557305,9.522511342272761,38.835472198093676,52.03636901022267,63.37664948225538,5139.991469639872,51.256852631455665
40.28976751464825,8.399066832513624,38.119743847282656,50.96001520745162,66.02833614341274,4845.816637578812,48.336582836261286
37.55037399461286,10.6826774439802,41.71800348964015,50.46178966066128,64.37681944480539,868.1863114761009,8.601755113067618
39.913867751064814,8.519422943791822,43.22032805795425,51.20379282486897,62.83299723436047,462.81022431939624,4.608437117341265
38.959329088094805,9.632250811296558,38.70680685659624,51.33629266466568,66.08850368747048,176.2918174392172,1.7385068641460748
38.79671249914428,10.37796626737192,43.91677625224757,50.39009747875461,61.52126663888986,838.6962718750257,8.332874506052441
38.17146146503105,10.33265009357555,42.032062357145016,53.21904995105503,63.426310452848035,1.4076278298836358,0
38.2334696944189,10.418054672457956,41.07560825654291,52.09035299753545,63.16158843846993,1.3203599938784167,0
38.791921462939946,10.615713524741604,43.47694406735676,53.174471869423115,61.63473454094156,971.8707294187318,9.693223467986549
37.510863730265164,10.609358129036458,43.24666481622473,51.590099624916114,69.37931179156645,1509.8571303831968,14.946789435249112
37.803016334883665,5.762571444877048,41.45617886266323,49.63341682213019,61.178782851045064,2566.250457450274,25.522465093135473
38.3824336737011,8.950201330811517,42.71638961887432,49.71252777959454,61.858107091625016,2.363833491661979,0
38.85536572100519,9.967639751352984,42.49730261847397,51.75377126078591,62.47820202232054,37.54914926977218,0.36158343652969194
38.87780289531098,7.507017644176652,41.50487862758746,53.23386100658336,61.15996672440854,3973.53760550787,39.52943886791919
38.186166929912076,8.942002416376189,42.709448167926084,52.416698247979895,61.8500358212721,1629.8389457141382,16.231900700194323
38.28469852058789,10.29350513827896,41.11823254489694,51.756477796516705,62.49666455831043,626.5096934542913,6.242240229375287
38.07841846242513,9.978686391124642,40.84156851098414,52.018649109007534,62.17698103503995,2572.931090187027,25.645188541533088
39.7896801774597,9.023738153925164,40.37872074356978,51.99732093756069,65.28950958327088,1952.3176890072557,19.4807545539445
38.57160788809243,10.14794495517426,42.04862270156782,53.26584823976511,65.40675725727152,600.5125745897219,5.957436484967245
38.09831832366747,10.30842442545697,43.018137223676106,51.654650915152054,64.92988862287235,963.19421680021,9.554656568972405
38.61892962734156,9.634397947638549,40.12375029512958,51.47240170178741,61.79642665137691,4181.714175665134,41.6701878937189
38.71006794338011,10.068594532255808,39.58659396689292,53.242931033388786,63.38753901896135,4546.068740923585,45.30847569345465
39.689518791707755,9.627388651842711,41.761300496879365,51.824678773162795,63.57635574748301,301.01245800032973,2.996477330524584
38.1570827342123,10.495169869303561,40.23843682223051,52.83605301489274,64.42944430632213,9.438181080196433,0.0800583003237989
38.39300314851747,8.807161161483391,40.92973050385707,51.938091443908256,62.964782724728686,2442.357175185892,24.336330381209475
37.97924056722658,10.205387008722663,42.057470433583156,52.3871661365438,62.67476799648731,1.2909974645765128,0
38.77380286837363,9.523334819360025,41.73277629411557,51.03493246627101,62.765362989622794,0.9769858514149615,0
38.86302955258331,8.27305195337145,40.178249179690084,49.83164767278542,62.593735264694764,2815.406137358047,28.065378403326942
37.70253106185634,10.289371805855573,41.94599576506176,52.73827364565649,62.22301310908768,268.57889040567875,2.663702426878436
39.39286064110959,8.631546138548547,41.7824664656828,50.90316349659677,64.14322023479392,1.63085760361001,0
38.55069841656919,9.319633022254365,40.321040172631626,48.348043480708405,64.3780018759911,377.08648787611105,3.713300061198365
38.53523935064139,10.890697249676798,37.64666507202727,50.58430606096054,62.264315581327615,5270.888439007841,52.55658585616516
37.72937386829461,9.945645781483233,41.948812684368356,51.96995037799169,63.636621260966145,3.570738173510093,0
38.25052336217376,9.97181430484092,43.31091319958065,49.601873467057295,61.17694485477629,254.46246173490138,2.501280553837102
38.90679639682035,10.924473331381412,40.78154420364998,49.31565980497578,63.73227223692397,1510.4705306679625,15.029534763846941
38.53392180205283,10.13650087013147,42.08104517157204,51.39393011626525,61.999257777202985,0.7927515047673312,0
38.2058922759325,10.239548044854516,40.79345502998977,50.32262746560931,63.32006643847537,270.7633556647983,2.665818902759912
38.286380784274726,10.778055750414556,42.46699726153001,52.42523077839708,61.819623619434225,1.2981555524997688,0
38.23679913404429,9.451728590585489,41.164532318319566,52.262092906844195,62.492961455070535,2518.7055483821355,25.09896721810411
38.172546030549874,10.441476574095866,41.731619999540115,52.03692693243215,62.539792238691334,1.461587765976122,0
36.95551055995737,10.850060367767153,42.345853105161744,52.250885195009324,61.34256107357893,2.1057302157717745,0
38.796819419020835,10.781068653306914,42.49215168027367,53.251336559283565,62.482547582804564,1324.3304900025105,13.21386210866446
38.834702237552804,9.741715275374386,42.444859317048156,50.89155437792232,63.76613818731476,517.4777211518597,5.126036295509472
38.29225192877384,6.457928674513283,43.8995431772877,50.51328320935267,62.83560541189221,193.86689712891504,1.8991404697368472
38.55999760813423,10.69177968369566,38.70680685659624,50.91982901434295,66.91483017398913,1089.8776016486006,10.824757049322516
37.92573212906515,5.923875039304343,39.43008069130092,51.21257909325584,67.5382590549776,136.27530085424033,1.317645062731744
39.04038803992974,9.17690946894729,41.6169595348594,53.21904995105503,63.426310452848035,3139.7773676905144,31.296046251503157
38.2334696944189,9.625556038623811,42.15857010427541,51.497826800209914,62.97828860514258,2.1675724239034135,0
39.02076831725215,10.572990364853398,38.01566939157402,52.55684272097114,61.01257944844401,4057.6724070259943,40.429422014131696
38.56225555731416,10.182054554684372,42.104619909560924,50.67884991932361,62.177024213143056,97.20716381789147,0.941692753222438
38.789406577647824,10.076261366509122,43.75465520487898,50.23782389284034,69.33569752855834,1649.357396758392,16.347999108548272
38.68103605660717,9.555733760520233,43.247105642186405,50.225710564472294,62.43749759810872,296.0864535446247,2.917315095511108
37.84453494229364,6.114547631150125,42.43496235590748,51.20867856907641,68.06455954549419,6.042701295445025,0
38.43492014630576,7.507017644176652,41.69010094913044,51.65973766385263,64.77717760003961,79.10564483814626,0.7597820809226197
38.980225226965764,9.623372349554135,40.136115734031634,52.802939057321744,63.75238982507412,4016.208239240848,40.03714400812912
37.741690197883216,10.900787059666227,42.45574873139919,50.501613755757226,67.17354805167851,1366.0916735742617,13.536241456197342
38.51947710072588,9.986027984726668,41.76097126147815,50.5841036771587,61.75071058737272,0.8291772429084074,0
38.37804763924537,4.756827341314646,40.90211223469307,49.9552702203301,62.54875592075631,2893.240725355973,28.775911632532395
39.4867432093794,9.021832340101287,39.60665888697322,51.75167318132392,63.475602948476805,4667.425449431561,46.532209548419374
38.39525942395399,10.047169982419723,42.811148677999896,52.425332266500135,62.31890853376382,0.9361043094476472,0
39.225508295563934,9.605982421426434,40.12375029512958,51.52164821197118,62.95400850991049,4227.531650765508,42.153430487287125
38.89928669410223,10.219792592028755,42.28618912598178,51.09274234715013,62.69021584152389,424.36021643900796,4.207435545812115
37.73779413159879,6.447468587032779,43.18942559879736,51.58109558729904,67.52245754194362,6.1826004770038585,0
38.71953174879405,10.574071960656422,42.95683974490987,52.305832684285704,61.74530724516152,96.99783595415904,0.9556513971058109
39.373490178791954,9.146504944394163,41.33727331152551,51.86875363936528,64.66103832863541,108.28752674972203,1.0703604126656998
37.84818850204004,5.295445444709539,39.83992946604818,51.39393011626525,61.901277269611036,3484.823728889278,34.61283486855224
39.850184209887466,7.090387260867553,42.133434078011575,51.4591997232411,62.765362989622794,3466.6662793004716,34.54398315058803
38.279449971212344,10.061550948322628,42.03488826952408,50.06218795857742,61.113853480285805,1.631023004841255,0
39.06910799299889,10.272297763252695,39.180466715211146,50.773215992701125,61.41230379409048,5130.615067531958,51.15788720371148
37.79648491135537,10.487014183943526,43.57716637931597,51.52560919735724,62.480863331912225,611.7751002521317,6.061422242767738
38.19727685825043,8.121397781375384,42.58814524844016,52.35415927375101,61.34606952924449,2593.944050652584,25.81752281174676
38.77318756568573,9.737930106516771,41.91106734279377,50.32473947913753,64.8106675256814,777.4822575507957,7.709218894186581
38.86196239208415,9.945645781483233,39.46320510155211,48.17695716015673,63.636621260966145,546.9524028995642,5.41853864138187
37.59713038086455,10.813416373077551,43.64448794402227,49.601873467057295,61.17694485477629,826.9751168506789,8.199474548262263
37.278092548614836,10.888640740583266,40.78154420364998,50.74699082584239,61.65064503039735,2.5106762311946254,0
38.483342922537325,10.205387008722663,42.732537293309655,53.06157655804755,62.6384910092311,0.9926185519451923,0
37.406138286657146,9.98886122806995,43.4609247420421,51.45067933594145,65.46555412841015,860.4043286176968,8.513943782786395
39.07684333411263,9.954523261236218,42.74678992946111,52.42523077839708,61.09612976834596,3506.3969517638257,34.95652930770464
38.20809981672105,10.318595347636787,40.76109074813211,50.54206317004985,62.06275630019143,0.8591921006392388,0
38.59608305553667,10.082416068034199,42.072714553053046,52.48315563052717,63.231083074484076,1.3808020244126598,0
37.97446660002961,10.992159232377325,38.835472198093676,50.478963619075024,65.79952745693556,919.0086126233339,9.116124498493436
39.25074694844545,9.64428171181817,43.93713480536148,52.01807226672696,61.74594629249639,63.2626698356062,0.625048001037797
37.55037399461286,9.878082683683957,43.235131787734886,51.20922315270319,63.49408866988651,409.9679295483202,4.0400891319383145
39.35632385387312,8.979323119379323,41.06794442748977,51.45643623231312,61.37805102108058,4486.825575455359,44.71627858810169
38.96927179054615,9.464465169847315,42.52659693609355,51.754214540194226,62.957424374331396,1.073770451996821,0
38.524329130867535,10.288004276962532,42.28582651075833,52.44712841306662,62.78790353233755,1.5280903314374354,0
39.70144348252885,9.636071138303237,37.882044034481474,52.38121724849685,62.37303070822014,4036.912104435636,40.22974334894154
38.38136133226447,10.197360900360284,41.43234726360099,50.488084370753036,63.16158843846993,369.81837586626904,3.654387997609878
38.85170071188676,8.797977047071795,41.28876152472926,50.553631063436384,62.55249866150416,1551.5362092069033,15.466898839845166
39.46897800770358,10.182054554684372,41.15782562627201,51.68155251374344,64.86811710768833,1076.4127316554354,10.715894652202845
39.49441535974035,9.038486926141147,41.52732627568099,51.9883269477225,64.50311489222844,141.82894226955335,1.4068476005087547
38.68103605660717,10.27197410053565,42.04721449924919,50.225710564472294,62.98487185475082,683.7926443416853,6.784833573254533
37.673046672383016,8.109145712449566,42.52300094378327,51.20867856907641,63.97199353857832,3.08747319185992,0
38.27218306604462,10.259161790472042,42.960811413180444,52.922361301454195,62.36598589539224,1.0934513840392115,0
38.37935258214564,10.333671739306233,40.136115734031634,49.42601880233198,62.764100546906306,213.18769302076726,2.0945029879342147
38.28469852058789,9.844131576950907,42.51550593964815,51.55036459362779,62.106747499860916,1.3069013871437725,0
39.11710827547735,9.986027984726668,42.14204452843239,50.89613119156848,63.0687879548411,484.9719285170584,4.812141387404868
38.346381916321214,9.79555509612268,42.56787805756934,50.7830489799866,61.066935233836375,1.5132550644991132,0
38.11643735279105,10.081095340559049,39.668243499106744,49.04140998574677,61.86901886406909,1.090941320132625,0
38.279449971212344,10.047169982419723,41.683303105791516,50.06218795857742,61.113853480285805,0.9489095145917059,0
38.97290052222854,10.70200851103577,42.4071834929094,51.893512428063424,61.44549152416912,2552.7120355851885,25.47208364608387
37.6060784634675,9.98965005259685,43.857924936276135,53.23898534949449,68.95243215444715,1347.3753540434489,13.349082451010167
38.17667658169065,10.620406924456633,41.71292824971477,50.51691179179031,63.05376377386094,660.895557264249,6.5536145735684626
37.661655056157706,10.591454955131024,40.23843682223051,51.77736415222718,61.59291329506704,3026.8363527596975,30.16607111424305
38.53275992288734,9.801839148979944,38.78703752657208,50.26968224207247,62.18632723058436,4430.978793344282,44.16655424555698
38.649022018107225,10.583773740753559,42.08104517157204,51.39393011626525,63.927197812925414,974.4577697425725,9.683325623496263
38.77380286837363,10.327228824652014,42.569870870152904,51.45877469367498,61.21531501258959,1328.7715933491247,13.255256857284532
39.19043645084848,9.882175266912787,37.65662889426851,52.755050851587264,62.593735264694764,4514.40158813699,44.98882867949308
39.269464241872,10.466912006318323,42.07971097786402,53.75079456855866,61.760139463140355,4521.786765289527,45.0811516924891
36.909267631187,10.832869309909409,40.85657365026721,51.77512758874928,61.47913745610867,1.6298509749033663,0
38.36480365851473,9.38424451246936,36.78497820844155,48.348043480708405,62.768853823550266,4730.655798677139,47.15334435419395
38.05015774936093,10.42197392862452,40.758135153667745,53.10774529347578,64.11339320331041,1.2002058063816674,0
38.47432647602375,10.054419608126096,39.466489987207126,52.47870650154631,62.25367876147689,4614.476200781467,45.97789275265907
38.58477398218506,8.912175957556299,43.41829156941442,51.715776921558074,62.02849230611002,102.81787962192485,1.0061764751846622
38.22219226698124,9.71362210736014,41.43747632444587,52.64585328890307,63.98891612134518,1.251868465838521,0
38.505588046791495,10.143070993826342,42.057470433583156,52.10901031320689,62.36851737690825,2.8727188284727223,0.015242075394496624
37.96390707992028,10.315565259124169,38.92146335386935,52.06278920529387,63.60358667418949,3324.0561374345234,33.13955415728292
38.86077075980122,10.00073951596441,42.46699726153001,51.60847425958861,61.819623619434225,731.3771564595008,7.2916222979356125
38.20809981672105,9.94169929926149,41.20005893305379,49.512507310438124,62.06275630019143,2.9893370080562702,0
39.47919717643819,9.611577463846627,39.20060889924924,51.571449645882396,66.14558404319276,416.34656829989103,4.13633368048057
36.95551055995737,8.946414014620991,41.3987863997545,51.11754767964548,64.0255421401091,7.1782436797777365,0.034996767444532284
38.796819419020835,8.945817262018807,40.16414999715622,52.66714341989874,66.51199433620711,1.9500826213170246,0
38.405053432096324,4.765932005512622,38.25952686012516,50.85527574367903,62.66440136583995,4127.641890458362,41.02028222707581
38.38542040895235,10.884617056659051,40.329683014254464,52.228021763803135,63.04119431382489,2677.733456123621,26.715243996496714
38.427886356221684,9.984440484615558,42.52659693609355,51.754214540194226,61.737110249980745,56.05690638404658,0.5448201785520217
37.56112473994012,10.482567871509596,41.14073695375223,49.39744035592611,66.76305906258061,1061.0983762144244,10.498996499214034
38.50669058775922,10.202706467819946,42.058387788667105,53.21904995105503,63.426310452848035,0.8668281158659799,0
37.868103152597655,10.418054672457956,41.47134589704474,49.86955224546988,65.21694383345718,943.239543560496,9.34451124362753
37.883887805231474,10.210607660493524,41.28876152472926,49.8607675448966,62.18086646320831,38.82651149194733,0.35202106813525536
37.510863730265164,5.739511675838326,41.66115197540624,51.55192030318533,62.177024213143056,2443.7881568884445,24.285565449426194
39.203884970135256,9.372727985985545,41.45617886266323,50.271239019061554,62.56768182876007,132.29973765606258,1.312052796072102
38.041728875247564,9.03842852365611,40.37778785315307,49.596994032661534,69.44457191021003,891.5447694359966,8.802813823667488
38.99401926422364,8.109145712449566,43.32526961059367,51.21462308851125,67.57182781977606,689.882468827586,6.820639332367251
37.2564560422705,10.442933297559293,39.88711303616007,50.721926386137966,62.16277224875958,1.4136592464458895,0
38.17525482264011,10.385646114938556,41.64482454629072,49.42601880233198,62.26226769729416,507.62275782119923,5.023932670047883
39.65855964427165,9.248491961085008,40.847620124046166,50.7974527529993,63.25765909717239,3102.7667755964712,30.958132170031814
38.51947710072588,10.025032641024543,41.76097126147815,51.79282208738342,61.75071058737272,2438.717688658622,24.316830882482577
37.134531406230906,8.809491382214727,42.25588779052485,52.90614458472655,64.09054249861983,2.574883837164477,0
38.57712625791753,10.081095340559049,39.668243499106744,52.069233224063666,62.57555986930811,4345.902538915155,43.31451094078284
37.99832837644736,8.591006018580025,43.84394632961855,53.25157246104923,69.95408671741232,1021.748746089412,10.107278218314473
37.357381347299174,9.067860854329378,43.6504146827775,51.52164821197118,66.3772592137624,692.0254949709482,6.829393286270622
38.30853958503387,10.074523426555249,42.94835311843879,51.09274234715013,68.60345533531913,1388.9012729865408,13.762775051898146
37.83145778973707,10.220721529489095,41.48049405486323,51.294856054466806,65.59643831711625,794.4118723352242,7.868980150235354
38.832895812149374,9.174066438857569,41.02099424776056,50.357901650726625,64.42944430632213,61.33246096594666,0.5773489833835281
38.20567714048411,10.461806005750697,38.78703752657208,51.938091443908256,61.27603649094073,4959.609059741258,49.412108706994246
38.85237587316493,8.659185787488045,39.32267338928302,51.02878715518,65.76194231469015,1.5876878279305737,0
38.547730109074365,9.82819654361168,39.43153057991398,51.03493246627101,63.27495766299904,3196.0027631288294,31.873918829876423
38.013066660358476,10.496193860641593,41.11322809898595,49.99237144921804,61.18441302187597,1.560742061990235,0
38.8536368404087,9.022388330958533,40.333661226993755,49.10709329540966,65.55891909159799,432.52517935967865,4.266613774828216
38.8074010795632,9.395634628255102,39.247056599640906,51.77512758874928,66.32613174969045,32.67833712662097,0.30150732998482255
39.625326337117635,8.165361512744239,41.944682918538554,50.21453247726694,63.82433785500027,1.3316168602524499,0
39.19511310181587,8.870459806566759,39.64656749037869,50.72863000420725,65.18169473797246,100.8152495842368,0.995652995929774
38.87318688530751,9.826220372810003,42.819400826175595,52.87047901696653,61.17694485477629,3309.5499789245328,32.984194509053566
37.90120720106051,10.053511230635849,41.367792678059814,50.57895395450913,62.14044174576858,2.0262815060389836,0
38.51366089392739,9.825230400728259,41.0170916749283,50.29066435807409,62.36727045713692,1.0273862023117255,0
37.406138286657146,10.212431893292992,38.92146335386935,52.469534387975465,62.22608899392465,3835.405172226004,38.1872091096445
38.286380784274726,9.72382888572966,40.15586178428596,49.87499445200881,62.780969402178755,1.186685787980944,0
39.16918310469053,9.845509719716711,40.81566599033118,52.28786514142478,61.912110828674535,4583.379480141331,45.68840250380532
38.48702097265587,9.59968162443714,39.87302028010412,52.07090715358712,65.05304847344875,1.2965277052061965,0
37.96337335987201,10.77672759827607,38.835472198093676,50.48534296420842,61.328645230337514,4469.380272640033,44.543786665614235
39.07366769793077,9.490141856287503,38.75964356220957,52.59991669502856,62.89795534617342,5015.13585733808,49.98854161894054
38.17398253779615,10.323251612656977,41.08767000740272,49.91885119438599,61.67480643710536,2.2942227561141633,0
38.36961154570542,9.464465169847315,40.65566445630231,49.71938833957776,62.14115018244408,47.0963841725153,0.4542201371658674
37.56112473994012,10.329184756531426,36.14019734189388,53.260663613965654,62.78790353233755,5272.974594222761,52.50913129736979
38.89004275852051,9.840385586509903,42.33964124587722,53.21904995105503,61.62411999856895,3613.2978841677327,36.00926771967207
37.864453136946636,5.341810409847238,41.07560825654291,52.83292751463818,63.1301491870292,2900.612789817896,28.809951409027548
39.42437367347487,10.049565207913002,43.7692155138495,49.8607675448966,62.55249866150416,1101.5148299548796,10.951231891568307
37.510863730265164,10.269145137889167,41.66115197540624,51.590099624916114,62.177024213143056,1.795801170212553,0
38.91105260539629,9.00358156933913,40.6013624860901,52.440345097741314,65.57969838425197,1.3842491078277896,0
37.930365484096775,6.672913834303857,43.055374805103526,52.81740549169001,63.48637585042678,1295.2041036835617,12.874148105054916
37.24052698733117,8.36592691362622,39.45827635907234,51.29838318244361,61.080467881841464,3545.7811072684303,35.26723385239293
39.041795713999626,9.916512772129614,42.09865960628601,51.741727949709215,62.62332762335369,144.78823469875914,1.4378752813954492
38.50704430652772,9.528113633494693,41.61735928033057,51.18920798007321,61.87713188163256,1878.4512120179922,18.727449062107215
38.51947710072588,9.996719162941883,42.35709263558146,52.55262961625621,61.75071058737272,2334.999904722783,23.277000467536237
39.50405429699873,9.79555509612268,40.643781259182845,49.9634434899646,64.45598185060229,848.6417439011142,8.43773723136545
38.53881753343474,10.081095340559049,42.530488702889784,51.03092827222856,61.883310340109475,2.260232849169195,0
38.17735475749608,10.353185921698222,40.503780612585444,50.53400301685853,61.94907430843609,352.6425006023212,3.506938226892358
37.357381347299174,8.10666421800364,41.93564184319725,51.39664997738509,65.16121641865652,4.163550814115327,0
38.191720422194365,10.300856249053684,41.106420328762404,51.31049995701992,62.51427147503482,1.0922512207232624,0
39.689518791707755,10.716527706362363,40.85384040842007,50.51691179179031,62.70007404479222,1933.4369902182086,19.285033139104556
38.7522188642852,8.470421234158811,40.66187701680665,49.753910391273415,64.93779868902298,3.6564123755411915,0
38.74291727721229,8.807161161483391,38.78703752657208,53.9304023618769,62.3364796653233,4764.382229498434,47.44684840143055
38.14183610833356,9.678568458363241,42.08104517157204,50.32015993189893,68.57974077759181,1180.3470862810982,11.683020952473614
39.15894051866496,9.89613052796444,43.15657709710002,50.875599370362565,61.35825093589745,109.52403943424262,1.08168227202966
38.72503804609972,4.672077658378747,40.89191612265515,53.272491148992266,63.059290615795945,3455.249278480118,34.32432897285663
37.43061358594912,10.068466752085746,42.78548976875189,49.10709329540966,63.000177474060806,642.5170150851717,6.3474967087795235
39.3541249583966,9.993859024066927,43.52166845185137,53.64890785628831,62.29903583970778,2675.268412392072,26.68168158308349
38.62614112002647,9.97765850359849,41.96890506929031,51.02151351737374,62.768853823550266,14.261229322358378,0.11437955250017895
37.91957537803013,9.423755431354092,38.73621924290776,51.02319855781415,64.11339320331041,1683.5979591564492,16.783989152415582
38.809917143879254,9.019664074230057,39.466489987207126,50.747874827080395,63.04741869446615,3788.3858249558575,37.76346194845578
38.837444940468586,8.912175957556299,43.64448794402227,50.83287902550587,61.938121038668136,1.6049527236971555,0
38.446231177231724,9.884022162600541,41.026527307414284,49.109401634404385,62.14399397753983,15.809365813014127,0.12522712792348223
38.44170248407919,10.29534323666445,42.19318527385378,51.76634671515676,62.0345321569061,0.8689218192028433,0
38.91638601827823,9.553548120042663,42.08725540846156,50.32262746560931,64.79486028448645,710.9191176971684,7.046947972037793
37.45537187179557,7.872248996763634,42.050774264709666,50.53562728206094,61.56770480304264,1105.5609766150635,10.998052141554574
37.634503233336176,10.318595347636787,40.14543657557059,51.13318492723801,62.06275630019143,1677.554404091194,16.725262105665994
38.48702097265587,9.59968162443714,41.561288665523726,52.07090715358712,62.07585715797875,2629.733650581767,26.211256351467394
36.95551055995737,10.483781551607024,41.537227995550865,51.779889293312365,62.00445341968743,2.074654827983076,0
38.17748812029677,10.353104877401544,40.504370539282895,50.534324645814756,61.94909307800003,352.63130870916984,3.506827871361031
38.83591360049545,10.065268288461516,38.75964356220957,52.549847974746335,61.91061111286465,5083.403826674521,50.66889156442185
38.70816778264006,10.821239506994432,40.86681467576107,50.779997460433925,61.48713634430651,3356.742795354791,33.49003708701754
38.7551861929024,9.611120961585767,42.52659693609355,51.754214540194226,63.90152631405154,188.49670509444957,1.8486467019739556
38.64820097428278,10.39095279057133,41.597435043030494,50.504296585074634,62.78790353233755,475.7313760745484,4.71487697328047
38.50669058775922,10.289049053639275,40.93835778259181,53.21904995105503,61.5417299931012,4288.547822105643,42.725889311696
38.29567314230441,10.418054672457956,40.66975362210888,52.09035299753545,61.858833862381566,3569.809981367065,35.58412446450464
37.89649087404764,10.467122896090705,41.60349527578957,52.127918885494914,62.55249866150416,1.4088704179529872,0
38.79679600121407,10.182054554684372,43.5960258009258,50.947434663854004,63.05480455410715,906.8427029652036,9.007341613467794
39.00792260574251,10.372007653444268,41.65134350621718,50.5870872984171,61.40059883000305,2493.079678555376,24.879833047671656
37.87436895079374,9.258091824725703,40.37778785315307,51.729334997575776,62.61563288828672,2401.38167049761,23.927471365594606
38.74880328928171,10.079295323808244,39.45827635907234,50.617689409072725,61.61059139369808,4630.819212441467,46.16249324603703
38.00170508270191,10.067391196331142,41.521493712300206,52.35392766718269,63.29894411132517,1.3382667439458364,0
38.31019209696486,10.223334715712994,41.10899944061648,49.38810300728837,69.68223612517814,1403.8368925914533,13.900178537808086
39.32547243256591,10.29350513827896,42.59996544594086,53.61467256627521,62.090478074601435,3952.953058425386,39.414105364440104
38.60749478441828,10.003069517481165,41.57555127174933,50.5841036771587,61.9989912441738,23.173211735380637,0.22164584275753896
38.11782514824912,9.875854933093956,40.843418589784804,51.34236223545951,63.15776029188695,1.0831070135926413,0
38.91638601827823,9.553548120042663,42.08725540846156,49.04140998574677,64.79486028448645,905.655239740968,8.978740133235702
37.789279661384995,10.279674690579698,43.04914353589847,50.36268960359067,65.45010508760596,1071.765074786723,10.618036410370753
38.198566861672326,10.759845138828151,42.603911811126736,52.791079466170636,61.7558993115654,0.8023598279543103,0
38.69953236948904,10.080888958738182,41.106420328762404,51.65819891196689,63.137915282453214,104.30672597939727,1.0340244999364998
38.23264766738071,9.977950154833621,40.89368658675445,50.51691179179031,62.40622204753625,1.2243271494829377,0
38.9763973827542,8.470421234158811,40.78442552354778,51.35121205796111,63.87288324137588,1744.6730449066004,17.390462855745497
39.256716843911555,10.009028430516352,37.40890964442133,51.938091443908256,62.41793528337039,4263.719860262505,42.48943411082956
38.53392180205283,9.966267011915441,42.08104517157204,51.336053217073434,61.999257777202985,1.042633501994358,0
38.77380286837363,8.15251836775279,40.966004683046094,49.76487910170736,64.00529285672579,1.8368540613779114,0
38.80102641396623,9.851219056176816,42.03488826952408,51.429993162327975,61.73157977593816,2134.274992494761,21.28675110646838
39.12384498355021,10.217295330843301,39.180466715211146,49.10709329540966,61.63800983401255,4697.835302279152,46.85496909839532
38.77304596957235,9.976532151427165,40.85657365026721,51.77512758874928,62.149260609158134,3701.567673406956,36.90401061537424
38.521742763270254,10.59571833752858,43.809444860163964,48.348043480708405,61.643278024585726,1211.738515638734,12.033526554728185
38.05015774936093,10.259199637476723,43.61476585686646,53.32353264506174,62.235441141280134,1.6620034557206282,0
37.72937386829461,10.200167961971578,43.17626522466604,51.09138295928258,66.6461156238988,1170.5845208380395,11.596473510737386
38.837444940468586,10.618080213874851,42.452775424592325,50.83287902550587,62.743643114569025,967.9715351236157,9.623916107554763
39.2833297154241,10.036864970110559,43.48265497241017,50.613328113427585,62.28501564533544,764.3159132879382,7.595796548309459
38.47053320730526,9.771927674225669,42.19318527385378,51.42126210852822,62.0345321569061,1.4809329222378709,0
39.630176397960476,9.969835875159962,42.65634328768684,53.10279704377521,62.77212954026766,3335.3564376277036,33.27151693205116
39.59752685723115,9.723736140224997,41.82210242519076,49.87499445200881,61.4166313939163,3000.5083587976033,29.94341625270191
38.93936135296296,9.731552614000433,40.04032087749758,53.525463365336364,61.286641380605985,4886.935956457573,48.697014687658104
38.48702097265587,9.368995302418853,39.87302028010412,52.07090715358712,61.6593689986019,4365.76569002383,43.483345674636304
38.69447042529486,9.903667678489164,38.835472198093676,50.098240847909814,62.218989422553335,4533.84436138791,45.19878006952422
37.61367249329145,10.99659734025824,41.28919321769512,51.71449991775515,63.76613818731476,663.4847271083989,6.577627706593192
38.143467547405876,10.496363072574024,43.19642350294542,51.48940910235082,61.409866768795965,126.62723297432868,1.2349008060348188
37.547340497688104,9.464465169847315,42.63265829103069,50.066035152353116,69.00740313972068,1141.7058623416551,11.280172663663063
37.56112473994012,8.262721032336708,40.657107153020064,51.74668645930775,62.78790353233755,2003.7327564371203,19.948519882370444
38.09461597964558,4.925914186258004,42.89947304585359,49.790078372306496,66.95443855364617,5.298816174521432,0
38.99756764337724,10.350345903071421,43.291974354870966,52.383008645638725,61.905359607292645,130.93968206802234,1.2956404242954846
38.258748054763785,10.467122896090705,41.60349527578957,52.127918885494914,61.59027487712383,2548.555963879799,25.411137831553308
38.81764838570988,9.029462339019386,43.441628259082556,49.34703301821629,62.177024213143056,160.13843763148924,1.558749468388332
37.803016334883665,10.515012278276487,43.66184772250375,53.323173692533786,61.736030749830626,1.5719243455762242,0
38.68103605660717,5.802830286540435,42.59057551582757,50.225710564472294,63.15321322299674,1244.8083021372663,12.380795435161325
38.76900037603828,10.329300572740376,43.08014522964541,53.71186916141283,62.87430657367826,65.60721983982398,0.6471748463203255
38.203513497566064,10.412910350770646,42.61776595497599,52.02728500830935,61.45284966609005,0.9888198420112305,0
38.495046848979534,10.733250968812866,42.67607703781774,51.1326731078386,68.57577732528382,1729.3406836185773,17.160538107455697
38.28469852058789,10.29350513827896,41.12818026443868,50.7974527529993,61.89952523010955,2.856861793229437,0.018483495992747123
39.019191286475284,9.454313165096066,42.91457319045523,51.81672159417262,62.601965478595275,0.9348934153941864,0
38.908069466843365,9.875854933093956,40.843418589784804,50.31461168356665,63.15776029188695,99.23626141730138,0.9670636722171793
38.24187709080542,9.902976071732285,42.39715819531299,52.06093531901247,62.656601520986484,1.5144426004306681,0
38.66860241265434,10.138077621491107,43.003157497173845,52.425332266500135,62.31890853376382,1.3131053137589317,0
38.198566861672326,10.270880542358919,43.17634283061652,53.62916163746691,63.09925017254435,1.9907162845107589,0
38.191720422194365,6.766838688391395,41.38762384082263,51.939661978655536,66.39094213486891,3.379611992134555,0
38.23264766738071,8.849145952878107,42.9617843664804,50.369348803201895,62.415531629868305,2.679720645114989,0
38.94354859361604,9.145878335750133,40.15955470866258,49.8485096011106,64.42944430632213,3.017847905319881,0
38.70035116721921,8.807161161483391,42.51404318919114,49.81108979952652,66.44369714741565,793.4121568468576,7.849781689521167
37.466072772931525,5.174288265793428,38.0282178217485,51.70617297446758,63.515915692358966,3894.0896892281708,38.69376402917429
39.07961967739355,9.834431497535794,41.73277629411557,50.84040496519343,62.765362989622794,119.72592787306296,1.177330600159948
37.8291330669058,10.255174194844221,42.03488826952408,53.26022716570557,62.227692550129504,1414.1003096769668,14.092040794224392
37.43061358594912,10.217295330843301,42.06224693483507,52.908184206053996,63.18324597855218,2.260741402583413,0
39.11240030814267,10.249785187254137,41.33428796227509,50.52440173912627,61.9044526848357,2039.4342465056477,20.355801051574495
38.62565128572925,9.932123047860111,43.485613315184246,52.74453908122994,62.768853823550266,2.251677117474502,0
38.05015774936093,9.081588842387303,40.758135153667745,45.79155649772141,65.94174721732935,774.3866920968313,7.633069562767787
38.60493127369948,9.945645781483233,43.223599293735376,51.998805431994484,61.72758236531077,0.857564536941094,0
37.780398902775616,8.912175957556299,39.98060647158363,50.85692648307316,61.938121038668136,2939.7637340453366,29.283778731799572
38.23929058889165,6.29559777370093,43.76448255880464,50.64656270059039,63.880842172144625,3.5590518859681155,0
38.44170248407919,10.303065633884806,43.653394435981134,53.869062498663716,63.16200325948387,34.22946937403208,0.31734549719919825
37.406138286657146,9.96819495903617,42.10640210787441,50.32262746560931,62.59033983050518,128.52186354556815,1.237673301157911
38.16709857997187,10.415885161741638,40.15586178428596,53.20608788735886,62.780969402178755,3793.8005176658717,37.8055072200067
38.20809981672105,10.347338626484767,42.69319907149071,51.926512108166285,61.68833971933733,1.292110711389682,0
38.48702097265587,9.178378207337234,40.22259405123053,49.899211020215674,65.05304847344875,137.6738138716358,1.3323518114692838
39.12316083698424,9.849818622830876,43.07815886216299,50.098240847909814,62.934527977397416,778.9187195371694,7.733360219079191
38.629869050919105,10.58634978260515,42.273686852295235,52.01451844641627,66.51199433620711,1343.184192520108,13.341714874407442
37.30086731630632,10.399508461407153,38.75964356220957,50.00994639994658,62.18683107849385,1501.1241778054066,14.969248368812607
38.92810233007381,9.80873897706347,42.3672780799772,50.57160097033806,61.584028049839254,67.4569036487211,0.6669353091234029
39.106841472881634,9.464465169847315,41.26501671968329,51.639330668708006,64.28418987562188,68.15176105557958,0.6632025255482077
37.93353241384213,10.882078185390121,41.272410963084866,53.11368858972621,63.11768311307709,1.1077869525811528,0
38.79773138462039,9.24555398928846,43.64374959533733,51.6003325022854,63.426310452848035,172.05755914999534,1.6819697263655862
38.45787185824072,9.939453339231262,41.17433845302846,50.148877501981886,63.16158843846993,166.10237920189144,1.6233740357708952
37.99613316965339,10.072476856312926,38.891556565286464,52.127918885494914,62.55249866150416,4285.508008147972,42.69066122869307
37.510863730265164,10.301938438904404,38.53585546189603,52.974015172546274,61.46125159838036,4569.440867155795,45.475295668292034
37.803016334883665,9.932123047860111,41.45617886266323,51.29084473088812,62.188780541914376,1.4209744115676641,0
38.68103605660717,9.280362226704629,43.27488512944429,50.225710564472294,63.309622452374505,388.1551744701643,3.830256992208141
38.17272332730093,10.694071276327035,41.711382550642284,51.09501157293329,66.45192921811622,1253.7828296536582,12.440223968166018
38.203513497566064,8.799984746252763,40.182278021288845,51.267602696058276,61.45284966609005,3620.616353397939,36.050437665629644
38.63328387415191,10.522616211545884,41.73189923147336,49.42601880233198,63.66358234060458,1027.4653834135613,10.201023283108128
38.21129033921329,9.865320718681543,41.11823254489694,49.83689150738721,62.090478074601435,2.1575752263578747,0
39.12456505754628,8.15588919637827,40.729179968625374,50.5841036771587,66.2089215288635,3.837200189797821,0
39.188167705669514,9.378325647798583,43.08104393174134,52.56034104361508,63.37700617600398,7.202355791337102,0.06108182830669051
38.2464991205171,10.081095340559049,39.668243499106744,48.415361417821806,63.15764708887642,308.73226652766533,3.0389554969702948
37.47431461830891,10.66284118239988,40.37339863994001,52.425332266500135,61.87844971838187,2760.822696170062,27.51304135427804
38.38118726422598,10.961233069274652,43.979471644433026,52.791079466170636,69.97928415982113,1931.5385624689582,19.162247826303037
37.26326775415034,10.976680667497153,41.22021872248699,49.7572605868344,69.89712053974814,1372.818573892103,13.568211808765529
38.416470962818394,10.236989034327541,41.792082090492706,52.88505746538833,62.40622204753625,2317.928829753138,23.109934256635214
37.96491179842512,10.249502432212939,40.23843682223051,49.753910391273415,61.90892339202598,1.3617856564125288,0
38.71123220084247,5.28140495178369,43.96813815210509,51.249777528723925,66.53712289349293,4.110017326152495,0
38.53392180205283,9.70719733256597,42.08104517157204,49.11378476009756,61.999257777202985,178.25548944050118,1.7420351164316548
37.886373068240104,9.523334819360025,42.97909345111895,50.98988988010766,64.9141110906907,602.8714519263349,5.957363937913216
37.8291330669058,9.827971858752061,42.65050136380778,51.74548976263118,62.24299218552953,1.9871190264633496,0
37.43061358594912,10.06835833906361,43.73836903173879,52.33419744565645,61.760139463140355,2.8153419112268354,0
38.738384352414755,10.548242569956821,40.85657365026721,51.98912692441955,62.29903583970778,3586.4917972481076,35.769357532009266
38.36480365851473,9.608828573771765,39.033145329701135,51.20691362373867,62.1696634162492,4398.088564180869,43.81870124457883
38.59191608743768,10.109095104703341,40.758135153667745,52.35403088664842,61.98356158983107,3983.8590008761353,39.70432564632567
37.60574325555475,10.452434784900657,40.17312096741223,50.91051756832333,61.72758236531077,1753.0737350492834,17.479414137838084
38.837444940468586,9.727542841440066,43.687449585818555,51.54573120711942,61.611435454136455,1.5611431610276332,0
37.90120720106051,9.660898575467902,42.26876064313037,50.613328113427585,62.42071434333943,3.154175556686046,0
38.96414539131491,9.671369706298098,42.806996118142706,51.067119059501515,62.0345321569061,2.4698925792486865,0.00977026018878746
38.698963658342166,10.183391432824068,38.92146335386935,50.32262746560931,62.10365794008896,4666.355323079085,46.521713467247466
39.184671315947256,9.72382888572966,40.625171997215354,50.770078952623265,64.6456433271336,454.906281292809,4.51057851726042
38.33356146769497,10.318595347636787,42.418389801242306,50.54206317004985,62.025201020047874,331.5215550563001,3.2747499968972793
38.98957300936913,9.500982133175407,43.405237647489095,50.63730408186149,61.0558527137127,1.02249136290611,0
36.95551055995737,10.072392060851104,42.55277331636604,50.098240847909814,62.05463190806227,134.3086828143128,1.2903454143375452
38.69892809937485,8.945817262018807,41.80230170956344,50.698485510840634,66.51199433620711,641.9126986369965,6.349041978933276
38.7016466681754,10.6826774439802,41.60731118454841,52.62698692409575,63.76613818731476,602.4385153738714,5.988851773446432
38.143467547405876,9.961077474808915,43.38846796722723,50.51328320935267,61.90473738641512,277.97538442594123,2.7352819194755558
38.96927179054615,10.171352625239837,42.67011041479561,51.754214540194226,62.41008299803847,121.12726777126596,1.1881677876311612
37.85946790855354,10.882078185390121,42.95789282153806,50.45989195092076,62.399550067065164,892.4351653025852,8.855936891666104
37.62235364967157,10.607463756416946,40.34889605633544,50.085583769205215,63.426310452848035,377.7296276195624,3.7254867575431527
38.2334696944189,9.593658711182263,43.641159358986656,50.93705934746254,63.16158843846993,431.7596916591449,4.263587032014021
38.63222027587165,10.467122896090705,43.755838396835685,52.127918885494914,62.12785963919309,542.1662653550806,5.3816800363916775
37.510863730265164,10.182054554684372,42.21228619160994,51.66406866520784,62.5870168460021,3.2635863948655173,0
39.379833817164155,8.957764226136463,43.03422679136647,52.38336154017281,63.8627591087744,1.1956275619828955,0
38.48748729246054,10.284191062997909,43.00745504446588,50.225710564472294,62.43602624088336,707.1532533076046,7.0149129226298435
38.72025957545635,9.754087895258568,41.734032855647115,51.20867856907641,61.283321685169966,3067.3094377188536,30.581054478232325
38.08873629755132,10.375741990469797,42.61776595497599,52.02728500830935,62.2655619299421,2.558491810075393,0
37.74510597721063,10.63632646403715,40.136115734031634,50.54959533082117,61.39040021459018,2181.1133348243648,21.752121314405738
38.87310478978745,9.95957195555354,43.43734045430886,50.7974527529993,62.23492568899938,477.32290060637246,4.7303370240934814
38.956535318274675,9.986027984726668,41.76097126147815,50.5841036771587,61.75071058737272,199.65788562196178,1.98225969654308
38.76187580153771,8.862736905838569,40.51829942519822,51.81780379341481,65.18978441201334,1.4884400604749226,0
38.11643735279105,10.629321411382806,41.06689750881089,50.52455232912467,61.418026917321285,4.558718920741562,0.035758558445337485
38.666578640939406,10.09654842386063,42.619779083015864,51.88207772118332,62.12960205845468,1.0362728205357554,0
38.198566861672326,10.759845138828151,40.908358616441404,49.90493783448423,62.478457561769,526.9969383850237,5.222104029874206
38.07409096101044,10.33567887424621,42.06509699991273,51.07903272440628,61.434222725245576,1.273925447548351,0
38.23264766738071,10.524814436265629,40.538359825466436,50.14431550483394,64.50244186689464,798.2046318451983,7.915674035590654
39.190651327537,9.084323079559242,40.81145089111953,49.753910391273415,64.65842147743923,260.6326193599706,2.5640063195157143
38.71123220084247,9.518175075309532,39.936454077052126,49.07406618906027,62.49761214443564,74.91730876394375,0.7369665359958546
38.77380286837363,10.049048712302323,41.80790007877619,52.60064207138215,61.636574921271375,3661.5706660017945,36.49602587398638
38.74903316981073,9.708321957436336,42.03488826952408,48.785962313135585,62.593735264694764,509.20348307482755,5.038529136135938
38.2824790817455,10.676798708330963,43.11878190492244,52.624342349720074,61.50800776958687,1.1555514823459956,0
37.79648491135537,10.548242569956821,42.785342927746996,49.89606863414044,61.025140622328934,336.28197865723126,3.317078352842267
37.773445090444554,9.38424451246936,38.82622789335103,50.003951038964956,62.70750272786477,2447.960610731222,24.404006920835293
38.05015774936093,10.207153834952777,41.43049734738573,51.086658773935014,61.77849875564374,1.2456023731335388,0
39.0849985053396,10.215278151124854,43.223599293735376,52.0738126061401,61.873196598904286,141.0108859130496,1.3970943548085302
38.837444940468586,9.40834662155467,43.687449585818555,51.54573120711942,61.15120180062763,558.1851246513493,5.5567762482083305
39.787423850498655,10.046053323331344,40.78154420364998,50.895804617640785,67.37498574444878,1708.1793929961082,16.99695575595835
37.76725523087013,10.367336620171372,41.00591869826245,51.7838059386825,62.715734390221655,1.0965222327661177,0
37.406138286657146,9.18863153541957,37.21145212581524,52.935579675147466,63.49625408605932,4488.287055719373,44.655012018577125
38.286380784274726,9.945525050624951,43.21352881334608,51.49087335680852,62.780969402178755,296.67207228448996,2.9244523700067444
38.546502732498766,10.318595347636787,40.76109074813211,52.099266271930674,62.21573542094321,3538.415401592601,35.27935780926448
39.29392819812946,9.681227687777636,42.90954169062223,51.761135703890254,62.54045279019336,122.6059326830222,1.2153558586398319
38.271520465557195,9.99840763606817,38.835472198093676,50.630071709622264,62.35371226284158,4104.986692468526,40.91822421967017
38.796819419020835,10.504321894656158,43.37951026551186,52.66714341989874,66.51199433620711,1462.6263365630869,14.533459019611527
39.616589038867936,10.26496984753934,37.05245488239114,53.73931716108311,61.5596663360686,4103.03987641994,40.89556591804137
38.7456861220755,9.73193271805572,41.08767000740272,50.501416579683266,62.241939184581526,917.152469657723,9.145507512475431
37.77343849472438,9.37146265712461,41.23111672088856,52.121791325286935,61.619123217190264,2618.527515620332,26.080954897751365
37.93353241384213,9.909489678522258,40.933998152074814,51.8892667655798,63.47526205030044,1.278257349930425,0
39.196881280642316,10.202706467819946,42.058387788667105,52.44968002293102,63.426310452848035,211.3785866589571,2.095010851403316
38.322111846677714,10.418054672457956,41.62582823490893,50.70747111194759,63.16158843846993,541.0371207868044,5.361245726370077
37.89649087404764,9.665916579835374,41.60349527578957,50.3222755089074,62.55249866150416,2.8493327310887144,0
37.510863730265164,9.960274971084553,41.51793892662356,51.590099624916114,62.356343357259306,1.3832468821527841,0
39.616589038867936,10.26496984753934,43.77182521725714,53.73931716108311,61.5596663360686,3763.964312378708,37.53508656499886
38.50576744673243,9.40834662155467,41.65351396695278,50.225710564472294,61.15120180062763,1867.0560870479003,18.615662094858873
37.540892894346385,8.109145712449566,41.652780689409525,51.20867856907641,61.68249474495191,1738.9665225526464,17.308352138872117
39.35100792820778,8.971507000302477,42.61776595497599,52.02728500830935,63.59159226721713,35.17945862582167,0.3392150887789711
38.91905300702241,9.858114578973025,42.84427872839299,49.42601880233198,61.38306853204611,281.9559849183629,2.781864923765281
39.101666838692736,8.129986368895796,41.11823254489694,50.680946826304336,66.35331610725937,74.83737012464015,0.7054095239239286
38.879120699621744,9.234684862602522,41.436138575371395,50.89595867718469,61.75071058737272,2963.4217133518337,29.54571888219108
39.27068748412673,9.109854254426184,40.843418589784804,51.34236223545951,63.622315264358015,2354.1239792497195,23.482773597473344
38.10665597994153,5.875528146177018,41.71076794742807,48.90239704379953,65.52206879241744,4.158680229570101,0
38.39525942395399,10.740795369343395,42.811148677999896,52.425332266500135,62.14083559416321,200.16675694975697,1.9736213895588401
38.198566861672326,9.772739234412253,41.841689910664705,51.86853101959974,62.928830707645666,1.1606365591488088,0
38.13177050326529,10.863682539905515,40.740847702083435,51.31049995701992,62.69496807240856,160.72500321268137,1.5778781099627825
38.23264766738071,10.517063509223942,40.89368658675445,51.877465168371536,61.64301312878025,3246.431383411752,32.365735228426956
38.79828195784357,9.780309876782395,40.23843682223051,49.753910391273415,61.66147539171459,3397.5001072879454,33.88653713197162
38.78302624556663,9.76021772061434,38.78703752657208,50.08202912883847,66.61404169750426,628.6407658931886,6.225812308026061
38.71698191298592,10.020792023091872,41.568344234649366,49.7222290375646,61.47789446080688,60.40248964807954,0.5870378252141322
38.77380286837363,10.324292280448795,42.437584174284254,51.81881525034399,62.038510050936694,98.40483074383471,0.9725706989227234
37.8291330669058,10.128736200821807,43.48454241483118,51.53218906771498,62.593735264694764,368.30932047200446,3.634114487357966
38.029772914976675,10.5076006931995,40.928127243689346,51.48581138661741,62.58629464418751,1.408750356206819,0
38.13912718699128,10.47547124136149,40.85657365026721,52.18308725252531,63.69707721175649,2.456063459362622,0
38.661249083118136,9.84637136219635,42.620156863210795,48.348043480708405,62.59689823337428,737.1864983620804,7.304807285296835
39.1013595503227,10.42197392862452,37.22426260170368,52.60701904148824,65.67600681246856,5210.230553306135,51.96821723009549
38.9036230290821,9.073539587291354,40.430498055678484,51.8405443265908,65.0771882755514,1.3368461509453755,0
38.837444940468586,9.727542841440066,40.26733421104249,51.54573120711942,62.88394672169329,3587.163584904076,35.76843056360937
38.67302374996501,10.09460734133359,42.645953374700994,50.613328113427585,62.135934812277114,273.7931825664339,2.701380463450911
38.256463649723,10.665452703310454,43.111227546821084,52.99718332763897,61.836670677854656,1.0810700307326113,0
39.048426208937336,9.736410957725205,42.72464348893283,50.546359339945084,63.60358667418949,670.2421176725817,6.649185386046591
38.77314174677258,9.788389874183258,41.57592256593026,50.247485851141306,61.89516265194837,53.90000015511889,0.5309208378738219
38.874497890083916,10.318595347636787,40.76109074813211,50.54206317004985,65.15407971010171,962.9525724343629,9.563008591380166
38.49746572796106,10.225134309264886,42.05071236228186,50.63730408186149,62.76149423089114,426.74870283391056,4.223853617487491
38.009138082890665,10.429509456078584,41.209672004505826,51.6652024513883,62.21258945147779,1.2089074860718103,0
38.81170272261528,8.945817262018807,41.55700309235362,50.69882821258127,61.84814315484449,2425.3111356873633,24.178540718753595
38.28282359626495,10.6826774439802,42.87561734184057,51.20922315270319,62.23887404230603,696.3140182751594,6.912448344872636
37.75604953181531,10.824037592517755,40.79886757140035,50.51328320935267,63.064318986723094,500.41377975885473,4.952685133051507
38.96927179054615,10.470577255003969,42.52659693609355,52.333299099506675,64.57721335303468,1060.4377840032391,10.544553448131747
37.946253043570756,10.870832480089842,41.05705866538196,50.51084362135452,63.11768311307709,665.9195107281495,6.6031653248832995
38.41119916903972,9.767414401256147,40.399852236178965,52.04359955763096,64.52880365176725,1.4313429208901982,0
38.25187531262503,10.873334159069035,42.60796933832986,51.80080017644538,61.00589219486143,7.528782411968199,0.06253362389950468
38.28081878278643,10.467122896090705,43.62993129005655,53.75452672276147,62.55249866150416,1.796529222218478,0
39.02519273538907,9.960274971084553,41.8861170522476,49.84901454901759,61.3993344060083,149.1657735091628,1.4785562129554677
38.95613730549407,8.957764226136463,40.334973441254235,52.38336154017281,65.59950722126382,14.625796383226195,0.12867589125909973
38.70371841604534,10.252787180625317,43.77425201699053,53.01173633348424,61.6747011010616,1.050836048881766,0
38.36955346611733,8.109145712449566,41.382139381586235,50.41797377573587,61.62631084872198,2431.207185046855,24.22068865961732
38.027462628642276,10.216919770398516,40.71332024556111,50.66825418137293,61.45284966609005,2021.6817411324707,20.1600788868448
38.43295051709446,9.554057118890073,39.92818570792095,47.927565843176296,61.53139057464903,1.1503880815403864,0
38.28469852058789,10.29350513827896,41.11823254489694,50.93712117001548,62.26594000180593,1.2553851286827995,0
37.95748205871714,9.986027984726668,43.50040002768831,50.451186084404064,61.75071058737272,281.07341996445626,2.7642147826468557
37.699329082309404,10.9077515926651,40.843418589784804,51.40881251167858,63.15776029188695,325.17694883544715,3.2100970081962146
38.24607061023374,10.013042871420268,39.40583254790028,49.04140998574677,61.94229527629315,1127.9029735335841,11.250425733700633
38.88850979626969,10.470423164094028,41.861672552810575,51.4473756939043,62.31890853376382,182.67509857185908,1.8059140809277423
38.56879845235274,10.320631416310198,43.53503300377372,52.791079466170636,68.33805340893213,1551.731119902922,15.401523352490038
38.998716799177714,10.300856249053684,40.73576169322754,51.976089143709174,62.51427147503482,3939.9601128277945,39.292287263217034
38.078463436994596,10.352734998466548,40.89368658675445,49.79639087804774,62.40622204753625,171.72847641389998,1.6789317034456226
38.097997777848924,10.279432609479468,41.96839595139837,49.753910391273415,62.39720462577307,464.89403570895246,4.596965426787958
38.104807826723814,9.822921472553622,40.452682580755166,51.938091443908256,62.98913596893339,1991.8611974147627,19.85626603945559
38.31967522761,10.493251066735544,41.905091264839236,52.147887041040036,62.22779710068559,0.7300727770124411,0
39.10036974307662,9.523334819360025,38.77574823502238,53.368001456250255,66.2103891904537,3901.5613391934503,38.90710600082105
38.349611833779065,10.615097146419908,42.03488826952408,53.44163347190526,62.43334751801274,2134.444822936902,21.28275835805973
38.33341704653058,10.676798708330963,43.11878190492244,51.3918545386201,64.18302716797841,1161.1294220838781,11.532893641224783
38.34330082426018,10.261894381277635,40.85657365026721,51.673567921148404,62.29903583970778,2451.6510493091687,24.44983030112021
38.78456263770142,9.67262703906227,41.50424347929025,51.55890078851358,63.20890176718659,25.989076419632156,0.2501470467006328
38.05015774936093,8.393459974769684,42.73291826112428,52.47769852739246,63.62685127759267,2.7016791793934063,0
37.43626204934373,9.945645781483233,41.99608360343112,51.05438552982151,61.72758236531077,1.8137508392954589,0
39.064634954720326,10.638002107906846,41.103707250572256,51.54573120711942,62.10779949099323,3762.641851584298,37.53500370693379
37.71693030535115,9.017198516845397,42.43317895785899,50.613328113427585,67.08521395533009,742.5093270172591,7.330986569597915
38.99374669451351,10.29534323666445,42.270919073642034,51.76634671515676,62.95205381683495,463.1115410019153,4.599022667027003
37.406138286657146,9.98886122806995,41.987673959344384,52.927616857915325,62.79269303588942,1.7724940214097025,0
38.286380784274726,9.72382888572966,43.14569693570329,53.946087542624596,62.37625399516018,1565.8025423403856,15.598430485948331
38.96700234468384,10.168360512181103,40.76109074813211,50.54206317004985,61.997768981095696,3148.537229664894,31.413050472884848
38.31648276353451,10.7782714821244,42.46146686442317,50.63730408186149,62.50431238994955,856.5358145863561,8.506543684681073
38.96700234468384,10.168360512181103,41.209672004505826,53.50833126685275,61.997768981095696,4512.404281601087,44.9724205362419
38.796819419020835,10.454537951842111,40.64600951028008,51.95111286224577,63.21578992565131,2380.185574772472,23.75038315508604
37.9962795779417,10.098701843593897,43.45421621307159,52.25095231592604,65.12970836618315,921.8979581929644,9.142529263256598
37.97152018135297,9.471289334295847,41.08767000740272,50.51328320935267,63.820667105362936,3.7193040209973653,0
38.29599962573963,9.464465169847315,41.37246954691125,51.233783133672944,62.13484636668025,1491.009441158325,14.861170635501894
37.83054595921884,10.882078185390121,42.204503237306,51.80926740835258,61.68272972373777,15.932725494456369,0.1324472209759069
38.596525259598224,10.202706467819946,43.73246134487529,53.96663212335558,62.225434168285744,665.9652356200506,6.632408255526229
39.22976358517192,10.418054672457956,40.51091339366872,51.88970455812856,65.00008381727835,1060.7063724674742,10.56041503535598
37.89649087404764,9.970325571564917,41.27435377156691,52.127918885494914,63.17742729390257,1.242421008971384,0
37.350829119009056,10.67013650307307,38.6790130501019,51.590099624916114,63.576276793806116,393.394612408799,3.9084897267238823
39.379833817164155,9.206323212765811,41.71119044649744,53.49290579598644,63.8627591087744,3312.9365848671596,33.031132352990525
39.1739241648612,9.871798908730247,43.388041124075386,52.852535568133824,62.70500815709396,95.85926458719814,0.9516972169872986
37.9962795779417,7.405827485454595,43.45421621307159,52.25095231592604,66.00065738335637,4.521509501938327,0
38.203513497566064,10.377033503794866,39.12574949077513,49.46038801933284,62.359330066050155,122.72714658944183,1.213292361021189
38.72850380761297,10.025846196756694,43.673036869936105,51.77923459266445,61.53139057464903,1.8806137436643957,0
37.61858712606844,7.36989345032055,41.056137481123066,53.06810992907431,62.33627564020024,2865.065233286306,28.485186387240205
38.480904459710835,9.986027984726668,41.61769419336123,51.971258888552484,61.75071058737272,2839.074811183673,28.30276540609126
38.16790729966353,10.814162327165914,42.62286806716288,51.74533169500398,63.15776029188695,841.8918502874435,8.361154440626011
38.11643735279105,10.966218826280294,36.72950838062461,51.60339233404057,61.86901886406909,5295.302512102665,52.779090406585624
38.39525942395399,10.82886286261153,41.222334439261786,52.036798270085775,61.82092761342832,2953.8505920730377,29.461957192991974
37.63694861801059,10.475818948338366,41.74058358840172,52.828841927023184,62.6377476523604,1.1000606624148503,0
38.032094896323784,7.104208675625444,42.83164327374186,50.75138442090241,67.29260642264309,167.41125603759247,1.6041468193199238
38.23264766738071,10.375027265188107,41.13072160345486,51.060910882322126,62.11608160149934,0.7733597031554028,0
38.444387483306876,10.673819366471802,43.26787346130649,49.753910391273415,62.17634656432905,1030.5266341041956,10.234983908407685
38.71123220084247,8.807161161483391,42.662194298275736,51.938091443908256,62.49615796144028,1081.5216425486763,10.773310803266982
38.31967522761,9.20750288704404,39.389656011490594,52.147887041040036,61.282409021694036,4555.406681589314,45.35459981363851
38.599140407495895,10.5317055218894,42.67395455045331,51.03493246627101,62.38645976085461,670.8818477146821,6.661331486522176
37.8291330669058,9.777988043821805,42.03488826952408,47.891060208911824,62.593735264694764,510.006463074127,5.030206896812811
37.21679178926514,10.676798708330963,39.99051956527101,51.238146148781475,61.61169077879611,1810.2378614945255,18.047217212256278
38.790970280258485,10.896734930447575,41.24109028114923,51.77512758874928,62.29903583970778,2200.3141642700875,21.95660544153613
38.165685372395004,9.38424451246936,41.190737719429116,48.348043480708405,61.48519453298648,2.53199956455137,0
38.62462360900829,10.42197392862452,43.51865540504797,51.720241909106775,64.13021676180308,1151.4048093953347,11.440839219999202
38.60493127369948,9.7426896571817,43.223599293735376,48.56509677940304,62.29643487585771,693.3992777101328,6.868507428328302
38.837444940468586,9.361516076349085,43.687449585818555,51.598743307176186,64.13996537518638,534.389120371153,5.291395371101947
37.74195489809855,5.565003796634754,43.627655445126194,50.613328113427585,68.82937175183618,107.95866857773912,0.9960094292991393
38.44170248407919,9.57803850139477,39.798728325425294,51.153530399587765,61.141365514071765,4352.213263837921,43.357443431227296
37.91453311757903,9.734783361802249,43.43303652321591,53.30724148005679,61.68172511843518,860.6222546633151,8.567278927525058
38.62215062533322,9.870718827685085,36.370418343447916,52.950745478965956,61.71331609091907,4277.501501895439,42.59609393527437
36.964500562479365,10.318595347636787,40.76109074813211,52.47271047202426,61.118783022594194,2563.9063215753013,25.533708736385442
38.24487960394437,10.372077955430804,40.70161733161249,50.63730408186149,62.51395796621367,2.071554322152167,0
38.5878721041444,10.429509456078584,41.88721676214904,52.08560781291599,62.21258945147779,628.623039519781,6.266272265601032
37.991076289084006,8.945817262018807,40.16414999715622,52.085996245070895,61.9021257531522,3548.491160895785,35.32445544436242
37.55037399461286,10.503691651803152,38.01335788757447,51.89988689416214,61.25780978412635,4826.302818943582,48.05408785406523
38.39161959259253,9.36367355202285,38.334607935448616,48.410781808553445,63.32966451686918,23.14724667830122,0.2158259154374349
38.96927179054615,9.464465169847315,41.77085953396616,52.80181592017274,62.957424374331396,2932.8683600242684,29.239496370520865
38.19819149874316,10.335566354050776,40.130079944888855,53.21904995105503,63.426310452848035,3314.7970157785367,33.041985458288394
38.36322345589553,10.756972493541442,43.642479315275125,52.09035299753545,61.69639460320219,559.0604489660757,5.550153492520204
38.14885275841053,10.544697909430017,41.21136256026031,52.127918885494914,62.05995251644609,2108.2391463058852,21.02329040628584
37.84088507063029,5.1930086677217195,40.84586518960301,51.590099624916114,63.083075971530846,2707.0585724675807,26.905384990589205
38.405528857750504,10.268602868515115,42.92338258308628,51.08150175863152,68.11709045029014,1394.446848593283,13.823991377170644
37.98514836242257,5.82705582966369,43.77425201699053,52.751348217730985,64.48423796916369,584.4317756648707,5.785079467603278
38.85536572100519,10.719370362873327,43.690643483270264,52.6145462861649,66.44624399866584,1694.9062620560314,16.848636153497445
37.9608804976502,10.936062667620064,42.61776595497599,51.59806846716506,61.45284966609005,286.98016288542703,2.835231539590492
38.4872441293079,9.554057118890073,42.07409058135618,52.49574497541906,62.9846555956516,600.8784093804085,5.981095589545373
38.28469852058789,10.29350513827896,41.18019682094847,52.09760739931874,63.04384775602508,0.8138068784232193,0
38.51947710072588,6.433995783356993,41.10041633445744,50.5841036771587,63.17437479084947,2261.892967011146,22.519524291598483
38.11782514824912,10.49053145015617,42.61944481024936,51.34236223545951,63.15776029188695,638.5559730157916,6.330992229997722
38.11643735279105,10.081095340559049,39.668243499106744,52.68710317202627,63.82550500588144,2932.4887493571678,29.23336513385846
39.24256087151597,9.28629583713274,43.76899227045726,49.98374702523032,67.70282564473537,1378.9402020789496,13.675143546911917
38.74904855957205,9.48522612109981,42.603911811126736,50.758884033077635,63.32661383820155,207.90500600785234,2.039447895826079
37.628406140945344,10.300856249053684,41.106420328762404,47.23265912585697,62.839575623177964,670.2023541319742,6.621401596569838
38.23264766738071,10.55167518714168,41.13072160345486,51.141211979573086,61.49848466708823,2013.5048791920822,20.08422692945839
38.06167083573765,10.20439662457021,42.05185017179077,52.862238551144735,61.90892339202598,1927.3528165123962,19.208700125220165
38.71123220084247,5.1328217501469275,38.78703752657208,51.938091443908256,61.282409021694036,4268.384874333495,42.41545739634428
37.573776741035715,9.061035805351173,38.7476925248072,51.58940791541173,63.66968720242286,2825.631201715377,28.151237692349657
38.81095856477786,10.368253704886477,41.73277629411557,53.100303381711704,61.84734350705161,3915.775928550453,39.032028451648074
37.8291330669058,8.768054445648712,40.916062168016225,52.755050851587264,62.593735264694764,2669.085177460059,26.575306218426288
38.2824790817455,10.307795127071081,43.11878190492244,51.64632727909588,61.50800776958687,2.1782153104403847,0
37.6561259302574,7.710092873261856,41.31021452604112,51.71146653235796,67.38909166087188,5.504906259409606,0
38.36480365851473,10.725937493750553,39.033145329701135,52.46446662998785,62.768853823550266,4715.70758557245,47.00260571895391
38.68228834326485,9.112098945040618,39.20537944381848,51.544560424753655,65.82343621227116,1.5800484261639443,0
38.87916146902974,9.602845178556557,43.223599293735376,50.624501036850134,61.72758236531077,2.3214151803504466,0
38.59570508688478,10.579267784436324,43.595663264703845,46.08574848409291,63.32928439043353,1529.1364224125293,15.171396387913521
37.45433224106324,5.470407191315575,39.80216594338688,52.27116451663279,62.93565500481581,3251.2387286996973,32.301313438467304
38.653978943390385,10.736069270261211,36.238598145471144,51.76634671515676,61.40914397752211,4454.219008631813,44.389531326128406
38.24560414683447,10.848454341569756,41.958160312666365,52.969638962467975,62.337459698099835,54.53417786381572,0.5316604938605138
38.577376772611906,9.72382888572966,41.41209480650173,49.87499445200881,63.09767615936365,195.28770800637795,1.9132081133657939
38.42693682212537,8.977032878705911,38.852360251384056,50.87256697607148,65.60677640621697,1.713553535636218,0
38.62875875944564,9.500982133175407,42.060016544450356,50.63730408186149,61.0558527137127,2119.461759665303,21.131997942422377
38.009138082890665,10.30676798679032,41.50261545160112,52.12240365609353,62.820406513024,1.307296395104649,0
37.752051341656134,8.945817262018807,40.16414999715622,50.45146988380695,66.51199433620711,227.34599345570405,2.2125106645770467
37.55037399461286,10.854221362088502,43.578214431534576,51.20922315270319,62.11956169964239,753.8598772394455,7.4751393744220636
38.25582308802064,10.180096521504204,41.963322537534886,52.71394625236416,61.37805102108058,2975.455810657663,29.649049315048607
38.03224977814439,9.584606899994808,41.466780359786114,52.70827007073752,62.957424374331396,1375.5693001363632,13.706532889057573
38.27396020309487,10.61898788504027,42.13608390987363,52.12753069856968,61.74349848403713,5.514850097483956,0.04417734822246189
38.184045004571054,7.4427292656091195,42.058387788667105,51.19019849620033,63.45150646991291,605.6464565263075,6.014431269056814
38.137161348797335,10.028333631921088,39.26006499710287,52.2779449401378,64.9735860015036,1.4832785990016384,0
37.49858907484647,8.82639648097662,41.27435377156691,51.63235150200063,65.12600836735254,3.9062974505683803,0
37.510863730265164,10.64193029096959,42.30074481154263,51.30494025685376,61.68117540374779,3.2500658390907016,0
39.379833817164155,8.957764226136463,41.84060654261934,51.95474167764013,63.2919972347809,2298.159089048074,22.92024024009628
38.226432831096574,10.252787180625317,43.77425201699053,52.00042477824939,61.6747011010616,40.15459383210817,0.37206971483977114
38.85536572100519,10.159111723325502,43.42438594478748,52.08313456913476,61.21351083959773,732.5206784406028,7.302470449325362
37.958707541366536,10.412910350770646,42.61776595497599,52.91255858191036,61.45284966609005,1378.5182002806464,13.738942393065315
38.184045004571054,9.554057118890073,41.84832638644987,51.19019849620033,69.29350910364376,1132.29546867235,11.20816265834327
38.424646417380536,10.732230617060385,43.21062681293697,52.09760739931874,62.51873288452,725.5569892907299,7.208161894238442
38.376334360623815,9.850122297779162,40.386461134757035,49.495784487988224,62.03329125248005,0.9171777554101886,0
38.49680991620007,9.194276938680364,40.843418589784804,51.589022726184865,63.15776029188695,1704.6840338647073,16.991770496579008
38.87532501316221,10.713928140030266,43.45053230737249,52.846618737159716,61.45731400359334,176.17379204734146,1.7552752110753431
38.39525942395399,7.192901203677528,43.30135805809873,51.160462841960225,65.07525398643956,3.765318078588548,0
38.198566861672326,10.911308178095032,39.83524956776788,51.437983003848636,62.547020667492134,3033.977093581778,30.26607681404482
38.03682787626218,9.394217894146967,42.75760550753375,53.14227020230706,62.51427147503482,852.0520911266984,8.481600755778631
38.45205501441854,10.30126930040737,43.355116917881446,53.47994135113978,62.40897603438918,0.7533768215176978,0
37.96491179842512,10.325265031881084,41.13210991496802,51.086460638470385,62.09076475236062,0.898567739735034,0
37.56422289072893,10.904613950569601,40.670798715790255,51.340927119606995,61.65244997262266,1.3172820464749115,0
38.79612182688737,10.493251066735544,42.71133694581363,53.116552769853406,62.98403740363832,93.20334786968205,0.9123792813807796
38.77380286837363,8.464275930684098,43.449870744749695,51.728886471015,62.382129192234714,359.9320784544146,3.571300301963576
37.8291330669058,10.790266666413231,42.03488826952408,51.611000642088655,61.4932057768311,1.9631748355475334,0
38.362411916123094,10.680562254799469,42.14027080019085,52.624342349720074,62.19208789114052,47.66712456694301,0.4677648551766964
38.373414337022844,9.883267019272848,40.46472628964223,49.63246504830003,62.04331543811573,0.9334698522129304,0
37.533609024090474,8.768836061966116,40.38014155875158,50.912638751921605,61.02025223680674,3021.867237915897,30.08651815071596
38.39760316184709,10.547148215373959,40.758135153667745,53.10774529347578,62.74767617529583,3525.083169106698,35.141799932637184
38.61680924497996,9.945645781483233,43.223599293735376,51.998805431994484,62.35954445596669,2.2743125999908824,0
38.326070479246155,10.19723546248201,43.687449585818555,50.63911824122996,62.433654324237594,734.1557012579887,7.2818025487652225
37.82503257618789,10.046053323331344,40.45187591089561,50.613328113427585,63.72081374181328,10.471322258445458,0.06817701329299819
38.036124893387125,9.874852733336276,42.0698054696705,51.125776397464264,61.71704683550778,1.2607566384663054,0
38.10514399907914,10.514557420377724,38.92146335386935,51.46955194519016,61.588414495037725,4659.770836713606,46.429609899807964
38.136383021128815,9.72382888572966,40.15586178428596,51.390692550787406,62.05020642844125,3205.660764180936,31.94664881718967
38.591033228322,10.60963521470611,39.85355269102094,51.25398897039828,62.06275630019143,4220.510361936574,42.08325722077169
38.603571502761035,10.844059405963472,42.328226060421265,50.63730408186149,61.59073083782448,780.1344245219534,7.756224534449382
37.900544203405055,10.41493679209505,38.97204160648605,51.6652024513883,63.37697624759568,2995.254810584946,29.866760092392948
38.84668866803332,10.702555176344838,43.37088540707475,52.81060842540787,61.49702214432875,167.6693413214297,1.6702054642955488
37.77814081017859,10.303759659479152,38.75964356220957,51.554971732887715,63.235911803245344,3204.5733050295653,31.94625986434792
38.143467547405876,9.497905459511477,41.08767000740272,50.51328320935267,65.11208387042551,347.72905178278063,3.42170448870196
38.96927179054615,10.955526336494383,42.52659693609355,53.59176668080666,61.33681839871757,4048.1769994274414,40.36194899873816
37.9657515540876,6.0957852783962485,41.68141964700887,52.15602599809823,61.608668201690705,2988.2396750757075,29.6912767710204
38.50669058775922,9.632436223516496,42.058387788667105,53.305603316302886,61.85986657699853,3208.988658978501,31.966873046512433
38.40979111752388,10.418054672457956,41.82324534533159,51.37511371108151,63.16158843846993,402.58848824745314,3.9850913779563806
37.89649087404764,10.128829416678066,41.65619595666644,53.319242277691615,64.11083049629111,1.943216317361126,0
38.075297875745406,10.859701744396824,42.404843469426226,53.511563585881696,62.34135579317699,0.9426251661850817,0
38.57872191868499,10.232403590370893,42.32952940750095,51.49997210775149,61.63081065234391,34.90096980873932,0.33876280096203004
37.947641095615566,10.252787180625317,41.483215095841445,52.484896831009905,61.6747011010616,2470.827596358606,24.624486431966858
38.53450567921919,10.259887108830629,43.27592254859357,52.08160502880393,61.34477097179313,0.6975783425453581,0
38.27545898814419,10.52073458519528,42.61776595497599,52.729519962092475,61.94175742013481,1.0654597831217762,0
38.16874653913262,9.554057118890073,42.65951780963093,52.324168326556276,62.11149041581371,532.8347638048265,5.299908775993228
38.28469852058789,10.01842399706387,39.96460540848876,53.02246040928054,63.04384775602508,3848.831530013546,38.350558943862694
38.51947710072588,9.986027984726668,41.25253880174762,52.14601333193064,62.980785153888085,1309.0395512889224,13.05287082123353
38.79355237029418,9.999039632465978,43.70036069125528,51.34236223545951,61.71850468656619,147.75727877302097,1.4472173956209484
38.77860975591912,9.85184501485772,43.43422089355515,49.04140998574677,64.68604492014873,1152.7516543362115,11.432877526438578
38.59292133884375,10.482487601134505,40.82255816830377,52.59606601277567,62.31890853376382,3798.037514793104,37.86515498188459
38.96645515798916,9.866752303298815,42.603911811126736,51.54568138767076,61.620027930343504,1645.176116058772,16.409722632429098
37.88532631195915,4.5047416658799255,37.130128494845415,51.31049995701992,67.09004809871274,2968.0970652062597,29.52712711088241
38.48033951854429,9.666855904899407,42.09488297621726,51.10972262794523,62.28521951919963,1.0520525266501477,0
38.556191281309424,10.820740416081218,41.13210991496802,53.758989884318126,61.99797734959778,4278.381521667788,42.639629464149216
38.894300672903334,10.199783703771697,43.723987729261644,50.90037398874224,62.301436029376966,778.360560850598,7.7315569089001395
38.040693002401945,10.993438997080187,42.44489243780004,53.35531320674357,61.81770320911123,944.7300205093369,9.418040638552934
38.77380286837363,10.051386876551085,41.73277629411557,49.8690796182761,62.765362989622794,445.3514604416557,4.409065695597474
38.203368398651186,10.496193860641593,42.15239492361363,50.67519955481901,62.593735264694764,551.6992827223108,5.467239628201741
39.2121792713249,10.46230351059987,43.11878190492244,51.18072689453685,66.01720360275488,1719.380237174743,17.095979784123948
37.607129057593454,10.42920132386357,40.18793004976033,51.28912788026349,62.63553173455541,1.2205695414109674,0
38.56155599644354,10.33582267279038,43.25595869572939,52.58688981606596,61.764182575220616,0.6237601546184597,0
38.39595386095576,10.331020211052724,43.50132217881439,53.10774529347578,62.486257122087565,2.2754620966463768,0
39.0065448465608,9.550323787412703,43.687449585818555,52.02311392203803,62.70329305211029,2.4676620299393592,0
37.90120720106051,5.639381168389658,39.99698626556909,50.613328113427585,63.09169615576966,2890.143207072801,28.746625051605864
39.360183740673634,9.0666730809523,42.92768929532756,53.44617597171572,64.91279354725836,1.6451862484420792,0
38.77585937677563,9.98886122806995,38.92146335386935,51.50270797458445,65.11944598635121,221.7847639903287,2.1994373792428803
38.425704764878866,10.401602546185797,40.15586178428596,49.87499445200881,62.14731645007447,123.06137286277438,1.215989992734265
38.221445696390745,10.318595347636787,40.89414952918697,51.09515030163854,62.68733197839623,1.736987480328836,0
38.50022336268949,9.500982133175407,43.87184751961393,53.51698697031124,61.591382831706035,1644.0089705105759,16.375710432846784
38.009138082890665,10.798304867389842,36.05009445714073,53.99790518923545,61.51272708226673,4532.1470681031615,45.134954101655865
38.596374805958426,9.940599927423285,42.32271297857351,50.95708984037353,61.64465264742327,0.8416154746394471,0
38.67163867235874,9.99265453190103,41.86095459528282,50.51328320935267,62.146758979367576,2.2268658200885,0
38.7611964713762,9.974839666723318,42.902501088572244,52.864181772594456,62.84648051382348,0.8186200706594404,0
38.61966447170651,10.165997794738015,43.42722108801495,51.12131364473327,69.36082569151222,1579.6115070510577,15.658646512261011
38.90326682593745,10.914558558669608,42.058387788667105,53.21904995105503,61.449354441263175,4161.531681334045,41.49041483742502
39.746905247157734,9.218211580644757,38.007609113851814,53.34764118139575,61.826785500654516,3928.2563417732904,39.13349718602747
37.89649087404764,10.044056591199297,43.05761272079754,52.65171121887633,62.26045469791892,1.573496159840224,0
38.343219639826216,10.859701744396824,43.384730502801915,52.61122962205474,61.77444493528331,358.43188660874074,3.5524540813530354
38.37624519563464,8.957764226136463,42.81189618375016,53.56282352135361,62.67832290398449,1833.51573891179,18.259554079740802
38.14687260405235,10.252787180625317,41.90083444679056,53.01173633348424,61.999496827578334,2324.076808716489,23.163041711012017
38.05145445140117,10.78576060458864,41.35798825415174,52.147887041040036,63.385258756694824,337.3059318510709,3.3355654092644507
39.189460269899456,9.88444740651914,43.155640703435296,52.18186047745488,66.73817620929087,1303.0155205728886,12.944931941751275
38.7049635820314,10.274612965342483,42.976745843643116,52.07790952853254,61.75143987061697,34.79282143255844,0.33954886403785167
38.7060172311391,10.372969987467458,37.58224383193142,53.44514479680237,61.50587975030483,4072.5920031458954,40.558718626242154
38.20464898226766,9.986027984726668,41.58848152521763,50.5841036771587,61.75071058737272,0.994942924630945,0
38.11782514824912,10.22592043840605,40.843418589784804,52.85668665830912,61.201902949305904,3887.9324277909727,38.72344137888718
38.40494043629207,10.081095340559049,42.516335169410624,51.10957458417114,61.054207944861034,276.5037098275592,2.7474740285656702
38.39525942395399,10.047169982419723,43.724442504878404,52.425332266500135,62.762020137740805,225.54924497410926,2.2195102942503206
38.82928484579072,10.105673611089042,40.89471953551798,52.791079466170636,61.25446854091294,4611.247320326454,45.95146844761172
38.406960447632066,10.279035247456562,41.106420328762404,51.97730798863504,62.17750248539804,2754.3573928174087,27.465728041371953
38.46895921123325,10.836365405808717,43.85969875356814,53.00045183635768,69.22957712715647,1820.9722178747031,18.07322594369393
39.24578907617634,9.440978659012565,39.08313583203352,51.086460638470385,67.65207691134098,670.9354492187981,6.652569102440833
38.65327772003854,10.257347732287275,43.48162070057057,51.42241307453982,63.362651205487715,867.7236827158264,8.61731944918153
39.04892675478195,9.538933076167526,42.908437461042794,51.597559473954185,62.52579907917082,1.2978977519017465,0
38.77380286837363,9.429116407123287,43.03939599427497,51.84682875902279,62.745313385747096,1.650171531287841,0
39.302140035401116,9.175678683941365,42.03488826952408,52.42425640730075,63.353359895215455,2224.3355420069292,22.183202532357793
38.12691939310807,10.676798708330963,42.016423497282155,52.624342349720074,61.42012375245601,2318.376709298589,23.113291625413705
38.89050797894112,10.20051300430619,38.29744470954856,49.63246504830003,61.753650101380316,5139.196229758645,51.24228968182797
38.24111183380011,10.166420225240675,41.402303570477734,52.08160502880393,61.34477097179313,3174.123741086218,31.632607239058824
38.05015774936093,9.948904254074082,42.06045034460962,52.74564295547012,64.11339320331041,3.0651949288870446,0
38.310863574183,10.654642534067104,43.687449585818555,51.54573120711942,62.731966260178915,975.350785303029,9.689955837420605
37.90120720106051,10.387683518080719,42.767927755160585,52.78760850423096,61.184784436785606,1305.002790085726,13.005339371125611
39.047791426710205,9.923396847447668,43.59974188085546,53.09755908249482,62.703210728077366,39.06209160902935,0.3805956869117395
37.97526808650677,8.514006076925462,43.757134225391155,50.32262746560931,63.60358667418949,77.81620767259834,0.7254882353882883
38.286380784274726,9.77240451933638,40.15586178428596,51.27115113036158,61.286144095211995,3939.5910200680364,39.251078940299095
37.97269981566407,10.739214119224062,40.76109074813211,52.276936761027045,62.087672888983306,2713.725480729129,27.056953806414263
38.98957300936913,10.430640380462094,41.46450724895259,50.63730408186149,61.91560310822246,244.82638835857662,2.430068911801186
38.79445861559854,10.082874550056221,43.58451616471942,52.12634211946166,63.161715325516326,577.0371442391399,5.725764789265822
39.069106035551044,9.940599927423285,43.989588561663346,53.39605837356684,62.191983711953284,360.3457384400346,3.584929160830015
38.395424004212146,10.6826774439802,43.00628290053418,52.076333622883034,63.76613818731476,974.4412858550062,9.68176142951825
38.00070509524219,10.914495454359036,41.811476826162234,51.85504521045982,61.37805102108058,0.8989303603097151,0
38.726196763739786,10.32412964990345,41.83439079150114,48.587977739073914,62.84648051382348,924.7491728604781,9.17803439231339
38.690468642255446,9.921689132869602,42.78012934749366,52.21938648266681,62.53099635546517,1.1165287262755208,0
38.55220963734041,10.186041905334715,41.96615608493244,52.498005289842865,63.19067093364238,1.35269901704724,0
38.14115770867535,10.467373586502177,42.36496125142987,52.09035299753545,61.888873099258134,1.1561233210399382,0
38.5070649350672,9.739234335554285,42.06783498482981,52.127918885494914,62.71027214257231,123.34942788831614,1.215165684528902
38.72097847273561,9.864657735002023,42.84949574436373,50.405167171743734,62.34135579317699,309.5168678296444,3.0549498799453225
38.82669069275336,10.017069265460428,43.03422679136647,52.38336154017281,61.89362679413645,727.7599213568097,7.253342533061614
38.80739917811862,9.967173942309177,43.77425201699053,51.21503363544364,61.64994273238766,144.49406506528587,1.4142396255883476
38.83002908413329,9.782929512560475,43.066182900864874,52.147887041040036,61.68910429725656,1194.9545583932666,11.912688293545795
38.469921488341875,10.45117931936233,43.86522680067409,53.712989917984004,61.45284966609005,1104.0612230741026,11.003691391028664
38.130971823360795,9.554057118890073,41.90513763368125,52.61814616548594,63.00100780341917,535.4963047175723,5.32619098203793
38.89816549496976,10.387683518080719,38.50610114192599,52.78760850423096,63.04384775602508,5153.509150527534,51.382501254086435
38.86900853918826,10.199031872319463,41.76097126147815,52.143193615054464,62.06795501639707,3051.9632057050558,30.43832464464061
38.235667746641575,10.809403207153869,40.843418589784804,52.39113266285903,63.36395984866296,66.6133499612594,0.6446759035708283
38.50676575377016,10.416407001344758,39.668243499106744,52.53943055910744,67.11744077498483,792.9617424457522,7.869654410844177
38.233389550918375,10.689378789379816,42.681557062812196,53.210934724303414,62.31890853376382,0.9775154773448449,0
38.49880682935984,10.340783798971962,42.603911811126736,52.055685830794204,61.40678151934211,1218.1374871333896,12.146411429781667
38.940063704350976,9.945287313551752,39.06083327526065,53.08079795389556,62.02477548716071,5078.84160858144,50.6236771574885
38.72305316152168,9.838737407804045,42.214518358382534,51.88051022083783,62.72291336693111,0.8012679639826399,0
37.8791283120619,10.569908423813692,40.22148031373399,51.65712853745703,62.09076475236062,2663.268883377027,26.55417318854562
37.56422289072893,9.922169893870901,40.670798715790255,51.340927119606995,61.39271460307511,2418.7941669565853,24.103572625675046
38.56155599644354,10.33582267279038,42.56559104433397,51.41659095089608,61.85612131955985,2.18846345483402,0
38.75171882263692,9.523334819360025,41.73277629411557,49.617895128357304,61.33352652164686,2.834552365982673,0.01537153093482857
38.597404115533884,10.168209820004941,42.40835627836127,51.04718169534762,62.593735264694764,286.9036165502929,2.832272990423703
38.59727150770004,10.676798708330963,43.542578382474886,51.917672943325776,61.50800776958687,434.3240829770434,4.308907867941528
38.326447296546846,10.505767455604053,42.790032157068694,53.05457103531714,62.04331543811573,1.388216728876332,0
38.66734334773167,10.276849977254136,43.01744940032019,51.98972006179683,61.684516742476866,12.656543740227177,0.11607916525564121
38.29601690351702,10.636159862206936,43.97067919268502,48.98782287464749,64.11339320331041,1421.3788461669417,14.103087828168471
38.307023410254004,9.945645781483233,43.37095455073952,52.45936792131818,61.72758236531077,1.2897160754925308,0
38.26747618031077,9.727542841440066,43.687449585818555,51.54573120711942,61.34747878447466,1.6377368950581397,0
38.904885767123304,10.030993670339475,40.78154420364998,52.71196155930598,61.284147397301545,4706.284445764859,46.901352467197455
38.51317159368492,10.311683812197423,42.40161412609566,53.12783421847166,62.94695317720737,0.7336014161488812,0
37.406138286657146,10.326610465953383,38.92146335386935,49.52084925018607,61.94826655930815,546.1859911904702,5.437251159852964
37.92416139598178,10.358800194855199,40.96852604625373,51.6956710679293,62.780969402178755,1.216302902206907,0
38.48434132698016,10.731163138239417,43.027237943489716,53.76478924513197,62.06275630019143,1459.1124612729018,14.549964764579213
38.224833113658825,10.222127896672433,41.92970528437235,51.806211427086964,62.1891270267932,0.861946141680269,0
38.44096253811396,10.348800748693554,43.26961777090963,50.95708984037353,61.539005333436954,346.6673411155652,3.4284568439407326
38.93117450653432,10.279753421569627,41.304346664657814,52.76966688514221,61.49868430233787,4404.506738182066,43.901441825764465
38.00070509524219,10.914495454359036,42.2281283177011,51.81584820543134,61.37805102108058,1.8640823408274918,0
38.35116348002991,10.481542715777353,43.31188417036999,53.09138486435104,61.979311549887946,1.0280051022904284,0
38.414351715041086,10.882078185390121,42.1522823937066,52.32673983695656,62.4445766761705,342.36192538358824,3.393779057556559
38.39599763759728,10.202706467819946,42.724325255091664,52.56453700576302,61.93009633564276,342.61278900592777,3.4061736525717707
38.14115770867535,10.217883301128436,41.62485195312045,51.4576659503307,62.32426527236135,1.284123931345935,0
38.471220234677986,9.970325571564917,36.23448846978977,53.86020833568297,61.450233712560674,4397.662341378872,43.79013551025578
38.47094084342469,10.428847265908717,42.787297912939,52.257705140862846,62.34135579317699,9.646367253978156,0.07211511553252503
38.219477412496445,8.957764226136463,43.03422679136647,51.777742977260864,61.92968909045317,422.8009387031501,4.198662391519829
38.38948507887118,10.252787180625317,42.645484926510605,51.952637371043465,61.74018546962572,0.7598064860860531,0
38.428734286782785,10.353697277230133,42.14166767360264,52.595398228002786,62.667576555453444,0.7548154301330952,0
38.39690403123117,10.315746214046069,42.540179053591146,52.02728500830935,62.21312413238809,1.829856210625167,0
38.256809531278925,9.554057118890073,42.83805719803194,52.53086949935225,61.60008635339484,1550.339147243507,15.446217264007315
38.270047923802025,10.343043766163145,42.580967151582456,51.5014976662267,61.30894978284201,0.7653450667246275,0
38.126480157460065,8.25206676975517,43.373852877726335,52.695105183938324,64.34406754474834,2.435696168719292,0
38.72860838077608,10.013128037377149,43.38390702963754,51.34236223545951,61.44454213493508,1.9030646749406632,0
38.34185303817768,10.081095340559049,42.130261052290194,52.220919879672294,61.86901886406909,1519.9308309517999,15.151539399819143
39.03361364765857,10.01502614963111,41.271763809395324,53.72419720460319,62.1664251909939,4508.620255264503,44.93342971251394
39.1176667528574,10.501929098671154,42.603911811126736,52.791079466170636,61.12901171612049,3947.7527837015773,39.36060398544556
38.04565957646987,10.300856249053684,41.106420328762404,52.1930736150151,61.92777456810344,2504.5270239167517,24.965659213771705
38.202948125561065,10.58069547224121,43.355116917881446,52.26947295865673,62.40897603438918,448.80400938005846,4.446990260616246
37.99787288524836,9.063207088790358,42.655600756054035,51.086460638470385,62.09076475236062,1.8087063232750746,0
37.56422289072893,10.341771467587034,40.670798715790255,51.37457919832745,61.18156502405252,2563.0246734989473,25.544730812032068
38.56155599644354,10.553101263140087,41.58466541164853,52.015771216611455,62.325425032309234,297.7700476668039,2.960923688557646
38.42729432432209,10.73262614657764,43.59827175455926,51.03493246627101,62.765362989622794,1088.6310032791841,10.817195170022162
38.730565785305906,10.74151927528377,41.712056540445566,53.82465453359542,61.54360189047005,4330.996557071737,43.16329419251741
39.401960413370105,9.717273707003677,38.97058707866862,52.624342349720074,62.741074098893584,5192.978144174396,51.78088626135378
39.120459088371454,9.883267019272848,40.90756831510441,49.63246504830003,64.07026511455079,711.1234112957923,7.057375852685286
38.2019805764104,10.259887108830629,43.615272551340546,53.18675733267196,61.266013553216276,869.3919591979193,8.660950097139782
38.596720443516766,10.154349977384797,40.758135153667745,53.10774529347578,61.93462579733643,4268.285412097808,42.52952597327768
38.709287018593926,9.945645781483233,43.70928657720221,51.998805431994484,61.820088568655194,1.9489516695183462,0
39.23295062450774,9.311577104510286,43.50053606646286,52.35515589342657,61.611435454136455,2323.870471534556,23.170244647437894
38.32393923486167,10.234203108980894,41.20546848067321,50.858939490623975,62.06214843045061,0.7565792341753917,0
38.87792254630382,10.311683812197423,40.11393081080337,47.398616551918735,61.493901955086905,642.9609953440191,6.384322265682918
37.406138286657146,9.98886122806995,41.308199813271656,49.43109588505755,61.26539086637148,2.6127531768596817,0
38.743411980525394,9.874005420062923,43.48688967464371,49.87499445200881,61.751424265750686,454.23892649411385,4.496055225670458
38.33165421033775,10.318595347636787,41.11931247756326,50.5304395128507,61.71868760743027,26.653738495233352,0.25805272067441365
38.75827784026935,9.500982133175407,42.37994193209161,50.63730408186149,61.4295779970749,582.778783700609,5.80432318369712
38.417481379575186,10.59646261793094,42.82899756649039,52.195362594470325,61.39299450348192,7.516311789226403,0.06897786662199223
38.01007806940352,10.702264937258969,41.775289031133624,52.16591201164275,61.93905754938689,0.8309934787752342,0
38.47853855956823,10.277416603053451,42.51921421413716,52.046008637342,61.93048988113572,0.714329261872019,0
38.00070509524219,10.18005228144178,43.196176026903935,52.04759961621458,61.534216100551454,1.540654718657116,0
38.88032583967069,9.974839666723318,39.63259488218037,52.864181772594456,61.98364748954031,4930.298073878974,49.138155840621955
38.92722782717568,10.392082452267111,38.74840561552986,53.11368858972621,63.11768311307709,5115.009751818422,50.9982967811858
38.50669058775922,10.422868323430409,42.058387788667105,53.299369641842034,62.494413846586085,2306.6990689096533,23.00104264238733
38.8115709137601,10.467373586502177,42.79689637421259,50.608272896378224,61.153546103776655,362.73856840184004,3.5964921604815423
38.891004500655654,10.011628623122602,41.27435377156691,52.594929742270736,61.667145100956425,4175.971283232942,41.62111076153097
38.075297875745406,10.246345372584729,37.979690295431844,52.83640505348744,61.50067880036041,4987.7157159521075,49.67910693910087
38.679311215192044,10.231866394914036,43.03422679136647,52.08262143786912,63.8627591087744,753.6340171982744,7.483247536579978
38.38948507887118,10.42529997299603,42.48816854286855,51.952637371043465,62.02768635008082,1.7667829432676894,0
38.779990024536716,10.493251066735544,42.737204090829174,52.06529548859588,62.34686092454567,338.4369500447891,3.3552576164504244
38.87499853878274,10.127548525514792,42.61776595497599,52.82616023255393,61.45284966609005,3240.7972221741875,32.308821990280634
39.18303997930565,9.900415845561767,42.580967151582456,51.5014976662267,62.37903749376954,140.53085842847742,1.392076776970569
38.51947710072588,10.071232244202857,37.05279595326653,50.5841036771587,61.28776284950337,5311.023049194298,52.93415761707135
37.97917110078959,9.875854933093956,41.96398507247421,52.84217614052043,63.15776029188695,1.557477120246574,0
38.94188505867862,10.83078076997941,41.36685088118922,52.595722013677104,61.86901886406909,4187.575367819175,41.75801668650877
38.74036733629761,10.047169982419723,43.14097911523047,52.77829052410987,62.44113977224486,0.7062921149633391,0
38.27107720341306,10.300856249053684,42.27038271986596,51.35316897408211,61.37263038203346,0.8791127859048354,0
38.49125650891123,10.30126930040737,43.394567114917876,51.918945244677566,61.07829412940836,0.6945757466675633,0
37.96491179842512,10.266349290459576,36.44595240647182,52.403529034226835,62.03848890625637,5280.049963160758,52.60045407909587
38.51915982859223,10.904613950569601,42.91870793720457,51.64537737184051,61.65244997262266,664.0945144651337,6.600294241216059
38.5298053754737,10.33582267279038,43.34305952630419,52.467475984169134,61.568553268125186,0.6431933133696025,0
38.77380286837363,10.376411908322913,43.68873635259587,52.76293273846698,61.574308644182906,43.67802349934225,0.43171302763396113
38.13925655608605,6.724325710215139,43.8954875795678,53.876134381085315,62.593735264694764,1827.979675997433,18.16570576111004
38.44980431161022,9.992844172752164,41.98036784833289,52.47006332646667,63.12145443268647,0.9154575943812862,0
38.768476724955896,10.321564770920883,40.46472628964223,53.62410047575441,62.67243912097925,4531.686219324771,45.16465380459226
38.53450567921919,10.710352016187741,43.45705007014723,45.64385313230128,61.34477097179313,1441.6668460360186,14.312812383031543
38.05015774936093,10.453556371811413,42.35953122662742,52.71034229533237,64.11339320331041,503.61516166413816,4.988650084771015
38.60493127369948,10.624143613163605,43.223599293735376,50.23890287824888,62.92873146196872,1167.396120323038,11.599218279782338
38.47106022920377,10.409130651005217,43.109816158903335,53.1158206148962,62.193985198244896,0.6522605120516562,0
38.68991720841263,9.69229819760912,41.68551310814498,50.26804835719938,61.975184091081815,0.9263560797177718,0
38.967973398706064,9.580577256506364,43.38268455317442,52.58794338123627,62.94695317720737,1.4338799691185855,0
37.406138286657146,8.388617587339297,43.848906253960486,53.43221111560506,62.552910788664924,361.2434222424493,3.570951410298326
39.205619232935526,10.007672240094822,40.15586178428596,51.78449297758666,61.46167278261126,4968.505593913377,49.53474777122844
38.84703474875808,10.575775002941443,40.76109074813211,50.54206317004985,61.96133397283935,2340.6221672811103,23.354972285670527
38.228166141999104,9.500982133175407,43.405237647489095,53.403945926241484,61.0558527137127,2320.10493461101,23.10504301030947
38.77279748905221,10.222127896672433,41.92970528437235,51.806211427086964,61.48920918746186,3035.0707188417923,30.267700700785266
38.50547563439846,10.255378524560435,42.14327698846282,50.503716734288815,61.93905754938689,139.23116346472702,1.3603780566451573
37.94203887027716,10.279408694318,42.51921421413716,52.109430867370335,61.93048988113572,1.2889258024123016,0
38.87055418086179,10.32639400544723,41.811476826162234,52.592818171865716,62.576174047422704,2605.740800541313,25.992871424860557
38.33898384514171,10.490140172211353,42.902501088572244,51.71197645442638,62.84648051382348,587.6209937826321,5.828705881892602
38.317839307528864,10.249937071298184,42.4212873086703,51.75900780924623,61.79083588593735,0.7754939464307659,0
38.605263440401096,10.094138989793848,42.86206682395783,51.33526792209171,63.426310452848035,609.8736329751663,6.047823498636523
39.01571776981484,10.467373586502177,42.36496125142987,52.23390406291638,62.51026570787458,203.44997647285035,2.0172321963763125
39.089782737152305,9.717637871744222,43.86108244505913,52.127918885494914,61.57837579434411,38.629259703578356,0.37360381380750596
38.287407902822146,10.859701744396824,41.38307768361997,53.511563585881696,63.29078624124082,549.879409721193,5.477957707959757
38.71388986923785,10.448224059639765,36.446690391231535,52.38336154017281,61.905965264150495,4293.081597875865,42.77281725128568
38.70912566017671,10.252787180625317,42.645484926510605,51.952637371043465,62.41391582603791,7.935122751373446,0.05705256100348066
38.31967522761,9.757070065854752,42.76494311456851,51.050422647145375,61.6308713191483,1.4504997264265727,0
38.203513497566064,10.412910350770646,42.4212873086703,51.75900780924623,61.45284966609005,0.8192214148681025,0
37.929940180279324,10.630462051344214,39.92818570792095,47.927565843176296,61.53139057464903,270.4082117369162,2.6591146621247157
38.204815430032774,10.690144392549078,43.19184217936252,51.28981119555873,65.47840742333194,1313.2158578169285,13.034732827784909
38.65617849065714,10.244548112545088,43.41453564446987,52.1545919870597,61.33844202852366,0.6848689781822,0
38.64471506645714,9.64632988384501,41.80464810216341,51.34236223545951,61.25292792012172,2930.309938631621,29.211767480543685
38.11643735279105,9.855253419910614,39.668243499106744,52.75321473901867,61.739750609861304,4329.963568815112,43.11665329525404
38.0916969071696,10.61451349729432,41.720528396030325,51.9171078635632,62.03080656435224,0.898367890649441,0
37.697981034409985,9.802966483681734,42.603911811126736,52.791079466170636,62.599712677082046,1.6472849545933426,0
38.201572231831285,10.349430300403299,41.5286254011498,51.26156673576767,61.37263038203346,1643.7812766729935,16.391357545691434
38.61415348476028,10.337915030639651,43.42054945055084,52.72903956787401,62.09076475236062,1.7473489480280544,0
38.95779750045828,10.455818662836995,37.0096685350938,53.7325250569083,61.37466888326247,4108.768447338153,40.93526565709625
38.605581294957275,10.751607934625158,36.26608310815283,51.246748768304904,62.54104283179221,4595.003766773011,45.797742196419904
38.70791724668535,10.33130107513645,43.67801345826031,51.03493246627101,62.765362989622794,922.2319394713389,9.161810701839146
38.312408336956665,10.15837319307058,41.61772735829315,50.993561956599024,61.95068095616396,0.8963802389380603,0
38.933183729615365,9.975046691187693,41.475885196584834,52.47006332646667,61.273101151649634,4249.108579072071,42.347565478115186
38.74169726027817,9.883267019272848,37.25531070244252,49.495971453815585,62.485903469595314,5236.416122526837,52.20388434680501
38.53450567921919,10.806387619821912,41.900324564523125,51.79806528708318,61.33134989160594,2550.6605247480056,25.445262191962126
38.05015774936093,9.565510026905137,40.6991893189,53.10774529347578,61.436770210137595,3741.989074463769,37.2484555442867
38.60493127369948,10.250464304509185,43.85008443357824,52.3450011981524,61.22352125348394,0.9243000845696225,0
38.095945978924675,10.866177961227079,42.68505537680349,53.38432254804225,62.221343868740675,1.061440684553117,0
38.32393923486167,9.67655909397812,39.876147452654685,51.74799032382093,61.279480073185674,4338.502348160211,43.21157895336176
38.51317159368492,10.247947133540231,42.40161412609566,52.69315365122648,61.92187236276763,1906.5642540487108,19.00999136924707
38.32855033001475,9.98886122806995,42.42541902363632,50.32262746560931,63.60358667418949,636.5356360888962,6.304744950001656
39.55796263193639,9.26739223128531,43.52433003407876,49.87499445200881,62.97719944887218,625.6926381677406,6.2068638492000385
38.65039201384846,9.925979573786611,41.97056180240066,50.7069200271083,61.85131011288358,1.0051272165500786,0.0007591139223848131
38.45400718951381,10.29341261461216,42.186082642001615,51.51554950359785,61.71936644790676,0.7441160165225594,0
38.9149154261309,10.222127896672433,43.30551093120432,52.1484735625586,61.98935854294677,56.81863315128862,0.5498406510861713
38.491191308450176,10.581021631889124,43.24693432255714,53.54869180760802,62.251794424111445,0.6043896574924696,0
38.239178228010225,10.910199692145312,42.7688864314126,52.046008637342,62.79871982227921,792.5610334963757,7.873957845677932
38.18073367340394,4.989242631061233,42.71367363793934,53.278205311831265,61.86620412098102,2792.168803987979,27.709975328176164
38.443130056819534,10.616010190719564,43.41814769825705,52.864181772594456,62.382653543498144,304.0948700705885,3.009362686539803
38.36372895280275,10.249937071298184,41.8323158821041,50.11559343268836,62.1670365230666,267.0659909466276,2.6315477574662993
38.4563724678788,10.662926435149584,43.15577519453291,52.890597781887486,62.71784289180426,458.5411180712461,4.549352653842243
38.221976865799775,10.917559928700813,42.378134930939964,53.51362349138688,62.34135579317699,29.07771199653369,0.27769414220608724
38.786639432717806,8.957764226136463,37.32548180346867,53.9944432085583,61.253353203421206,4290.044582228929,42.701789892145165
38.38948507887118,10.252787180625317,42.91478488085224,53.182604730631226,61.74018546962572,1692.1800391101972,16.86623485098141
38.13783187876281,10.902628434306294,43.19738208708222,52.147887041040036,62.02661845638529,624.8125921500962,6.203677062643692
38.83360386314299,10.412910350770646,39.02514279945267,51.2403067165607,62.565774176552026,4844.544777989805,48.30294903350754
38.445270275733776,10.715612379892699,39.92818570792095,53.704628601164394,62.08701517467383,4796.73915327574,47.79865299118144
38.45257519251909,10.715586734084024,43.241981749745925,48.914020410980335,62.51939563464927,1223.409064871981,12.149057384757228
38.11782514824912,7.848312678605713,43.083068632501025,53.508573287648716,63.15776029188695,1429.3323342469541,14.221024092501265
38.19385139923859,10.972137506142264,39.668243499106744,53.5557103744963,61.87573470118956,4804.0363727502545,47.866538375756654
38.402999615659944,10.565940874562475,43.19319207140642,52.77829052410987,62.1751523608463,23.213958896212983,0.20859241577113474
39.08666802377204,10.905999052464592,37.992302574435925,52.08648565823468,61.7558993115654,4174.299121463369,41.609084884769445
38.83069926543139,10.022850989136211,43.319225341749686,51.35316897408211,61.37263038203346,1.4906598762503576,0
38.34460018314318,10.953860552736705,43.394567114917876,48.95614462723524,62.61452215860622,1348.740104571131,13.39582889181039
37.96491179842512,10.583207470524691,42.04268478280731,46.50575176788946,62.09076475236062,967.5974753820046,9.584061061163656
37.98750247207147,10.446378094254143,41.993473115251355,53.25436395760524,61.65244997262266,2565.103962238311,25.559937252650414
39.24832673440554,10.999057726792199,43.32884085076833,53.54869180760802,61.11154603560804,3892.579331543751,38.820185090516944
38.69183808153929,10.58999546892339,41.73277629411557,46.571080632137736,63.55658627945991,1421.0451603827682,14.108485644704206
38.13615116429453,10.700830111836373,41.7873596903602,47.814974653739824,64.06097516170726,1172.1809471196127,11.621497673547925
38.44980431161022,6.739044185209422,41.98036784833289,52.47006332646667,69.86390611398843,186.33575092267725,1.795998910314037
38.616775025982506,9.883267019272848,42.033688231863934,51.853762760255904,62.04331543811573,1616.0040850357123,16.112965084273622
38.53450567921919,10.259887108830629,43.66206724897677,53.33017781220768,62.168523119604934,0.8588568371010703,0
38.05015774936093,4.615393566863364,41.11734353136667,51.268760812195,64.11339320331041,2234.5993290623505,22.212931216977495
38.626636014004426,9.945645781483233,43.01064606483168,47.29320731034545,62.533986930017115,960.025505938169,9.516199585695515
38.47106022920377,6.846429703181123,42.13828095944261,53.1158206148962,62.193985198244896,3031.136338524516,30.142923225524367
38.49467463529676,10.830131443495695,43.417429844902664,50.858939490623975,62.06214843045061,1072.7240554855287,10.663917539615369
38.50472791186127,10.06781904397199,42.40161412609566,52.200653048901515,63.47179785422856,125.55610281337074,1.2239120835146302
37.406138286657146,6.524293302586952,42.42028541774495,52.955029863166715,61.73903231396724,2335.601757250586,23.19965863327659
39.466120450680464,9.375002880471106,43.75493588824311,47.35943802422307,62.780969402178755,1087.2465430066698,10.79212631439869
38.20809981672105,10.947833963501868,43.022504415622706,53.24293991916893,62.06275630019143,4.625222998550325,0.02515021171606069
38.224833113658825,10.222127896672433,41.554976350769024,51.31943683723979,62.09461665301731,0.8348117524261089,0
38.662017763043266,10.878019034651501,43.54699969054211,53.148033148478376,61.34375609943777,125.34852918195499,1.2473606466449212
38.15996598347907,10.936682498940264,42.23395320443548,48.75659994147122,63.07390894400666,1221.2442343813188,12.122774620956896
38.00070509524219,10.433971890591677,40.474429309582334,51.85504521045982,63.69354128570982,2.3416651805936906,0
38.024886345725925,5.0270302318694124,42.99946483377148,53.488104935385,61.347925487788714,2698.800402616869,26.7670044523604
39.09094522190738,9.836233463757196,42.058387788667105,51.830753591322555,61.13455287175944,3786.743173828217,37.75155047845591
38.21077727147864,10.585487977362495,42.42373444076508,53.220833369111155,62.626736476892845,0.8902832036827601,0
38.14252352652663,9.970325571564917,41.27435377156691,53.02621615470232,62.07497694989196,3078.4549770252884,30.66871740365598
38.075297875745406,10.823092416630882,43.443899095211165,48.35789740449915,62.34135579317699,1224.3422199555532,12.148185846809497
37.68951714336806,10.668537650861081,43.03422679136647,50.90596934922746,63.54494040866072,910.9975240008689,9.033451716341244
38.21077727147864,10.585487977362495,42.42373444076508,51.952637371043465,62.626736476892845,328.09428990355093,3.244014053773789
37.31851012028257,8.382098480301334,41.905091264839236,52.473826005675406,62.22779710068559,1598.002336788789,15.901575895983187
38.0421494418888,10.412910350770646,42.80181528704758,53.55929122692061,61.68387012371343,1730.6643240996,17.245772356273623
38.43295051709446,10.894585448252887,39.92818570792095,45.33061749096463,62.459483184054974,1237.750732794976,12.287204190913684
38.601650082854825,10.84577165140162,42.580967151582456,51.5014976662267,63.398014650828614,1134.0599203787094,11.27567464033374
38.30870766188737,10.580679296731569,42.31521520683948,53.079778906082744,61.33844202852366,2854.733362369636,28.455210884721637
38.62209300392212,10.495341915566796,43.249383906337954,51.42226567167095,69.82134734405427,1715.7135276350295,17.0138880589612
39.48323778321606,10.081095340559049,40.96595129324827,52.15589765990129,63.24140172064052,3920.0695102054465,39.104337646981364
38.198566861672326,10.882172879458262,43.96695723245201,52.405978326872955,62.6928130096205,1028.6343653304154,10.224592894470591
38.24027953161098,10.300856249053684,38.98995516028489,51.022085807315065,61.77823900663144,4487.284004384218,44.71962015712254
38.209958300073886,10.721242869553329,41.68270707554767,51.918945244677566,64.21869862663854,822.3557925369163,8.16513896458161
38.319248242745594,10.325265031881084,43.04070386710382,52.9744693213078,62.09076475236062,0.9715829822620206,0
38.4534081379953,9.981504451347265,40.670798715790255,51.340927119606995,61.921022662325754,3264.781881187663,32.54897021264524
38.491191308450176,10.581021631889124,43.10130791895764,53.54869180760802,61.060865758584995,2914.948461968673,29.05313913692887
38.198589765861506,9.523334819360025,41.73277629411557,53.142280962036594,69.04460334783981,939.0140200101958,9.302155151807575
38.581255612153484,10.83848657559691,43.57941168559978,50.73423722932529,62.37826571188043,1207.0859169116484,12.000360970992771
38.373414337022844,10.327574108859805,41.668048738450814,49.63246504830003,61.716225573935574,257.15602812413846,2.533262451362045
38.64205166763798,10.376060145088957,43.8301199297992,53.45194567754821,61.969464490718046,0.6076496663002529,0
38.05015774936093,10.393159201717992,40.758135153667745,52.11294711863677,62.41731055323804,2206.4827451703363,21.999630813524472
38.562026368503496,10.528988235231518,43.81040925304899,53.29773777591733,63.16657130896238,638.5872430705474,6.343302660869123
38.33112690919259,10.409130651005217,43.89985444805751,45.2461824717575,62.60960392149135,1317.778042972096,13.058546565224905
38.32393923486167,9.594704146452923,42.327643436142836,53.06183598754783,62.06214843045061,2298.392706447516,22.900205352874117
38.155750961494824,10.074610458470076,41.094709846807845,51.86457398867177,63.167017937372066,1.0118993959117115,0
39.00062601211787,10.18572331153418,41.96858144461186,49.559937695070694,65.3720936149052,1266.0074003034697,12.572366584217988
37.86694154246555,8.342856814253034,41.28640538758602,49.87499445200881,61.40060494526768,1517.5109374416581,15.114030320591672
38.32515203047887,7.010058853792316,38.68746123181765,52.36522731925826,61.9788573054367,4325.9681404116545,43.013918317675085
39.48228113047359,10.584803929905775,42.186082642001615,49.99297313461604,61.79395029965174,1453.103187948224,14.481229771895421
38.224833113658825,10.718497502936884,41.411204627615405,51.31943683723979,62.09461665301731,10.09323116786602,0.07876163808838044
38.10529809820531,5.720280199445394,42.658464503511,52.58688981606596,61.764182575220616,2683.0409610698,26.65353069547548
38.57832846033613,10.233423302499569,42.51921421413716,52.476539498061214,61.0938512008495,2971.039570204879,29.616594248485125
38.505909788888005,10.221764647699246,41.811476826162234,53.23565614185732,61.37805102108058,3720.974522055646,37.07465998968272
38.04673072499205,10.589686210114372,42.902501088572244,50.44630317742494,62.78298930923535,866.529188113771,8.597591618120514
38.317839307528864,9.265527575407358,42.4212873086703,51.75900780924623,64.6769518689309,177.38767417494097,1.7294706978357892
38.50669058775922,10.202706467819946,41.80798504104606,53.21904995105503,62.18824896417111,3154.255630381548,31.438994358713156
38.36257803565348,10.484611861108533,42.42373444076508,53.220833369111155,62.626736476892845,1.0492972365821327,0
37.72276406514084,9.970325571564917,41.27435377156691,52.127918885494914,61.88061937829347,1919.6490397618838,19.129340890980686
38.8092044196496,10.859701744396824,43.85719293035411,53.06888630082104,62.34135579317699,975.9444540152747,9.714945539030584
39.379833817164155,10.572414645029994,37.47690932790449,52.267898947400205,68.57340660283054,1960.2035463772722,19.531978019589758
38.47665866786413,7.676902648799925,38.14186862886053,51.952637371043465,62.88297524757418,4585.179264287315,45.63595639389449
37.61962592578877,10.493251066735544,41.07798929560143,53.03939728549813,63.71558046113985,1.6810743797089969,0
38.49216873659493,10.540959372675978,42.95199603598507,53.40783539034067,62.31226701995153,17.00568174303326,0.1593073758625394
38.43295051709446,10.247433252695222,42.09004029257382,51.30578178878922,61.715648326522285,0.7016278240282455,0
38.60433401838676,10.343043766163145,42.36604563759825,51.5014976662267,63.08462948194551,507.3487927762203,5.030677842680666
38.096226296238086,10.244548112545088,43.41453564446987,45.397298130413276,63.41674162031044,1196.8064189276429,11.84541033381978
38.184219244328276,10.065987809798626,43.525562285789164,53.9215549181411,64.21758899328282,262.1004435653685,2.5830148331594
38.250266645559066,10.528518174981507,39.668243499106744,52.85872212493783,62.407653069735865,4391.843528879103,43.76240584734467
38.74036733629761,10.047169982419723,43.654487979924134,47.516866975701625,62.45581302108995,1139.4785841924227,11.305564117597894
38.789550871550794,10.004681277206442,43.47545311417339,52.06829878160996,61.680908935143876,0.9346467325633655,0
38.688138217408266,10.300856249053684,42.249462979962125,52.30185315842582,61.37263038203346,3047.126415763618,30.382270342911944
38.594710987852885,10.30126930040737,42.576286425753935,51.918945244677566,61.9227497698612,17.245211064943362,0.16268651096949327
38.22353281697567,10.599464677848886,42.76888297235304,51.74477448360666,69.4917038709697,1627.3593890694965,16.13398227398092
38.6957840860081,10.904613950569601,43.795925332729894,53.59253408494302,61.65244997262266,110.90572702522496,1.095909247798815
38.67072052697161,5.005809022922147,36.88971303953239,49.973189073720576,61.42466784829483,4751.666053080822,47.24766876586791
37.89602831185628,9.80647986382052,40.148751196054874,50.71239265231413,63.37444606922996,1.632760033554643,0
38.568600570608936,10.722828876197157,43.52164416389677,53.332981640665444,61.595711255223,57.23309951733695,0.5621992712893729
38.27485809102391,10.840798897223674,43.45830625685268,49.74015669123086,63.12145443268647,1263.6065475059897,12.54677212404204
38.373414337022844,10.172788368111675,42.95028733932184,52.26978744568855,62.04331543811573,1.2848962080794895,0
37.666728339921875,10.376060145088957,40.95567135277043,51.58506479110632,61.71872631067977,1471.8167270621718,14.6724494453696
38.05015774936093,10.655839895749022,42.17542957284655,52.687793666545744,62.28186735963429,1.0069060390936388,0
38.60493127369948,7.070448665713437,41.26201668355211,52.193880760092654,61.72758236531077,3456.194232274361,34.382592900190296
38.47106022920377,9.998739827037745,43.918909096296794,53.92054055657799,62.37487743180917,1.6115926052984553,0
38.2803008498519,10.878367849121751,43.94701004590974,45.59031337224082,62.59926789752802,1559.4396407208965,15.467823021771345
38.47620122983284,10.807457899395125,43.3444790362885,53.12783421847166,62.94695317720737,758.0333951123444,7.535810734660793
37.406138286657146,10.651044094219776,43.8832300662888,50.32262746560931,61.60964639314043,730.6708346460073,7.238168061012146
38.54414389541894,9.72382888572966,41.51815964734812,50.82721484396146,61.96036119472751,819.7691663292146,8.170074202487395
38.20809981672105,10.318595347636787,42.29536664198596,52.59582178805239,62.21193412611558,1.4664374221498906,0
38.45400718951381,10.912524133234722,36.551987375602565,51.51554950359785,61.79345237250285,4318.794652956298,43.02985158913042
38.60687616885407,10.222127896672433,43.937135684719095,53.490371008046225,61.946917747103555,1.0385609787413748,0
38.482712520750326,10.973477411129622,43.25595869572939,52.58688981606596,61.978870105526575,628.6335416171554,6.248266335354762
38.19189904145653,10.277416603053451,42.51921421413716,53.542728303789,61.93048988113572,2159.873688650114,21.523921422182735
38.32485636538053,10.83943740737011,41.811476826162234,51.85504521045982,61.185814335411386,2480.7209953500083,24.743680020085023
38.7611964713762,10.533506224326858,43.08653441020372,52.864181772594456,62.55688097006621,251.38908396883593,2.4881513792986483
38.40434323402496,10.249937071298184,40.89434214795413,50.450530515408445,62.11778593436278,38.351671605413614,0.3714650140893241
38.121287946518905,10.828884912272201,42.49796304018102,53.21904995105503,62.33145197316447,1.1658293821778705,0
38.21077727147864,10.58764213894306,42.42373444076508,53.220833369111155,61.94340091177532,1580.8902005340738,15.759720259203917
38.477463951379264,9.970325571564917,40.63903384000196,52.3923544770951,63.17742729390257,2678.8088900146727,26.711125908428684
39.02185776617341,10.590411794270418,43.84018778728303,53.511563585881696,62.34135579317699,345.98436203760366,3.4374623010022107
38.19800039301728,8.957764226136463,41.279191180306576,51.36215955730981,62.235087998777146,1938.0630146868427,19.311932132703284
38.240502023512114,10.598295412288401,42.645484926510605,51.952637371043465,61.06736116577218,203.5698476973761,2.020265179885095
38.925666896227206,10.460550272318946,41.777446257295956,46.18829929974173,62.12599816892597,1320.5460023451353,13.118916775302662
38.203513497566064,10.077992616782346,42.4212873086703,50.54631632494929,63.22783896322458,536.3506907737531,5.308386196183834
38.43295051709446,10.655839895749022,42.17542957284655,51.30578178878922,61.715648326522285,103.17602306833842,1.0058825916403986
38.270047923802025,9.164773917420382,42.580967151582456,51.300960396550124,61.37115124098497,1196.5504920190126,11.92047842589662
38.92711251015753,10.291056413960444,40.843418589784804,45.3167268538886,63.562664170686595,1283.9567590078777,12.742502828549586
38.27621483076948,10.870750791494345,42.162486569783326,49.04140998574677,61.31016859478928,862.7921917352938,8.566785747358317
38.74036733629761,10.6194565180432,43.695545341860324,51.61267449776518,62.134694859201645,885.3105508792182,8.801945563620652
38.37073195289852,10.49072411745241,43.320418247498125,52.791079466170636,61.61714318175041,0.653303040570069,0
38.717553579594856,10.378352656690373,43.9977044067471,53.233065442937395,61.73608288137631,0.791219848958598,0
37.27476496701676,10.995069486719837,40.74650025396687,52.915154478702284,61.07829412940836,3135.8615277943277,31.2343232893927
38.92942606406234,10.719970841958917,39.21059172855253,50.60706757581227,62.09076475236062,4879.1619296610315,48.65902043287849
38.445611079594485,10.315172333837427,43.07711197746203,53.41013234518145,62.59790308445858,0.7965692854713722,0
38.63182010635945,10.553823395908175,43.83933505535511,53.82513175068809,62.251794424111445,1.1863090320167669,0
38.94209760326468,10.569852004826247,38.44839244943297,48.74718897492154,62.765362989622794,3270.7484131397878,32.633782370623074
38.73676185620633,10.485710930903556,38.10839754677028,51.15436208553804,63.37322473154804,5001.7888843785495,49.87297208672349
38.54906146603456,10.379362208572854,43.254356254103655,52.757675256511234,63.12145443268647,443.9704448964399,4.401494070850335
38.373414337022844,10.292113782369919,42.244993646051114,49.63246504830003,61.787459256151166,407.72345552798595,4.0318808689136745
38.64205166763798,10.376060145088957,42.743394185455315,52.42542418258151,61.969464490718046,56.3889172558758,0.555688242374373
38.815356097231536,10.054795057727908,43.904768619953096,52.54365716153484,61.512301482214106,0.8083593777485079,0
38.60493127369948,10.567866003177867,43.52091232381873,53.984958272183896,62.42542905106905,20.01999422737241,0.19420262283066592
38.47106022920377,10.91833841551595,43.80884845633122,53.1158206148962,61.985368470308266,591.9648687437384,5.883204521911768
38.32393923486167,10.238654390823207,42.31804010615286,50.858939490623975,63.01457462370337,492.62643251456075,4.877580602418801
38.65651022226524,10.311683812197423,43.68187656794719,49.70624138098201,62.979675701179794,1144.7569305141399,11.367947055379679
38.23836193794186,10.745724515390862,42.38260880626376,52.33765378573228,63.60358667418949,727.7898474800407,7.22659811226547
38.715754443552896,10.722226462379169,42.91585050633459,52.432425126745855,62.14583774255447,426.4467992953624,4.235446945770736
38.7623004689849,10.318595347636787,37.95912353052773,45.76234355374624,62.26724260040037,754.6624438177415,7.491764249348137
38.08943836975101,10.692419657688541,40.32289662735534,51.116435722995895,61.71936644790676,2983.8304214506106,29.757106856592912
38.935091588460374,10.715450390719527,42.2270996254656,51.08648881387212,61.815431157830304,749.424137326517,7.458924915286261
38.32518338268297,10.073255413282467,43.25595869572939,52.58688981606596,61.764182575220616,1.2515993354262651,0
38.31921987109838,10.475234784186242,42.51921421413716,51.78361835974297,62.04304793722505,2.4211836658332446,0
38.00070509524219,10.406405152263732,41.17618332334577,51.85504521045982,62.37487333134706,1.401232116856614,0
38.791832724513206,9.974839666723318,43.53309184146474,52.864181772594456,65.86216634077617,1093.8374813751777,10.865232200202014
38.702537354274405,10.249937071298184,43.90198710422917,51.6858277253431,62.395141470679015,636.253135977934,6.315933258169125
38.25863707426421,10.283892569057288,40.820917280829285,53.21904995105503,62.831504736960156,3168.3505680051,31.579946363380476
38.26487846111648,10.585487977362495,40.69731601388204,51.31834279952108,63.088032252826636,61.29649097507095,0.5857064081151382
38.70050504252736,10.393616726619669,43.941159950178644,53.25683692990099,61.774923838873306,0.7907652391865821,0
38.47716634618155,10.48585143796951,42.487226495896685,52.23257794382871,62.34135579317699,2.122836427935228,0
37.88286955403364,6.890470337435269,42.153509350866315,52.78938549483064,61.37747642014525,2833.5415271896877,28.159989897000163
37.69567271725651,10.667865667972436,41.97770579566113,53.79236768536745,61.74018546962572,2383.437550252188,23.746431225098554
39.55571970003859,10.493251066735544,36.97189496850572,52.147887041040036,67.14659704163627,4678.596457438992,46.67375332287348
38.203513497566064,10.412910350770646,38.012881371374924,50.819557533821076,62.38106242261146,4855.029759482568,48.386242589568056
38.815356097231536,10.054795057727908,43.904768619953096,51.30578178878922,61.512301482214106,195.9091496820938,1.9278363283194508
38.47463486854323,10.343043766163145,42.580967151582456,53.19268476984022,62.20425027794762,1560.7196426600601,15.559885995057183
38.65617849065714,10.244548112545088,43.41453564446987,45.30735993561166,63.397960762266706,1381.9551699593642,13.700854576361806
38.11782514824912,10.450095768266495,42.68066629521738,52.43280579838024,61.92023160618957,1.1817075855909926,0
38.53049646258812,10.081095340559049,43.115608540607425,53.760476340178144,62.648112883257916,758.4663874031388,7.55501238519463
38.659281554698865,10.635852210220397,39.69222969186787,53.63523731383131,62.44113977224486,4915.413214332548,48.99362136900626
38.66333758126197,10.426893876770638,43.81788756082578,52.791079466170636,61.61714318175041,1.4477577738436413,0
38.19400647286131,10.378352656690373,41.833432305870836,52.70314336739983,61.73608288137631,2556.756103612826,25.484832934761116
38.45735689395244,4.752445047223859,43.394567114917876,53.96972790611311,62.64025933882798,2606.884702308487,25.876010615574607
37.96491179842512,10.507775806007842,41.13210991496802,53.29191228644365,62.44509273470892,2703.022702241558,26.938413550419934
39.11018784951337,10.62468258315752,37.398462293171946,53.41013234518145,61.96009277159902,4054.0144908787274,40.400514833700136
38.29718228891612,10.581021631889124,43.46682933951261,50.977135093048076,62.251794424111445,819.6975415128568,8.13860775283754
38.26773748854787,10.569407080889084,42.283609688353636,53.1160486905379,62.64352253194962,0.7259883892381682,0
38.35046081161647,10.385755946786928,42.31339329457414,53.23254535627336,61.95068095616396,2332.4829488751375,23.251483263964467
38.36035191141671,10.517161402316784,42.63324693701726,52.47006332646667,62.13301890032337,1.5012282910015484,0
39.05764285774741,10.18417009804523,37.09797018654429,46.18829984744228,62.81220391302717,760.0701138866843,7.5561222515474995
38.23749311904428,10.680418463741766,42.46084840492141,53.45194567754821,62.69306677326952,0.8642632420048876,0
38.58550906229715,10.054795057727908,43.08984315821367,53.214046057589336,61.512301482214106,2356.6941484733684,23.48948167928088
38.51048791657899,9.945645781483233,43.223599293735376,53.75766662009786,61.919693824357836,2081.3621612296324,20.74001745833186
37.98177910948796,10.44429763897131,41.31774511553219,52.70428275799099,63.21710931879721,1.051353776811459,0
38.32393923486167,10.234203108980894,39.17468999194989,48.92673448159252,62.43765561967511,101.11241474540023,0.9921644044412687
38.50748805709865,10.85356630262432,41.73738654176725,53.01929288953371,61.738866435970984,3481.7201625279263,34.7136807206629
37.406138286657146,10.532820964827707,38.92146335386935,52.46562955073824,61.99107231693795,4008.9523201783722,39.91844494599447
38.29863023098029,9.72382888572966,40.15586178428596,53.076476062641504,61.67869020937464,4300.213785914683,42.82119202435276
38.20809981672105,10.802283838872619,40.76109074813211,50.54206317004985,62.602017694438736,390.86553479718674,3.8686787425699136
38.362704695850795,10.29341261461216,42.98745523439923,53.68527411334136,62.303843203641954,1077.727899831574,10.74057525289555
38.224833113658825,10.222127896672433,41.554976350769024,53.64767998079943,61.822646922427296,3439.0779667171055,34.25868487225789
38.961971663323105,9.829156910463972,43.25595869572939,53.16924928452359,63.116284748445146,4.516488890057143,0.03593658784490117
38.47853855956823,10.54486723567111,42.013907382389945,53.208628490283566,61.93048988113572,3036.537562186156,30.27251867427732
38.36758627185689,10.535617919813397,42.57908987929656,53.200286000131534,62.582259453764514,0.7856092660956495,0
38.57558123977736,9.974839666723318,42.902501088572244,53.44730330836578,62.46248021786325,1335.1376684685542,13.307101069837865
38.408571070647284,10.468595429259219,42.305139482272246,52.171628143064396,61.98267141895716,4.161496911417125,0.03536303510369976
38.34871754160257,10.651212706408057,43.19620434545606,53.40001412431069,62.004358062712065,0.6198907405722519,0
39.138761152733764,10.713477464457629,38.51800566191498,51.65363421917128,61.07836067311695,4697.475195539786,46.831255934960126
38.46637150876442,10.559073940636779,42.897776610337274,53.00350787841729,62.0681690254617,8.780327094409198,0.08105466128900218
38.71460835749447,10.472529802346315,43.97549715535426,53.668417046130514,61.91130176125371,20.03638459209464,0.19405374828426147
39.379833817164155,10.944337323113068,43.654691333802475,50.64865367131714,62.45417930946194,1981.670621321795,19.740541082498908
38.67667136301408,10.252787180625317,43.67932683154706,53.97756715139772,62.41307707953398,245.34403932687124,2.4346843453894866
38.48956172231704,10.604278381960983,41.905091264839236,53.76067683867258,62.75176249872526,2699.0526589384217,26.912178031837573
38.56957071179946,10.412910350770646,40.69716885980353,53.00878318901844,62.65301769517231,3866.0242596161165,38.538080512754235
38.53345043518006,10.662013680340607,42.09004029257382,48.574716391200134,62.486880478669946,1105.3660287192042,10.977385598105952
38.53807166454773,10.543045224502048,42.580967151582456,51.5014976662267,62.02913981126468,264.1199945123056,2.609385063391206
39.224176398382745,9.872602589845467,43.05064761001084,49.10175394166915,61.33844202852366,544.4849035005244,5.401258809123784
38.11782514824912,9.875854933093956,43.95254003098319,53.57798740679572,61.833562917039295,168.17123003645025,1.6591228952966803
38.6086778410151,10.885553535723854,41.853312182886555,49.04140998574677,61.86901886406909,1049.391759825953,10.42916293201113
38.951509198465246,9.885033319708539,43.0602639047061,53.78927766012242,62.44113977224486,2558.5042393070944,25.506575056337404
38.59575756483304,10.900857039457806,43.320418247498125,52.791079466170636,61.77003702383847,421.09051001500814,4.182639956573809
38.52328285712815,10.593686871396969,43.9977044067471,53.233065442937395,61.86129308863606,75.89427964958239,0.7357639207734259
38.29390653060427,10.30126930040737,43.394567114917876,51.918945244677566,62.48640053253385,374.1390082527267,3.7006014802077263
38.32114703241747,10.325265031881084,42.8260477706945,52.7413795054796,61.66597900705666,957.7999395053506,9.546004790298591
38.57662736218381,10.551637832332899,43.25727880390357,53.67076606072567,62.38656123719612,24.4009803874472,0.23740547378390886
38.369662630367614,10.581021631889124,42.49873237304558,51.993075626731915,61.22898443215614,982.8087938852298,9.799913224913354
38.73175514463876,10.752357488139916,38.256051017234434,52.00771713977965,62.07172142621497,5236.54335229914,52.21189701721484
38.774419265676165,10.31534883438277,41.61772735829315,53.598834175759414,62.21810303180822,3893.4002533316457,38.8062347405064
38.29710443078034,10.517211622306435,42.73630562057513,51.9899867321559,61.39725091713824,0.7594568565238797,0
38.41078513316863,10.771535209841826,42.03633239117457,53.52410179408249,62.04331543811573,2991.780163382893,29.827837849135257
37.97138572191026,10.225030948259988,40.764399334113754,52.76444560873197,64.00843216088172,1.2411500907529616,0
38.815356097231536,10.52078581908307,42.83017801269057,52.54365716153484,61.512301482214106,2219.596967925503,22.141107358082323
38.82311763323142,10.66422758796644,41.781124775152925,51.998805431994484,61.66064881431335,3247.118012084897,32.389389891672934
38.56561254425091,10.409130651005217,41.06583307593334,50.03975457832304,62.193985198244896,241.7393886468825,2.385387905329387
37.951669083644546,10.256207865948436,41.11245062606059,50.858939490623975,63.712495462744,335.1537008652819,3.304476910437577
38.12759923033842,10.427100252579901,40.60549496130441,51.23340854158295,62.52912333717386,0.9896403838975225,0
38.367393068049246,7.846734901977947,43.23105701887959,50.32262746560931,63.109689067188995,2.716958725690819,0
38.43111634520971,9.72382888572966,39.85328923129126,51.96341738270575,62.15668305296937,4138.5413271579055,41.23490952365758
38.73305480257289,10.46564092197059,40.76109074813211,53.3136213113434,62.509128968511774,4296.4388700242425,42.82478757853835
38.494228612113226,10.29341261461216,42.186082642001615,51.51554950359785,61.31992906666877,1496.1567029280543,14.920816626626943
38.224833113658825,9.967536230059451,41.554976350769024,52.052203287740305,62.09461665301731,1840.2134445281283,18.34429004906352
39.036221215733455,9.521786534885543,42.40638505840297,53.39391881203382,61.764182575220616,3723.284123586028,37.100968845429676
37.912125173881506,10.095836339306613,40.2013223423905,51.723128534721205,63.62449113095374,1.1702363672806269,0
38.36758627185689,9.90299412050096,41.35541939952149,50.083952661794754,61.68847384750877,0.960265058134647,0
38.7611964713762,10.160691563814327,42.960780436178624,52.864181772594456,62.84648051382348,1.6422705447110877,0
38.73234747323053,6.23987922793751,41.582631675561096,51.86474151149316,61.69612117542988,3370.9737802695877,33.52657607292094
38.38968890500017,10.200451587194836,41.26322916739927,51.21830144478425,62.360732829806786,5.825153576023293,0.05006162301940975
38.34967130674167,10.585487977362495,41.37939359275245,52.1671990365548,62.626736476892845,64.36012182424577,0.635256086881995
38.43753099183753,10.935058890406221,42.168202868257204,53.25683692990099,61.774923838873306,2910.1317209121366,29.019350284647587
38.471170805332484,10.839087838244614,42.404843469426226,53.511563585881696,62.34135579317699,1672.9764183550844,16.68623080363001
38.709754775701185,8.957764226136463,43.97183830889332,53.24393964078534,63.8627591087744,2.1096665592894936,0
37.96182057365258,10.594134941136943,42.02116802912534,51.577649171644545,61.42510404939312,0.7980799993792624,0
38.51632214023348,10.46904280380529,42.080661048811336,50.772361674618054,61.45011170259705,36.572251096964834,0.3443168587713785
38.203513497566064,10.842024156745687,42.61606744212575,53.36591470280266,61.45284966609005,2246.2811417782623,22.394044030021394
38.43295051709446,6.752753811250161,43.350008734749736,53.930014399976045,64.43623235436958,1248.6465887768957,12.414652567622035
38.270047923802025,10.84309564546799,42.580967151582456,51.38950864694552,61.88644730515798,532.5445938784972,5.283857398390326
38.65617849065714,10.244548112545088,41.38723814406991,52.53081925031445,61.33844202852366,4021.1482660968754,40.074311007905095
38.60335094685586,10.6585943888416,40.843418589784804,53.924173078461855,63.15776029188695,3900.3998404964977,38.88286922460972
38.1659780629284,10.795973251631576,39.668243499106744,53.06818864614956,61.86901886406909,4637.629703505583,46.20556536269195
39.265523054311934,10.899395502583438,43.30756361140891,53.7605673474613,69.68846758837026,2129.231552053342,21.167769758801192
38.37073195289852,8.491185934304658,41.68162878262086,50.932629353349114,63.34404179204626,2.225219959616738,0
38.473084279334174,10.810760985700323,43.898614331121756,53.233065442937395,61.73608288137631,223.16062242530612,2.2056926793144584
38.0632000312656,10.30126930040737,42.856202944712265,52.78754725314975,61.24387041609085,1458.17528138904,14.532274321062896
37.96491179842512,10.018797817924074,41.13210991496802,52.13362926480917,61.85508397472039,2544.0192621954616,25.35359420831634
38.445611079594485,10.71813049274856,41.93179131826848,53.41013234518145,63.03131510277203,97.34851875638314,0.962873272285826
38.57056532557215,10.984964444443277,40.315371874293405,45.29728926155978,61.93274463370511,1339.7446844092303,13.308560802236144
37.935250392822155,10.569407080889084,43.07502024070603,53.1160486905379,68.98232721956886,1465.4199613750363,14.531757430925826
38.34493058034129,10.780005405841623,42.9112821056332,50.993561956599024,61.95068095616396,751.9057172011858,7.467770548543168
38.29710443078034,6.37003111775333,42.73630562057513,53.964305290737826,62.39077990075088,2771.9263274606205,27.541814303499503
38.373414337022844,9.883267019272848,42.271117370102864,48.17116003079691,62.04331543811573,564.5283380092566,5.584308854393063
37.8766972477106,10.376060145088957,39.82671816523507,53.45194567754821,61.969464490718046,4201.1115312998845,41.83059902487555
38.52217407287939,7.9343830471027985,40.2562945026092,47.98086041682626,61.27663506143732,2370.9038148252407,23.634284058244294
38.546468495008355,10.642463311469452,43.67203371876431,50.06962786484159,63.09654045978736,1252.4240805032998,12.440977519206143
38.85833466765787,10.099960672417293,43.80032590078261,53.13307832447821,62.193985198244896,0.760205555510937,0
38.32393923486167,10.065335926468524,41.342007107690364,52.13954279429777,63.30100425706815,1.0134748733488466,0
38.242109306485375,9.97545134049747,42.40161412609566,53.12783421847166,63.76911221469447,2.1596545405916494,0
38.78056629091621,9.98886122806995,42.68341660679496,53.027535597542304,61.3857530491736,3274.975726042746,32.63991328070691
38.53572231837907,9.72382888572966,40.15586178428596,53.72799926367389,61.47800948316462,4608.372662384339,45.8938074438736
37.838926978654186,5.242247078756478,40.76109074813211,50.54206317004985,63.77502981991924,1919.513029307927,19.086625795883485
38.25716811260436,10.480938898142416,42.186082642001615,51.846873910879296,62.54525403205173,88.86118058404344,0.8595307574257376
38.5803184748966,10.508822317208537,41.554976350769024,53.02776022391213,61.82849186433643,3701.011524078768,36.89139429830855
39.021402935129515,10.944138928696404,43.25595869572939,47.579213082704804,61.764182575220616,1698.311416023546,16.891874685510402
38.97646018144279,10.734883747365549,42.51921421413716,50.48821515405896,61.898682890651,1068.4777465457084,10.634003846284052
37.727463270069656,10.535617919813397,42.57908987929656,53.200286000131534,61.906718254602254,62.3190664185546,0.6051206227037342
38.21024929452916,5.805775893384538,41.94836657583559,53.69551880061312,62.84648051382348,2893.096207521516,28.73988102997442
38.25168111205599,10.587590448043937,43.61234242998593,49.02029065150357,62.27937929415046,1091.4243091848057,10.831551906302266
38.34871754160257,10.257751191032675,42.65458086707985,51.97677508968729,61.747922720133054,0.7467697656533386,0
38.177458375313876,10.362559354685825,42.42373444076508,51.4570000027038,62.626736476892845,260.29130759968,2.5647567537836897
38.97288992993651,10.549650930449278,43.941159950178644,53.97129140390958,61.88601291290243,1610.057172599226,16.058060351421503
38.67307777816555,7.037111819141995,41.94332993624396,45.88271176128665,62.34135579317699,4.159002958719377,0
39.379833817164155,10.422960170929246,43.369269692043886,52.94896629241067,61.870435536302175,2641.5519624439776,26.355714975379847
38.37962912285756,10.252787180625317,43.064782347036214,51.952637371043465,62.75619778387577,318.1299485191319,3.1429776095266906
38.72494685447926,9.999971859335755,43.881696583921084,52.36538167228662,61.41004293181519,0.8741632421068078,0
38.2928352295963,10.414733356783174,40.53552580773477,50.872193216157235,62.32879501229104,72.19513678017164,0.7098968786978475
37.43990889662696,10.625035569529706,41.85185713172779,52.17991067462782,65.940750899058,931.8931522233001,9.235421117112475
38.84058951973107,10.746467152114185,36.9901617882777,51.5014976662267,61.30894978284201,4171.543175348892,41.569467653162256
38.64179209340772,10.138408127423405,42.962608982532416,53.800723310565814,63.302653397404654,0.8168557057105496,0
38.11782514824912,10.765592343805125,40.843418589784804,53.836132856587454,62.721453119985235,3479.568379062178,34.6778517386916
38.5803184748966,10.508822317208537,43.390866692013596,49.04140998574677,61.82849186433643,1057.3265117675076,10.500599859051496
38.44666029852128,10.46193441759367,42.236459958222206,53.36938435154215,63.02557936505828,18.312255184799497,0.17425648019234075
38.57295324207452,10.49072411745241,43.972536746208455,53.34270911733929,62.08800224479017,2.1173854663552962,0
38.20696357598611,10.867689483339012,43.9977044067471,48.615797050240495,63.47680114066535,1443.0200412902868,14.319935960331982
39.44119706967531,10.30126930040737,37.96090599851642,53.26312693712117,66.5521024120509,4996.242168979854,49.84122642180395
39.106943237152436,10.121985389370174,41.13210991496802,53.29781747659336,61.69392882871798,4738.1261973405135,47.22743595704544
38.57320714301416,10.315172333837427,42.12975369189474,52.2924521540955,62.35247173019225,59.17934871767397,0.5793710162697749
38.85988298260588,10.717049950462119,43.77310839872214,51.9919219364922,62.14119876674615,960.0991559372649,9.551185760428236
38.26773748854787,10.569407080889084,42.31940785853657,52.679189864071844,62.88700900159623,23.95719227653043,0.21439836704597193
38.49113369148441,10.828235842425226,43.1164727674402,45.98432216910924,63.28880436566337,1543.017973367789,15.310576470136752
38.29710443078034,10.553309168436106,43.08844192905989,52.668206269269994,63.69928089848208,740.1295233136157,7.348752315818137
38.24957320831887,10.765261215019056,42.54761699004142,53.647266900555195,62.54959579523167,0.8804531915639939,0
38.84441463168547,10.69450114212274,38.74445492740394,46.42834184185832,62.203409766420336,1183.068573081612,11.76872948290562
38.0900081388305,10.29528848525644,40.60901734642922,51.998805431994484,62.55209831518505,2241.5958373977087,22.35018788193488
38.74141391695191,10.409130651005217,40.156562928495276,53.1158206148962,62.193985198244896,4725.305600186147,47.0969448733557
39.082520641302956,10.140388047554623,39.11097874298743,50.858939490623975,61.136374191111,5175.422040052954,51.601836984611104
38.52960126177946,10.576290421752304,42.40161412609566,53.12783421847166,62.23011120728534,1686.9898622019748,16.823951103201
38.23616538191122,10.838236977454255,42.50865963441027,46.88720402911288,63.35094287875809,1366.365145320445,13.554417650679637
39.0436803452309,9.72382888572966,42.241927489592,53.323592524870215,62.780969402178755,3085.44246167118,30.7610887769157
38.20809981672105,9.953926329841142,40.76109074813211,51.8887065061063,62.721054617598696,1869.83380673618,18.64176867648429
38.45400718951381,10.482365602883775,42.186082642001615,53.69002684716212,61.71936644790676,3364.109898893186,33.52499154893255
37.97628317776083,10.123480948119834,40.50949266908252,51.856890535851456,62.09461665301731,2777.665512568866,27.685398573336705
38.668823781161755,10.639421921089532,43.71427266124105,52.58688981606596,63.03389096770929,923.1160257911627,9.178582039586857
38.47853855956823,10.872404225999333,40.991610951899574,52.046008637342,61.93048988113572,3401.978163219808,33.92905093773042
38.36758627185689,10.289639037778915,41.62127482744434,53.35477876978141,63.61341011632176,1.3319489740285562,0
38.7611964713762,5.119820317637835,42.902501088572244,49.66926890208544,62.84648051382348,1316.0692233041846,13.086524678357332
38.317839307528864,10.53633083547105,42.4212873086703,51.99751685226877,61.84001802252819,1.4204620962089127,0
38.543568164237136,10.651212706408057,43.38587922524762,52.029332822523614,61.087280099961816,11.457970063946323,0.09632937538840736
38.31014477255266,10.070743574544318,40.384924282353225,53.220833369111155,63.75643076128788,2797.5877225433464,27.889657388679687
38.49761022951438,10.733526676219311,43.249096827604674,49.02662170917741,63.289145925899675,1323.5400335397335,13.14310871628824
38.38873199762802,10.562773143254491,42.404843469426226,50.206744323372796,62.98854452162569,892.9137161651204,8.8641445952264
38.64816985833832,10.551976090465036,43.777503409235095,53.64464577852096,63.8627591087744,890.4875087412267,8.854256361777741
38.38948507887118,10.275023834238482,42.61813816847031,53.56895074233108,63.19128334267575,0.9559164104257776,0
38.54078926849529,10.636150739549525,43.628358634847245,53.744870420976476,63.00975051295156,428.6669356143349,4.2535240838481
38.009308176755695,10.835744001909895,42.07710480522521,52.627746357321016,62.07209465340649,1.0323736555614045,0
38.153263495311094,10.751253990760638,41.64327787253099,52.4547942826276,62.43148990444718,0.9567757582433343,0
38.57877035160841,10.591692370760471,43.41453564446987,53.141755116876546,62.22310259528263,2.0503440340915766,0
38.681578858342526,10.309603988612695,43.75780794472165,53.589490040386046,63.15776029188695,258.2293150332267,2.5523977322875346
37.977873182125656,4.5600580639636705,42.354679903743914,50.0603019837015,63.138058832530625,1467.710527493075,14.582137187807417
38.53319415280321,10.49072411745241,43.41367649263114,52.08417064956115,61.61714318175041,92.5306797156934,0.8995866649820727
38.59164450963051,10.26676084623903,43.09585184643677,53.61926342020638,62.82556364990773,0.8409351865153029,0
38.505624486490795,10.033827915905544,41.103894063812525,52.1113679222,63.55260277183999,11.337024780924922,0.10417033865783765
38.026711433686984,10.320364317965888,39.56912763292978,49.651147528656736,62.163031673994944,6.216772632060081,0.050815773228428895
38.94507790733448,10.53873847558668,42.54718379166714,52.37919863472318,62.11016119607444,208.1930801604193,2.073962157990991
38.391444152143734,10.417321078824756,42.71460912937338,52.42141112823902,61.872938624280266,0.6824022014345591,0
38.26773748854787,10.234533678260846,41.197346781310955,52.29483931762812,62.64352253194962,1627.107991090472,16.223303185631806
37.98281219556618,10.15837319307058,41.61772735829315,51.36052260587384,61.95068095616396,1.180263730028767,0
37.9588760713773,10.4556455096067,42.73630562057513,53.28452300648691,62.4903071689469,1.0768803019903253,0
38.24957320831887,10.225347884019332,41.118957145871484,52.23355345964867,63.201726671110876,1.0766366120860935,0
38.64205166763798,10.630809911588461,42.20732929758515,52.95367624515405,62.49262302323756,1081.1630991316779,10.784772404553658
38.874288701688734,10.280091273613742,43.57750160419997,52.54365716153484,63.20914182393593,707.9712185394902,7.03465673596906
38.722129798076665,9.945645781483233,43.223599293735376,51.998805431994484,61.263697318843164,1084.9085356777052,10.814910285355293
38.50089565541348,10.490680131048876,42.96145087791682,53.1158206148962,61.818316854068314,1247.5414071671205,12.438741230647953
38.49245248411862,10.234203108980894,42.89233615822612,50.858939490623975,62.55196263827213,548.5615600978389,5.437470790698785
38.51317159368492,10.558341203590878,42.40161412609566,52.20884177833495,61.79805731061444,70.73514882244046,0.6976208445380578
38.459047296270654,10.404805870835926,41.794080675321766,52.22141838746602,62.557488445196206,41.370279411837494,0.40607041806528343
38.26025281882369,10.294182573089346,40.15586178428596,53.42972172230559,63.23989152937973,3711.2797774043897,36.98581461263694
38.646689683110274,10.318595347636787,40.76109074813211,53.33187393218218,61.89752908526657,4423.881087826575,44.08305982911355
38.224833113658825,10.809328355871077,39.897512167314034,51.31943683723979,62.02267239972645,3667.7445340727654,36.574669484990466
38.431824912432276,10.74740329568138,43.51690858249006,52.58688981606596,62.84455424772485,869.7016228128339,8.645213582491952
38.47853855956823,10.556766374772863,42.27371409736463,52.35920040724908,61.95837758282536,69.28232344302923,0.678942092493223
38.73384429423096,10.947352588729093,42.57908987929656,46.874222794198786,61.58973417952485,1482.3548355349503,14.733913515985023
37.757928974565246,9.974839666723318,42.27387746800264,52.593976274599086,64.66165567453903,277.3951460406895,2.7263500721311944
38.72815100320678,10.484058365099132,43.99832432409848,53.70724229363831,62.64487353663385,219.19822991256015,2.165807676304476
38.26003215720537,10.751866821567678,42.21002942455686,53.544085880114146,62.86273222535177,0.8048741922476896,0
38.52098772761324,10.585487977362495,43.22470520111567,53.14471032507707,62.22665210191959,1.6482455697198741,0
38.42137638117943,10.87442589230248,43.80061665952577,50.607358192647744,62.71620721747019,1296.6491314111347,12.88603245540968
38.57076658904508,10.523048826268479,43.55219727470836,53.76636833368447,62.34135579317699,0.7946199908914949,0
38.4571000924455,10.477837514752572,43.71122371729179,53.104658017556545,61.62059707941725,0.7094853102559331,0
39.11374876518567,10.697466986981848,39.02124208831176,53.04120196653613,61.11633951230294,4291.403845715218,42.76742749434727
38.25877098153692,10.584723548833939,42.56462758888787,53.276947331904594,62.562564011191085,0.8220412383524353,0
38.829297474994064,10.685830498598225,43.36325214102619,51.30578178878922,61.92881520769562,936.2021318825351,9.31139106651008
38.38347218826469,10.615279606302776,43.140213719056874,53.5628067149365,62.28234768182176,0.6891370515408793,0
38.3061922040246,10.829668614318248,43.22552709318994,53.780556332781494,62.082012886081905,0.6134029802983065,0
38.11782514824912,10.472510712187223,42.36001096504236,51.34236223545951,62.405284699079985,262.09334188155344,2.5830124758604462
38.61832026183958,10.081095340559049,43.363055478694505,52.26986783669831,61.86901886406909,1.1855731882747516,0
38.74036733629761,10.047169982419723,42.49459014860384,53.29528910543988,63.01457625254432,842.2736872794011,8.394946399303736
38.53401321687618,6.239221985528369,43.320418247498125,51.60850074022634,61.71830533858938,2295.5770578763586,22.835109306937884
38.32377140754473,10.378352656690373,43.9977044067471,52.979982606115115,62.2701037760843,203.55622214850052,2.0040019684054284
38.49125650891123,9.970048652370643,43.394567114917876,51.918945244677566,61.07829412940836,319.64063398440646,3.1767082578598638
37.96491179842512,9.96864423596657,41.19684941695909,51.086460638470385,62.59431999912734,1.4123057781030044,0
38.34863180409116,10.7784658349545,42.447600785585585,53.92143413324273,62.88996521838719,36.57056596506079,0.3559593208723868
38.402927325630934,10.35514131137774,42.50523267261747,53.03091773670841,62.755693262350555,0.8913652291537413,0
38.34253579256187,10.569407080889084,43.156346628670704,53.28320049001,62.12260691117274,0.8012804622470621,0
38.167452585241406,10.15837319307058,41.93463901471624,53.51836904680486,63.034553605032535,1198.948468867174,11.949017862507548
37.4223673186988,10.260063494849184,39.23729125961487,51.9899867321559,63.95334288677819,1.9147420116251865,0
38.336413763594095,10.518981770728324,41.221899465989765,52.5681290469624,63.161912964330504,50.83195518933206,0.4996987781709379
38.207024577173634,10.8757188710827,43.8301199297992,52.30113388094018,61.20915283861876,410.2257661752342,4.067278000220632
37.733854231154965,10.054795057727908,40.81079209921454,52.62658912510315,63.647673459705125,1.6283498563763497,0
38.506966294210244,10.688067085923828,43.223599293735376,45.164503410054934,61.72758236531077,1422.9936400531528,14.12125675773629
38.07603796579278,10.409130651005217,42.05844900448239,51.81826711521701,62.193985198244896,1.7854825684813742,0
38.68481785447871,10.407661939673474,43.88913064585848,53.27871023109497,61.810663292753304,0.7086890783938223,0
38.56249147125047,10.668359686353643,43.13406546810039,45.52763343747457,62.05707469302125,1428.0075803746195,14.172581016526195
38.7018425775904,10.51610542236261,38.92146335386935,53.70969953643502,63.60358667418949,4986.506709188749,49.70845022963568
38.238607366288285,10.422197376424569,40.49282467551079,50.85564872658967,62.370972295019826,49.8349464184478,0.4885674323385132
38.33430142714761,8.54706699966846,43.62733340260295,50.54206317004985,62.06275630019143,2.260623066450867,0
38.5821386293557,10.276780409968525,42.60944172685853,52.92552428757091,62.688119618020586,2.603272015134926,0.018775079324448996
38.57221499242012,10.222127896672433,43.21881493227359,53.1352054443976,62.1700543387371,1.4059349081810764,0
38.56155599644354,10.487381598583285,43.22873556265201,45.00998155768972,63.6339211323382,1481.9406616280035,14.692478249026355
39.51525710386181,10.277416603053451,40.0219577758999,52.62374832263743,61.64437285864264,5300.32476358885,52.864173431745236
38.19297563292945,10.689429584594041,42.57908987929656,52.34236690628719,62.582259453764514,293.49477027867727,2.9006629985758305
38.29430420472238,10.872774502910454,43.19165831066707,51.702472867917194,62.473969764342776,911.5772113006878,9.059078288308081
38.052678082510546,10.249937071298184,41.89136342795486,53.49515257412053,61.79083588593735,2862.426791502025,28.514925411257344
38.72514380691986,8.292251045412504,43.19620434545606,50.09958938482326,62.004358062712065,1.9404825910950372,0
38.41672845080568,10.543799789679673,42.71580406917671,53.220833369111155,62.06189752873988,1091.3809456372837,10.880914726906433
38.70050504252736,10.825167439262385,41.62212974834995,46.79495181759353,69.79717569573694,1754.9823568394122,17.381559098325777
37.4223673186988,10.260063494849184,39.23729125961487,51.454126440675616,62.34135579317699,2947.397761374561,29.37409496717968
38.581932082002446,7.128744121686035,38.86860023546046,51.0037647691534,62.26960780950975,4212.6629771956805,41.92368316217906
38.623245715096814,10.871016890264318,42.645484926510605,51.60815535460979,61.74018546962572,666.4310700560288,6.626839715166654
38.31967522761,10.590357924468865,41.905091264839236,51.39916956694712,62.22779710068559,126.54562474323758,1.2363380574606255
38.56267948141465,10.382700182455654,43.168014828639286,53.3472616119821,62.43711496563949,0.6980558315222887,0
38.43295051709446,10.37387044810835,43.08275963403225,53.481669983654314,61.715648326522285,1861.7498309764965,18.55734300111429
38.509813647588565,10.615279606302776,43.140213719056874,53.94912111670025,62.305271090525494,1079.447190726388,10.761858874566222
38.3061922040246,10.266939006815656,42.51189531347771,53.29691064619341,63.12374598107805,1.1556830402206575,0
38.638571121022665,9.875854933093956,43.38244302776488,52.24313793785223,61.44670059914763,618.3916198551316,6.158592111426362
38.773399232955114,10.574628087094856,39.668243499106744,46.524808656097235,63.0697244470056,1167.8039102335704,11.599696836619742
38.74036733629761,10.628506725335939,41.44630235954923,53.69664260185362,61.59265468908128,4431.959725486424,44.16815619001491
38.93121361771529,10.49072411745241,43.320418247498125,49.94109337536273,61.95606124795006,1062.5243014667742,10.562626005883374
38.45150243683405,10.259769568597946,42.57290900310187,51.886728490954575,61.744026742735954,0.7730135616917775,0
38.49125650891123,10.256859180746453,43.394567114917876,51.25403302456823,61.07829412940836,2.170801991368428,0
37.96491179842512,10.299535700288907,43.9891163833299,51.086460638470385,62.193281490036355,651.4543779553386,6.456151254461503
39.08324400358135,10.229853254980936,41.30138864866565,45.023577172735806,62.59790308445858,1280.6716302344335,12.715417660410688
38.44449547953236,10.691662256336821,43.88300266078779,48.11202484639366,62.1944736605583,1314.7904164257718,13.053693426701432
38.41390688292577,10.574900279379357,42.813400251788536,53.599396622821146,62.64352253194962,0.6800248941396065,0
38.53617454500796,10.15837319307058,43.421646506115586,50.993561956599024,62.942237381588555,730.3744536898806,7.2468525764773535
38.426176254502195,10.56944214278726,43.14664765753922,53.509161808044155,61.39725091713824,2272.8821653893733,22.657172212014117
38.24957320831887,10.33832049249915,42.54761699004142,53.31624875771158,62.83261947740633,0.8884339358152069,0
38.44128278341999,10.469649368546136,42.139350609698745,53.45194567754821,62.62497049390158,1842.1245284583777,18.367694673137343
38.74141750943227,10.750143794376056,43.10975614421351,52.54365716153484,62.57034912831914,763.2649877043306,7.591622772166694
38.33241377754348,10.590737054746276,41.77023648439141,53.1158206148962,62.803822601651405,925.7150336794548,9.229476389116996
38.293117960616534,10.407661939673474,41.97607257002649,52.554241206865605,61.810663292753304,2176.0515013943154,21.69559316778419
38.7802724187547,10.482915578231124,42.40161412609566,48.91279749745053,62.94695317720737,1104.6648149721639,10.971538644547536
37.406138286657146,10.545271763703802,43.282121377327144,53.36596044239661,62.17108379573484,2.209274769036586,0
38.458414111957616,10.5711769390265,43.184669644539795,49.87499445200881,62.780969402178755,1092.9482112935648,10.85402577620488
38.20809981672105,10.700631873830238,43.69620217204912,53.96648347496005,62.076088122200176,0.996338100797821,0
38.45400718951381,10.506483643069343,42.186082642001615,50.811642360956476,61.601126234299414,110.29190141578879,1.0744702117935843
38.870891310171814,10.609504528037153,41.554976350769024,52.13696061110414,62.18377640944624,3065.790234301662,30.584607123430306
38.56155599644354,10.487244259205305,43.85014032334275,53.36886984020256,61.78477620684958,0.8190767934740573,0
38.70432788271451,10.425986809119973,38.885887052482104,53.929641546836706,62.0459832970306,5129.994078795831,51.132717931595295
38.48022445487369,10.497268768078118,42.94586853504242,52.85948961645778,61.99948432674557,0.6266046119089215,0
38.520850376614725,10.716040770469146,43.75111379055651,47.312270672041265,62.15439782545084,1393.7199807716488,13.837755953455119
38.317839307528864,10.814585394088507,43.917396985236365,51.21686162940485,61.79083588593735,975.6549272785454,9.696181302987721
38.6120007959233,10.408794895456364,42.42373444076508,53.57458012643196,62.24472734838948,2712.705930816978,27.045825400774444
38.374491373864025,10.566831884449517,42.946902100468904,53.556348751403426,62.46429745452654,0.6831945235825684,0
38.660168140538474,10.464601920156262,43.666882654245974,53.389387297109856,61.987301707784525,10.733377854724234,0.1010463141480642
38.4201127412602,10.907504797128901,43.88364818294469,49.98188157481812,62.4572300072462,1371.9306694870966,13.633581547876723
38.38948507887118,10.347656180628393,42.645484926510605,51.952637371043465,62.17863710661298,2.1865304894183475,0
38.497722315442516,10.255942460079776,42.79596420330881,52.147887041040036,62.088519578716934,1.4632566722042073,0
38.394978670902766,10.68867365522969,42.41172433337628,53.67706883047338,62.43711496563949,1713.0108507391092,17.08111851300632
38.44278414173943,10.619306974860391,43.07166288616989,51.30578178878922,61.715648326522285,469.15568081756743,4.6520105721277005
38.38347218826469,10.615279606302776,43.140213719056874,47.59190104906306,62.28234768182176,1187.864099868134,11.787110997725442
38.4918212923942,10.607307767604782,43.197620601708984,53.97506335260958,62.62913512049906,0.6548467609262747,0
38.53693382950086,10.668689806030786,43.50730382338698,45.877078293257135,63.15776029188695,1531.8032146299836,15.197453980654059
38.394978670902766,10.68867365522969,42.41172433337628,53.67706883047338,61.86901886406909,2834.2055909380656,28.253092186001247
38.74036733629761,10.508174101768082,42.953930448824956,52.77829052410987,62.44113977224486,65.68359515954619,0.636880931732108
38.37073195289852,10.569838858389716,43.320418247498125,52.791079466170636,62.58949131224558,351.66277087745846,3.4819598237717733
38.46256171571554,10.582438595637354,42.45330263405981,53.188027525333034,61.744026742735954,2582.675468655998,25.7503531139561
38.713710926255374,10.3718935664051,41.957878533193,50.290063496966205,62.06384869910315,398.8409578027842,3.951050006626891
38.47956441555098,10.730893397076947,43.4235779659327,53.678211130592814,62.03109524492362,12.396434057892005,0.11776857450954736
38.445611079594485,10.315172333837427,43.07711197746203,52.65524775197147,62.35637168914177,1.8996454114601358,0
38.661704313146345,10.39023515695877,42.25821062540611,53.54869180760802,62.251794424111445,3048.7010904502595,30.393810572914568
38.41390688292577,10.574900279379357,42.813400251788536,47.71183106748096,63.44497125023237,1271.5653690735376,12.615639504835173
38.35462206007204,10.596339218060097,41.45204697230896,52.59787775158342,61.95068095616396,2983.398895477116,29.74667697761074
38.26037043950534,10.32690407910079,41.104111897257006,51.9899867321559,62.722862719944054,241.69539204013037,2.3988020604606994
38.24957320831887,10.739224061654935,43.931176345829606,48.143490067038925,62.65243370166802,1321.0179708634023,13.108519135091864
38.48022794072355,10.775800793683098,42.801029370238076,53.45194567754821,63.16724922928256,370.7578072777706,3.676232030004464
38.931788100756805,10.307637002269605,43.72515203307901,46.70676358588878,63.3008665374979,1519.8814596224618,15.089185415737573
38.60493127369948,9.945645781483233,43.223599293735376,48.626278688972214,62.174098218463385,763.5598240853894,7.568999896099534
38.1640670394237,10.348402017724627,43.109816158903335,49.207169407604695,61.5274482859331,691.7016280129984,6.85573413770278
38.68481785447871,10.407661939673474,43.836602135220616,52.685125736565844,62.14401365562301,289.6503210495687,2.8660518416137535
38.59823534851115,10.327839501749851,42.40161412609566,53.3686600101942,62.80980807313355,1022.5459781362737,10.195020787436963
37.406138286657146,10.742674048440282,43.87709804001805,50.32262746560931,63.60358667418949,1148.8824700398447,11.389872606387694
38.4773180884429,9.72382888572966,43.84459747701143,53.53759870935066,61.681976258301496,1329.18381199826,13.24205106252429
38.22356092552987,10.940728708991514,43.21596538889341,53.88412041333284,62.00617865112308,0.6375392401868657,0
38.77467133119854,10.036825773997444,43.68088079464589,53.400538390693804,61.71936644790676,1652.5226979431275,16.472391582871808
38.58237968652139,10.222127896672433,41.554976350769024,52.426692430340765,62.09461665301731,3056.9523225719704,30.479131494963877
38.56155599644354,10.662107091922856,43.456225188374496,53.22597251912998,61.764182575220616,30.654097517270138,0.2998670630743021
38.62827275316873,10.646337154348277,42.51921421413716,53.726756971366555,61.633290979824345,3396.4654075862777,33.85574824570801
38.48022445487369,10.497268768078118,43.86482807353054,53.801059477160415,62.759264974631044,175.94930514073462,1.732444959467146
38.785429618319995,9.928625155719805,38.45097944088357,52.864181772594456,61.74075834307646,5108.285701181197,50.910554112846064
38.317839307528864,10.33291076030612,40.998304478406496,52.918695229789435,61.79083588593735,3767.5791276590744,37.541628358606985
38.55363522134817,9.977912135609767,43.19620434545606,50.91150900923121,61.656608469139634,7.977591845105648,0.051010540120693726
38.2264914777059,10.224362393221973,41.565510594972665,51.33331632871748,62.09559525239844,0.8334100713690413,0
38.598326703931214,10.523048826268479,42.45071863943011,52.808259839904046,62.56319020585769,66.83054767037972,0.6578638273424389
38.4571000924455,10.61620835980825,36.98148751547997,52.74609348598036,61.902414803651205,4418.30067771761,44.013146202308825
37.58334210997409,10.252787180625317,40.28188267976354,51.952637371043465,63.61901823913803,1.4763700451165533,0
38.593653668769406,8.004886522034177,41.905091264839236,52.147887041040036,61.2174904823688,3346.3038676330207,33.30385350050137
37.42379247300454,10.382700182455654,39.2475853588905,51.02762433124533,63.8459095223817,2.451589105972744,0
38.358360374783764,10.571250352379295,43.09625663499946,53.42176632345978,62.29831213043695,0.810354375221734,0
38.38347218826469,10.66607787528583,41.275247704252926,53.5628067149365,62.28234768182176,3635.0670217160255,36.2309095259847
38.24247836898121,10.3580913174375,41.70629904633803,51.20964644468685,61.76838898551665,0.7444600749274279,0
38.57702133446375,10.678479038016983,43.64832766203412,52.59455633592583,63.131380516769724,929.165171677338,9.23752368162112
38.11643735279105,10.68842968378901,39.668243499106744,52.42986744239195,61.86901886406909,4385.283012204296,43.695445003127894
38.74036733629761,10.559397390140216,42.3614525957069,52.77829052410987,61.37872761578562,3323.497110658171,33.13796365994121
38.17199769932916,10.821725990006087,43.320418247498125,53.430331908017116,62.458737909898474,229.54878133682837,2.266244338769635
38.952393880767204,10.042026520603908,43.4120950463853,47.67272097405983,63.692001019792414,1322.9686287276638,13.131621311861785
38.558797996113405,10.227725023605398,42.68316168394412,51.883048959451166,61.71682510742219,0.7377104556888913,0
39.53560975530439,6.369590650644163,42.65731485453455,46.59644422667121,69.23144013448992,771.3580277958476,7.597836547986468
38.445611079594485,7.406749371987882,43.48316693820595,53.41013234518145,61.691173921088755,2542.2639167411976,25.28656116193621
38.41054045648983,10.564538794140923,42.770764519719634,53.593957903208505,62.251794424111445,1223.0956428550496,12.194111997816883
38.6436550081701,6.165884122586176,36.957538420418174,53.84268401992662,61.490175695269166,5000.490347768797,49.74158024740902
38.48510933665263,10.457391781511578,43.05132099335678,52.76985428973014,61.95068095616396,0.7760584980901346,0
38.6264325340438,10.517211622306435,38.21684961770292,51.740735344054094,61.90236768993643,5173.729609570481,51.575404072707514
37.841864200392685,10.406745092960024,40.787874937553795,53.647266900555195,63.482242242612976,1913.705569709143,19.07474343853268
38.48191435104025,10.549153667757444,43.8301199297992,53.77714154190731,61.969464490718046,0.6122949596638961,0
38.268005181570246,10.054795057727908,43.22052579763482,45.425958459970026,62.411590147625446,1087.9712705713061,10.77303388429656
38.340957311293124,10.535426140124649,42.83715594545849,53.428358938904815,62.50022718814017,0.7072840898966435,0
38.71852429432255,10.77825133693491,43.109816158903335,45.285358785611024,62.193985198244896,1526.6224583972896,15.156134052584639
38.60075494510315,10.126757595372652,42.87023260168378,52.27328794394355,62.07615284509555,0.7203173080550854,0
38.373598364564856,10.765553644299171,42.40161412609566,48.75090679854111,62.593951080165695,1118.8480064996963,11.108007705804189
37.406138286657146,10.378261133635586,42.99997784873773,52.44620212252907,61.77618266434512,2.1980395285963628,0
38.3992299248319,10.606217845715442,40.15586178428596,53.924329654735665,62.5824467602397,4471.297124371353,44.55329394792461
38.22356092552987,10.51692879632572,43.21596538889341,53.2220042235894,61.57633259201888,589.6501013326745,5.872047659861011
38.45400718951381,10.59696109156371,43.81107821673292,53.191493444614295,61.71936644790676,1.5844372687348212,0
38.58219451520499,10.763017103619891,40.94701639431491,49.9183754677545,62.09461665301731,646.1111177836307,6.419728777174678
38.57802842874183,10.479368814113926,43.25595869572939,53.19177071090307,62.248576181162356,1.0796589440480635,0
38.44422928730615,10.74719837595118,43.1609536659486,53.64524195345118,62.16357147164862,21.72973484325317,0.21076710749251504
38.48022445487369,10.497268768078118,42.94586853504242,49.94871157405335,62.60988986816886,952.6896239557163,9.459453470961758
38.57119528858891,10.399738303333104,43.757233242104874,52.98333102631909,62.84648051382348,454.6938387381399,4.509446397755683
38.53235374135976,10.249937071298184,43.39553039036904,51.23408915865259,61.79083588593735,299.753185066107,2.961167466478214
38.814152544887236,10.559988728590277,43.94289740316607,53.83202931793392,62.006551353327126,83.16681759116446,0.825090628327402
38.2264914777059,10.784315088990468,42.914326674492976,50.978564512737464,62.647272035371,946.1951596234144,9.398398758850682
38.374491373864025,10.566831884449517,38.00292528019632,53.556348751403426,62.46429745452654,5118.7344430144085,51.01243059936483
38.66067407824629,10.523048826268479,37.89278776033248,45.23946858215312,61.79388453688362,910.1400002671317,9.04202020018511
38.666556785783285,10.492200551746784,43.532002107202004,47.41816108410863,62.93844121111729,1367.2221238025268,13.57177284911017
38.511728790664925,10.689300948064796,42.645484926510605,51.952637371043465,62.40453685627031,482.86470697413097,4.791003954068825
38.80860839523829,10.574357185037744,43.89317379503087,52.147887041040036,62.58666984057042,965.5062815117343,9.602056044100447
38.38433297840707,10.382700182455654,42.663042245520444,53.157479079967125,62.27161723074127,552.2571723865508,5.499288952593703
38.6679139702272,10.343498554606468,43.26738384076853,51.30578178878922,62.413980319088296,621.0888121801612,6.164607714285241
38.43748617095489,10.6876283010626,43.04217446685801,53.72869589309136,62.40716972715643,10.455724836180536,0.09793583403894246
38.3061922040246,10.829668614318248,43.325444299340205,53.7780140504952,62.48215981409295,52.691312848032595,0.5048178918708177
38.42398922992202,9.875854933093956,42.75229766441467,51.34236223545951,62.688856906233305,56.46588944459266,0.5321173777614767
38.570733465498066,10.640647212994605,43.19841115163876,49.04140998574677,61.86901886406909,1060.2621919306828,10.530435679114229
38.39369511214706,10.73889022119748,43.14097911523047,52.77829052410987,62.83244336263767,627.0676515822507,6.228235576198417
38.55665865295276,10.505712708464548,43.675211869347955,53.38542496072427,61.61714318175041,290.4191869053226,2.886420815646921
38.82541306969206,10.259769568597946,40.96353698599797,47.36516999208401,62.31995332201921,805.7526378871172,7.992504081897577
38.40552820983605,10.49170168391899,42.5351222806558,52.20065447200341,61.07829412940836,2207.4110952503192,22.01102944682236
38.42208595390334,10.726460421345212,43.088485688204045,53.5607272578539,62.18729672321332,10.492316447869383,0.09874321975996025
38.56812252480567,10.46009200558005,43.29426378595199,52.99200569562893,61.907845320293035,0.5623825544019664,0
38.68598543557261,10.361035254973704,42.813400251788536,52.62766154730731,61.668799244094465,1752.407697839028,17.476834498350286
38.48510933665263,4.518427542222582,43.77214799347398,51.15410858737381,61.995394858762296,2131.331136451055,21.17974186272729
38.56334908219548,10.544165511056958,43.67124692943684,53.674870162652994,62.07603523876119,0.6230867892335207,0
38.34265142301285,10.119700379267474,41.847614841490774,53.647266900555195,62.54959579523167,2750.976960522646,27.414914354821395
38.68867101467956,10.376060145088957,43.75661544769506,53.0676582981628,61.66001628435317,8.937693312756704,0.08174398929411808
38.63148351274471,10.054795057727908,43.031419361745755,52.54365716153484,62.101526088689745,1.189638682633695,0
38.340957311293124,10.628932043999315,42.822324707090615,53.21512057334574,62.23070766287309,0.6793788073874686,0
38.62591586372072,10.476547500625315,43.68128539380492,53.57086933231231,62.126062989952274,0.7121705872432086,0
38.68481785447871,10.451217654093597,43.88913064585848,52.04017611624179,69.0562544740885,1746.8770328087855,17.333240356628657
38.504082659517145,10.5121733807629,42.40161412609566,52.78472236351272,61.53964518380631,2631.7924696271957,26.24145612124798
37.406138286657146,10.896584869477827,42.3368444139718,53.397407712988844,61.28849577274188,1321.7591920106843,13.172261726950229
38.286380784274726,10.768106590936965,43.389256015517034,49.87499445200881,61.336053547219,916.8376326003423,9.105808768586819
38.22356092552987,10.297230160670658,42.9462046972453,52.71848347463876,62.00617865112308,0.8606859917985175,0
38.76031203238573,10.29341261461216,43.93754275652178,53.14317193039932,61.741092953278816,3.3634508615782495,0.027321456949920275
38.626603391670855,10.443221351485715,43.33141218625464,53.139735237303995,62.06303584209777,15.722202651835639,0.15125380051021153
38.66351196696589,10.440473902932176,43.84183011219552,52.58688981606596,61.54561633413793,1.8657068535736578,0
38.60428372312411,10.662366996162971,43.629765418194026,52.046008637342,62.33771803133449,842.3989075798415,8.37422996773654
38.48022445487369,10.553097876606415,42.94586853504242,52.85948961645778,61.27192151918826,2055.8043317379434,20.49887028207455
38.514280899348435,9.970580283276382,41.27431709629228,51.130659140559565,62.65071938451725,0.8555816086944831,0
38.43645377951907,10.37695598332618,42.4212873086703,52.20516825645361,61.98433102163856,0.7859449559675198,0
38.44273385813278,10.421227117496077,42.813616359276914,52.96531610949586,62.3089797199593,0.6603245951862343,0
38.405190512883635,10.224362393221973,41.565510594972665,52.98662081976824,61.59478386176831,3548.066689300674,35.354839340080765
37.888379383041794,10.191832665134722,42.946902100468904,51.20910141786633,62.46429745452654,303.86156330469095,2.9933090076880235
38.568934566628776,10.523048826268479,42.23404907715364,53.76636833368447,61.96429558472758,3306.1745795170973,32.95476706693927
38.4571000924455,10.425980190114847,43.070328696482775,52.42787921772766,61.61493302681821,0.5928151416421131,0
38.65386705327829,10.332534471206461,42.645484926510605,52.58838258750862,61.58331237991387,2267.433949489402,22.61168435728272
38.31967522761,10.586036580002144,37.6088967919532,53.80618062200879,62.22779710068559,5127.855290189178,51.09916602974395
38.56267948141465,10.518963212645165,43.03129334156063,52.86207165188166,61.870180250770446,38.53782234615441,0.3764436946621288
38.35424939117664,10.346043664319506,41.44020634138733,51.30578178878922,61.98762819813246,25.613936699080334,0.24412867020136986
38.56454952301107,10.615279606302776,42.976759176792186,53.5628067149365,61.99024625930464,1726.2484485434213,17.213488719680193
38.3061922040246,10.829668614318248,41.39388089327393,51.13375978087354,61.99008009526032,188.1419790844195,1.8539255452497359
38.351662046907826,10.816283430196835,40.843418589784804,53.33468441576223,61.63277726823559,4270.9682221126595,42.55851317825686
38.449995376696435,10.797371007348703,43.186364989934695,53.766770934531564,62.548522269325616,1.7722909983126018,0
38.54671762352856,10.047169982419723,43.214745630315896,52.77419863903226,61.758744196052156,846.5667321920841,8.435362729495106
38.466719542988876,10.597859846191302,42.90226710872436,53.05703501227724,62.09761748613144,14.301157593213123,0.13708978209103861
38.50864303397118,10.288459490166051,43.07750833919559,51.886728490954575,61.82346045027449,2.117174622634904,0
38.49125650891123,10.487162483740649,43.97716915300619,53.67584570380258,61.93645160021357,0.9465793401036017,0
38.56731048298257,10.918777242801994,39.13706325656045,45.70459494848008,62.59790308445858,1285.9561018906968,12.776565123363053
38.49749624056724,10.572405276697989,43.10520646712081,52.99200569562893,61.907845320293035,9.263455994467723,0.0871269669133028
38.41390688292577,10.574900279379357,42.813400251788536,52.12307101199592,61.05679125340837,1112.2976340584873,11.091413809093996
38.30056177822044,5.678102637150315,37.74961108296239,53.690710961627026,61.95068095616396,4489.544019534609,44.60014107166869
38.56334908219548,10.270129766229118,43.752032817414445,53.674870162652994,62.55543146663796,1.3038261309052455,0
38.675933088999436,10.411653777572628,43.8438396084496,53.256881572085234,61.818062385124094,0.7098464674976214,0
38.64205166763798,10.1570321316865,40.11472017262931,49.22780613497465,61.607620761781284,2045.4838200863696,20.413644972779082
38.749606828306604,10.516344036419182,43.904768619953096,53.03063551025743,61.32725379583245,62.90173032727262,0.6197887274204419
38.0977245513175,10.628932043999315,42.666737282283464,49.6684937963871,62.43418093330085,897.4634960420433,8.904573129258925
38.2952753315858,10.409130651005217,43.109816158903335,53.1158206148962,61.84273342681948,138.08981060140584,1.3639681701626625
38.68481785447871,9.580696313881191,39.32672979273709,49.70167209665811,63.38363240360611,116.75800242531885,1.1508808993932007
38.599678393753685,10.344876157455364,43.593815849626885,52.5218201369983,61.41206419126093,0.6087407002089907,0
38.73560190846656,10.709776895098429,40.46914817928715,50.32262746560931,62.46324468323414,563.8298029264866,5.605803071362537
38.1814298276412,9.72382888572966,40.15586178428596,50.7041997620852,61.73084883060514,3157.8776348925644,31.47556772287379
38.22356092552987,10.32210274235901,43.21596538889341,51.85649225477809,61.49214509400214,2.0780989077454084,0
38.45400718951381,10.600240032596448,40.17813760017228,51.51554950359785,61.79131770417462,4062.0991002962064,40.4977620495307
38.54846078293884,10.222127896672433,41.554976350769024,52.00602751152545,61.905156357911814,2768.302363084521,27.605264881399528
38.56155599644354,6.854272660093123,41.95606597893904,48.20994379953318,61.14077207015338,1489.5148548236248,14.834463696140517
38.30783159380887,10.277416603053451,40.394808499999634,50.11231255182848,62.714492854028975,2.661974191423356,0
38.466447527767116,10.327732794451004,41.541447828323975,50.874596913227414,61.99948432674557,26.72268522727419,0.2515310736317673
38.7611964713762,10.572405276697989,43.10520646712081,53.161039907952734,62.08014438082151,123.87686055541731,1.2279299148299074
38.317839307528864,10.249937071298184,42.64172704603828,51.38952026463292,61.76785873559121,2.190662756400987,0
38.5084966018273,10.651212706408057,43.19620434545606,53.906147328759246,62.004358062712065,1598.261057159818,15.935470414865613
38.38731444686628,10.224362393221973,42.46466102185721,51.33331632871748,62.07545444345281,2.5468018537243404,0
38.505655476794075,10.300085293059524,42.90176610276933,52.5529470652359,62.02356148959955,0.7202483686902872,0
38.72709257747866,10.523048826268479,43.55219727470836,53.76636833368447,61.930015372003346,1414.9757997360302,14.109881787465518
38.619442667542714,10.1270466180077,42.60307383991539,52.529686157264365,62.490319573164406,0.8403892619299733,0
38.31967522761,10.327732794451004,41.541447828323975,50.874596913227414,61.698519648672644,0.7145760558320134,0
38.226528571808835,10.7006450861468,42.52962196321852,53.79251055448291,62.91079309511447,0.9447568250276435,0
38.59483308799812,10.295484767205812,43.33271367126855,51.30578178878922,61.04930666082994,1.932415219311269,0
38.38347218826469,10.33802491461195,41.52117458223029,53.5628067149365,62.03726363673021,3593.2914645779624,35.803521084584446
38.30356481650775,10.829668614318248,42.41206971859832,51.825405264973824,62.082012886081905,382.4672679965449,3.789609816648464
38.80394609232806,10.081103028655374,43.377095658751344,52.99979962526346,62.360962354399184,7.60122269479146,0.06853988211232576
37.499636244596466,10.096238542097236,39.668243499106744,49.04140998574677,61.86901886406909,1.754366282123618,0
38.6076326469728,10.489287752429886,43.348781636920435,52.831959777143496,62.44113977224486,199.25494941570363,1.9648315854550755
38.32198365500637,10.49072411745241,41.59473289020663,52.438141716446026,61.61714318175041,2971.6940765931977,29.626436981788796
38.27867827598166,9.886329054283348,42.57290900310187,51.886728490954575,63.172526979193464,24.58834822663909,0.21382559023456382
38.56121356779704,10.581777816500766,43.839899408710636,53.98036601137179,62.15127904535768,0.6394626391385468,0
38.50502340974268,10.702917285883775,43.5516752671818,53.199142912796184,62.09076475236062,124.01275767256749,1.2161948202799988
38.25282598998252,10.315172333837427,41.360231912445386,50.50302882218024,61.915930850741425,2.0912890972743874,0
38.672096103757696,10.49328858446006,43.11466878437546,52.99200569562893,61.907845320293035,217.79797532913,2.163269412179471
38.42262503153169,10.37129612170561,42.334296445336726,51.79685431077199,61.73570803544365,0.6715276989598435,0
38.64473009044804,10.397789760719153,43.05132099335678,53.23996798287166,62.34830402516928,39.06818923447545,0.3815598108460847
38.56334908219548,10.352926126331857,43.000913964348996,52.67198877840128,61.980964059699666,0.7165088660143613,0
38.93035875045219,10.021698778034937,38.23091996931171,52.47929702274945,61.818062385124094,5217.696474715159,52.013085062879796
38.657512332020126,10.511654180135597,43.36367438877599,52.94399955022383,61.78507249073231,46.68434823298621,0.4615700523774393
38.64842440823602,10.375034195165387,43.904768619953096,52.54365716153484,61.50827467496809,1.8095434371563717,0
38.90475317848125,10.069116537258052,42.839896063581335,52.218745750344006,62.23070766287309,79.93216350987981,0.7925974605280857
38.417094739918056,10.346191767164548,42.699199089341775,53.1158206148962,62.18189682892985,882.9130665848305,8.799245573764564
38.65680555673524,10.305124253304609,43.48363195409557,52.39089256932137,61.43765887246697,0.6195226253909498,0
38.7123284238889,10.442784664604094,43.593815849626885,53.08250497585878,61.61138031285886,306.498187289519,3.048683595592847
38.344025556605075,9.98886122806995,43.01304989368649,50.32262746560931,63.60358667418949,764.911827818462,7.581889825335184
38.42429127282369,9.73178940848707,40.15586178428596,51.13027616893869,62.72925273443099,2677.7067810135877,26.701265138803407
38.22356092552987,9.990596932636763,43.21596538889341,51.88581007026743,63.08421284838103,309.4011800550375,3.051300020947207
38.38258855559318,10.29341261461216,41.955116925642,51.50220630678174,61.829645115864444,0.8886230236000129,0
38.572396721328225,10.222127896672433,41.554976350769024,51.31943683723979,61.809273355535105,1784.552700151191,17.800971899082725
38.91503426366263,10.33582267279038,38.24038808085172,50.473782932396894,62.26850717589847,5196.191790843755,51.81338799594499
38.48071995811887,10.277416603053451,42.51921421413716,52.046008637342,61.80467766670909,1.0714902600044791,0
38.56700319855168,10.497268768078118,42.94586853504242,52.85948961645778,61.6895898609915,1279.4112330305582,12.758290663615181
38.62979636570005,10.28374226238362,42.72348886967483,52.30147128948788,62.00472967917072,29.826182185782,0.29119581938481076
38.6071078595295,10.249937071298184,36.76739972577671,51.75900780924623,61.84570876955113,4568.343855794971,45.51358211633513
38.73955901402271,10.87840315140705,43.19620434545606,50.43493908837251,62.184019689243456,1268.828515164161,12.619744961461738
38.936050744988265,10.818222091694652,42.98156099178207,53.89260323345198,66.21569642497764,1516.9815927781688,15.09199030022296
38.46555079758788,10.486297832358758,42.80204059999879,52.50259414139217,62.46429745452654,58.255462416797165,0.5574381589349975
38.54619128105881,10.278744969786967,43.00948343411825,52.24923541669384,61.712785818061434,0.6870757840281695,0
38.48052625011005,10.589993454697737,43.29125517141915,52.42787921772766,62.16227924572307,291.5796209581209,2.8842070527742454
38.41568323897817,10.252787180625317,43.564153071796994,52.78027414252993,61.081436122113914,1084.0284706600812,10.804008218876383
38.11168562884848,10.327732794451004,41.73970982510094,50.874596913227414,61.643383020369924,1.4717755821675145,0
38.80874250023459,10.74381770643358,43.168014828639286,52.964073999075154,62.43711496563949,558.6948519473059,5.556353149241151
38.47691119534811,10.576454285005386,42.799511276860734,53.24983965596142,62.35638114933361,20.494715279776845,0.1980478670906649
38.58122369055138,10.662758913524414,43.799565902905506,53.776896337484374,62.1852113318065,1.5423266892467724,0
38.3061922040246,10.829668614318248,43.22552709318994,52.057228957625284,62.082012886081905,615.223557607037,6.10898636255531
38.33287605479663,9.875854933093956,43.07479296269887,53.76253967280765,62.3405592770652,1408.191808842339,14.030966472422339
38.48435050183805,10.214216476795475,42.32682913801076,51.39336890365718,61.86901886406909,1.3978976755694343,0
38.22069535310144,9.064153034995437,43.54091644225449,52.77829052410987,61.32412150752172,1570.4494128359247,15.638106588164488
38.647881819163686,10.391250516610649,43.320418247498125,52.791079466170636,62.02180765471553,1.2772957595152472,0
38.87799423064688,10.259769568597946,38.068298699250434,51.886728490954575,61.744026742735954,5276.1687500015205,52.60191736227257
38.31167063653552,10.581777816500766,43.839899408710636,53.24292261824178,62.15127904535768,122.54859107104842,1.1985787782622193
38.370649934473605,10.282157979227582,42.15974496615279,51.89510978354131,62.01849739037868,0.8547018578925174,0
38.54497805637483,10.323993136219745,42.96479003903791,52.99200569562893,61.907845320293035,1039.6506227654884,10.364083156115726
38.42262503153169,10.351357495815042,43.23304496199608,51.79685431077199,61.73570803544365,38.630089921969486,0.35958018805397707
38.72579382746471,10.359649134500673,43.48254780517712,52.80657163067853,61.76661110211652,33.8539880764339,0.333172932071065
38.56334908219548,8.295502517046122,43.34590548610605,53.75357088311041,62.07603523876119,2454.877060071313,24.435670519529985
38.55676739729683,10.388499917323747,43.8438396084496,52.23581477203049,61.40901284302912,2.233849284469842,0
38.813909804541716,10.068845109073623,43.29479090055264,53.45194567754821,62.017202581560966,2002.4109575510456,19.963967876664466
38.53883608843702,10.054795057727908,43.314457835772004,53.25407828126172,61.96132480271149,1035.6067810305074,10.32026100322987
38.56553347909411,10.407677953105239,42.822324707090615,53.21512057334574,61.324425384858095,2889.075556233032,28.79855068454793
38.474293558237925,10.014192946638335,41.79401495272049,51.668455321456506,62.193985198244896,572.5025592019165,5.702001283600502
38.56984750299875,10.483261367246758,43.02786341724691,52.73638139224341,61.89086221806549,26.069510960107387,0.2551514628876319
37.406138286657146,10.705854197877013,43.25230306982292,50.32262746560931,62.11841736362312,718.7102825960665,7.1184250232294595
38.394542225499855,10.423554523955836,42.63746522895049,52.50118730039128,62.02155042470855,0.6380007700055257,0
38.56688765884649,10.31661003404788,43.00826223666804,52.24273316763918,61.71936644790676,0.7116366461353576,0
38.899171487899984,10.222127896672433,42.02158431047359,50.46558505639525,62.25710238299968,390.55879484130645,3.8710867433929206
38.479790064987746,10.229834908263843,42.08916723463403,51.15006756865593,61.607834266788515,0.6944617670132189,0
38.50758870241637,10.485694974334756,43.054330232733385,52.90074425147571,61.970955458488596,0.6244917373875148,0
38.39702133255897,10.368938593630565,42.94586853504242,52.85948961645778,61.99948432674557,1.0564227691187882,0
38.7611964713762,10.686004033402,38.29429282627221,53.875397867025285,62.13164379926675,4745.467789536494,47.29471136447732
38.317839307528864,10.249937071298184,41.84147699922182,53.588526057542495,61.79083588593735,3349.5805579324747,33.37169865130144
38.349299105165706,10.68331185742033,43.19620434545606,52.31610819901037,62.004358062712065,293.74296330078346,2.9051620854684863
38.6315430415885,10.363112615058212,43.66579784284184,52.731047462273516,62.09559525239844,14.572231476332194,0.12261867039782137
38.374491373864025,10.371508974522872,42.09590218615166,51.51398116379321,61.73304668575134,0.6776873546771849,0
38.62865634719498,10.278744969786967,43.00948343411825,53.08326713978216,61.84473518209748,1673.6498293097088,16.68677546078375
38.38385855502481,10.456957696135895,42.09993916699755,51.65736433475258,61.74502862333258,6.497420022565747,0.058469780506712254
38.38948507887118,10.642882366234662,43.75000842198713,51.952637371043465,62.15800867351198,728.5336695633472,7.236416141193586
39.36360212940801,10.327732794451004,37.85211184339414,53.90034037951986,61.698519648672644,3992.667293523662,39.78707481362346
38.56267948141465,10.381454157930984,42.6342116006241,52.036966859044924,61.744001820602094,30.26488924930237,0.2961691083053708
38.66819507282685,10.067612766386697,42.84481742627639,51.687760468153655,61.715648326522285,0.7169122791165671,0
38.72178963874231,10.978722688964496,42.36076708133791,47.44588591487568,62.28234768182176,1495.024037291619,14.859740425648148
38.3061922040246,10.829668614318248,43.22552709318994,49.234490305565494,61.77921925727147,1092.3098870285794,10.848036919260608
38.77572002107443,10.487739010566031,40.843418589784804,52.779164645455054,61.966394105836514,4339.174570876805,43.25391015592039
38.412528351444045,10.675182565512724,43.16621194818518,53.66167144091992,62.259996832960574,0.6032202177426954,0
38.56101154831184,10.545394139279992,43.14097911523047,53.33019852340066,61.92166008161791,969.2698034530206,9.663642103678114
38.37073195289852,10.322174287439712,43.745774615154296,46.32530363631283,62.40747825141787,1235.974585000258,12.253490413543723
38.45150243683405,10.59241848259348,42.57290900310187,53.314720067462794,61.744026742735954,2457.3115528757976,24.50030803147325
38.56121356779704,10.581777816500766,42.94324138999016,52.53687900293157,61.66520796138949,54.39916536338045,0.5382074920701996
37.7716333718181,10.188862189803398,40.36974003998471,50.90899447193714,62.711173439808725,1.164388501756213,0
38.58277911367897,10.667522520152886,43.07711197746203,50.239359083777025,62.274353649250166,1030.7377108602382,10.242346001070196
38.56812252480567,10.387729986040979,43.41607102442963,52.8830990913319,61.79683521560619,0.5966944997120279,0
38.55083556338351,10.267545889582644,42.309297089357,51.488792490440346,61.725800016800086,18.944213815620518,0.18305974971438843
38.469987534882016,10.710410335937866,43.36313882316999,53.387678737176415,61.84119563662089,11.522156431012096,0.10959512088667367
38.56334908219548,10.471765206666385,39.66401970718857,53.84637991265365,61.50385993469557,4916.897789975084,48.995921575788714
38.85493777197616,10.739269202472343,42.82384801421065,53.694058681082616,64.90515711005142,1197.3018936474634,11.913321893309526
38.594653123139125,10.311758375865946,43.23719085183128,52.25761109571012,61.969464490718046,2.0200187956072764,0
38.319022769317655,10.796201713745496,43.904768619953096,53.24925062408243,61.92969882255637,324.65908423005806,3.2158520451927526
38.55633010189399,9.801859031027906,42.822324707090615,50.667283995351795,62.32388773112253,126.96988585320172,1.2345107856960276
38.46275531024884,10.755920448614502,43.60989701166347,53.52568003119866,62.193985198244896,88.36464665622229,0.861102969358762
38.65680555673524,10.505361369396816,43.700837920812376,52.39089256932137,61.91984274924044,336.2323114147915,3.330677723289244
38.644469003600435,10.65910512752671,43.593815849626885,50.20295716182528,62.16714736601651,1107.9188670349536,11.01059331474237
38.433292556419815,10.489251205337327,38.92146335386935,50.32262746560931,61.89935361677626,4482.520275333074,44.69032571593327
38.70521792609764,10.517521003704363,43.75064584220205,52.90078568460954,61.44365792502291,43.68315679424666,0.43123445038882835
38.455708069158675,10.35732103192028,42.356565646239495,51.705771934420255,61.70368700544106,0.6197758922092967,0
38.60291937171174,10.31661003404788,43.00826223666804,52.86807842989062,61.89748923210811,786.092176229415,7.834881898216449
37.986380537649126,10.222127896672433,40.78312177325311,51.06334210159355,62.694291176376076,1.4833596987075148,0
38.699536990642315,10.515475181873429,41.7579168813607,46.43230182678319,62.20741832011837,1235.0194484339427,12.26323068822913
38.71385962556295,10.485694974334756,43.73874110390518,52.90074425147571,62.29253235045257,297.2379782520419,2.9428581441548376
38.48022445487369,10.652833286022355,42.90063148550594,53.48261390654082,62.379894615302774,31.94517503473054,0.3126066211728471
38.7611964713762,10.29360294331141,42.63932695875962,52.864181772594456,61.746351669748734,2695.9565336103888,26.882862534451814
37.95692937332619,10.306181245724916,41.4082202938062,52.4067991979238,63.03160967983738,1.0763411910084013,0
38.31099800777132,10.410689784543269,42.146263147301944,52.354239231469464,62.2988886721165,0.7456160128791841,0
38.44906737457763,10.371508974522872,42.09590218615166,52.74400424634328,62.72148467006076,11.833677490515024,0.10937174980006859
38.58346397604537,10.278744969786967,42.63932695875962,51.86937548655758,61.746351669748734,13.659507918313738,0.13046459254745457
38.50232235057978,10.425980190114847,43.070328696482775,53.782709311314605,62.19753416166657,1444.1288377076337,14.396547241709989
38.57129610946906,10.448655997249428,43.146826528256355,52.78715209112424,61.88116925501244,9.58984892725713,0.09030626264041075
38.31967522761,10.327732794451004,41.541447828323975,50.874596913227414,61.010238141329104,2242.9554168761524,22.36964056930307
38.56267948141465,10.382700182455654,43.37238429406991,53.31976675527715,62.2640442781836,0.7316358697003139,0
38.43295051709446,10.478325268134554,43.309831800535164,52.872407650575255,61.73480963671725,0.6280992843009321,0
38.3564152606648,10.071862038031394,41.107221843191944,53.5628067149365,62.39088031887843,3625.9652258094948,36.12479607805617
38.63553487857817,10.47732615854555,43.69653740986887,53.780556332781494,61.53936441755236,1882.0015426194686,18.762368303315107
38.569109638825346,10.461422053029429,40.843418589784804,53.00026723545649,61.90842781553614,4194.801815487879,41.80609710914649
38.66477962239097,10.607312144505853,43.60651216345408,53.66167144091992,62.259996832960574,32.917183228392126,0.3168830330930632
38.51446022755416,10.047169982419723,43.14097911523047,52.47739921763251,62.44113977224486,1.7906015471411691,0
38.65682878803943,10.258093591293171,43.347684066545284,52.35225954830562,61.612720009400036,0.6130057026654078,0
38.61362614614235,10.259769568597946,42.57290900310187,52.8830990913319,61.79683521560619,2338.924479178706,23.321304153347672
38.74082136784172,10.581777816500766,43.839899408710636,52.842221798922175,62.29623246297854,562.7423237279876,5.59087820942381
38.68370263928553,10.325265031881084,43.372534435017684,53.306917077498824,62.09076475236062,232.19563963128317,2.305277656146429
38.549339410991585,10.315172333837427,43.11596032948491,53.41013234518145,62.20295091186564,741.314118309838,7.386140232373273
38.524104835047005,10.46009200558005,43.771787937694285,45.54393114957544,61.907845320293035,1329.8220161507547,13.190724030095735
38.42262503153169,10.37129612170561,42.334296445336726,53.281362924961535,62.33580242003038,1828.2638983496452,18.227202570859987
38.564873620540276,10.471799428001518,43.44520021469557,53.20172114993436,61.93515449634063,0.5659144615341115,0
38.8213484741553,10.552530617750765,40.98094869962273,51.48031627324346,62.07603523876119,3430.537320697166,34.22017041474258
38.675933088999436,10.65585824765725,43.248775825627845,53.545480805428156,61.818062385124094,1755.5738191037422,17.507992598457225
38.740422601020256,10.62069936180745,38.86683755997622,53.95559191222233,61.832491077656464,5248.97417712582,52.32650128338325
38.44860649182145,10.370556400899462,42.82579608495105,52.709543976703095,62.12714636110512,0.6618365002375388,0
38.70664636509996,10.485135122018953,43.914619257825485,53.1158206148962,62.193985198244896,205.88399678230977,2.032343192693765
38.60414877631853,10.531855912062428,43.48363195409557,53.45323465458789,62.14364398792302,9.158762114554515,0.0839135631859591
38.47701346814268,10.344876157455364,43.82377453477568,45.98607368992948,62.13838215372857,1324.9259638523279,13.141461773788249
37.406138286657146,10.442537611246026,38.92146335386935,52.69328037424142,61.95540594571751,4071.724031267699,40.53532683952702
38.48411075251567,9.72382888572966,43.333702608075946,53.02444553291091,62.780969402178755,1.0619435958658476,0
38.504471226880824,10.515030431994823,42.356565646239495,52.895110923953496,61.816898546516704,2417.298579939002,24.104371769331387
38.56688765884649,10.31661003404788,43.76683483694547,52.24273316763918,62.18710130396791,328.37079537380095,3.248834567272059
38.415196903980586,10.646761386594896,43.05197505605116,53.52714238951353,62.09461665301731,170.93214113528634,1.6934469673082644
38.61174200979785,9.880374687687546,43.39632597185331,52.58688981606596,61.764182575220616,371.24113897204836,3.6910049508276255
38.716975395491986,10.234593101464773,43.48768698741978,52.21764329525901,61.40674508071941,6.453740338865183,0.05838825471627729
38.46025459969343,10.762941430550837,43.61738802623089,53.53834587844272,61.68536505307022,1.9111336034380135,0.013719095311017782
38.70183244117108,10.462995013070177,42.902501088572244,46.99134245955318,62.05028726188792,1253.4848159612213,12.445964376484262
38.760587957588264,10.262776340624574,43.697238275548756,52.48975373825609,61.42459274293719,17.887918898735077,0.1728638341256783
38.51008120873557,10.651212706408057,43.15552870403589,53.11143866846717,62.10681595467565,7.600673341726624,0.06187839735422784
38.653874197340734,10.565431776550746,41.565510594972665,46.9652197109226,62.115227262157276,1074.9874013684414,10.671788544036037
38.559906503323745,10.765951848697453,42.09590218615166,51.06267176230959,62.141530936636585,603.4517790518973,5.993724731015483
38.40521383865881,10.278744969786967,42.86637139352423,52.24923541669384,61.985517732032505,1.3021402149747563,0
38.62479682207651,10.477037817079431,43.822159431543994,52.42787921772766,61.72273333170108,191.02106639790048,1.8825481485404518
38.38948507887118,10.588801984987253,43.91221825589196,53.766394397867224,61.92255082391986,0.9540128501989166,0
38.31967522761,10.483017167744702,43.912102872874286,53.968103323694635,61.698519648672644,386.0180200169167,3.838396771087467
38.56267948141465,10.23920345357697,42.992795620332956,52.0108321602438,62.43711496563949,126.44121557361785,1.235204673780803
38.50725414794588,10.631112861584057,43.519975934723156,52.872407650575255,61.73480963671725,1.847953966712432,0
38.36223003199896,10.166705601134325,42.37221179647015,52.770558193554116,62.79390008998685,0.8640587238417188,0
38.52308622259297,10.630662104971828,43.22552709318994,53.96890790035854,62.07155002504102,1596.694436727391,15.919520055910512
38.57976393046595,10.553665511644901,40.843418589784804,53.54324659002647,62.03297284524419,4383.357403355079,43.6806623999881
38.368730307651596,10.606069745145154,42.89962046284966,53.079225013788474,62.02136654046731,0.7266149126344967,0
38.74036733629761,10.253597071312015,41.697748836015414,52.65565733798686,63.06871784321207,992.836318910285,9.901952657643132
38.64277615566687,10.548400323714322,43.347684066545284,52.737215847259144,61.48735140227491,61.40903677983897,0.6048944685785074
38.49088102058382,10.259769568597946,43.2428918305305,53.54539559623483,62.11941725275367,940.0483523151518,9.3678964054165
38.506797362792916,6.197595264347742,43.17635930713638,53.98036601137179,62.15127904535768,2766.766354738861,27.49197578800704
38.763945486178415,10.325265031881084,40.48730748751346,53.558588187625254,61.675172706276605,4769.143130336669,47.52599889601442
38.62378628059453,10.475676203229536,43.81574027962864,53.251405252897776,62.59790308445858,307.35826972550706,3.0429386996686274
38.63886666628105,10.46009200558005,42.73907894592562,51.871741015072985,61.7090359836256,50.97002379597613,0.49504297935633446
38.67301765331651,10.720051282374794,42.334296445336726,48.970326052627435,61.73570803544365,1035.1712870572355,10.286108886883573
38.566207671702735,10.533346334883518,43.4614774627539,53.536066711697806,62.16117119037706,0.6264390322323395,0
38.72078137122959,10.549484239686546,43.8242896472991,53.24745770055062,61.64935531256269,49.14870026209787,0.485841591665519
38.64205166763798,10.533360236330306,43.289778553471834,52.34252152352054,61.969464490718046,189.37883796587693,1.866730301749963
38.44860649182145,10.636010516401885,43.33155373849922,53.352932489268866,62.12714636110512,1.2626375486704555,0
38.552598464430744,10.628932043999315,42.822324707090615,53.07379930067446,62.443441716893574,37.51625133427498,0.36010012459653495
38.47106022920377,10.409130651005217,42.742571850357095,52.325731177665254,61.83823448160999,0.60086612329804,0
38.69801272227915,10.305124253304609,43.79216675296265,53.01965345443598,61.43765887246697,509.3144354556191,5.071956995856669
38.69021678707465,10.357479056270169,43.396124576581364,52.5218201369983,61.41206419126093,102.11515281348292,1.0078232419958262
38.67836612079209,9.98886122806995,38.92146335386935,52.76019066277959,61.69443998455506,4982.878805539953,49.65454848479989
38.86530173927021,10.583932578145436,36.92677335270196,53.02444553291091,61.724335388385974,4098.462518041786,40.83446372134312
38.64690330142436,10.194797507714988,42.680904827566,52.60336518888538,62.48774474720448,7.701975816491265,0.07008941862713414
39.27226886639876,10.737982022509954,40.34417497385197,46.45809786057663,61.71936644790676,1681.514654617414,16.743753750181575
38.550262570275166,10.92436760407632,41.554976350769024,52.59754487031303,61.136840221167056,3988.739128421004,39.762814258033515
39.27226886639876,10.737982022509954,40.68541358862247,47.22954691823354,61.764182575220616,1703.1911472884422,16.96297204585831
38.50758870241637,10.467833172644227,43.394065780696096,53.13067348340272,61.970955458488596,0.7657547818957677,0
38.515640148097624,10.497268768078118,42.85646748736416,52.92278663003696,62.217064576563345,9.401897545889382,0.08666470597162856
38.7611964713762,10.44331083572314,42.75771838262493,51.906621964635534,61.42288901095003,300.1720902773851,2.9866584483755334
38.317839307528864,10.249937071298184,43.16913374783962,52.58546769773123,61.79083588593735,0.8293760302975222,0
38.50311436257135,10.677560343471262,43.74993660480726,53.40001412431069,62.004358062712065,2.033925193867147,0
38.506311991795336,10.649248118987265,43.5082096134139,51.33331632871748,62.21419803097045,885.8926707292485,8.803420535928382
38.374491373864025,10.371508974522872,42.09590218615166,51.51398116379321,62.96850784809523,307.1279333888311,3.0336205193163237
38.54624760508964,10.698137516187174,43.353178356038434,53.158328058757554,61.684415375536,46.311089749966406,0.4572188447574632
38.92167948525681,10.295102903573008,43.070328696482775,52.870767131123856,62.40434472430026,111.0790405434108,1.1035737790051598
38.53957128640498,10.670268007284971,43.82961709094266,49.944390516784814,62.27568780168974,1183.2610568657237,11.756227330532003
38.50709940601395,10.370804425998784,42.68020642330727,50.874596913227414,61.750607004050195,243.80602331710065,2.404120628350776
38.42009001730461,10.605713316734487,43.269235158437475,53.3472616119821,61.98857326943858,0.5871508896011427,0
38.62757792365932,10.45249739214634,43.608587150000886,52.872407650575255,61.73480963671725,1.162953173567637,0
38.657647052690805,9.846888447184291,43.385180213467486,53.5628067149365,62.42135528912461,983.4782019730181,9.79909000414729
38.3061922040246,10.068044447976892,43.22552709318994,53.780556332781494,62.868138336008485,1.28011101355809,0
38.11782514824912,10.321058307508542,42.14110014554776,51.34236223545951,61.63130224780417,1.2538789169630367,0
38.412528351444045,10.600290121369166,43.16621194818518,53.66167144091992,62.03422257209029,767.1748448153801,7.644814380035967
38.716520277119514,10.047169982419723,43.14097911523047,53.89797658509477,61.95679907422775,2660.5677457880197,26.517009036652084
38.20929438788261,10.354012721693197,43.347684066545284,52.35225954830562,61.987065470238576,2.5752676727903654,0
38.17383662213696,10.290480946172382,41.50382263750173,51.078501240671294,61.744026742735954,0.9859942656195,0
38.45208279176422,10.740864951176512,43.49542047703444,53.98036601137179,61.57327837534314,1812.9871011901962,18.074084472221134
38.66885607118805,10.325611264317672,43.47873605510339,51.086460638470385,62.09076475236062,616.9235118898985,6.1227958310299755
