ISO-10303-21;
HEADER;
FILE_DESCRIPTION(('FreeCAD Model'),'2;1');
FILE_NAME('Open CASCADE Shape Model','2026-09-27T11:44:32',('FreeCAD'),(
    'FreeCAD'),'Open CASCADE STEP processor 7.8','FreeCAD','Unknown');
FILE_SCHEMA(('AUTOMOTIVE_DESIGN { 1 0 10303 214 1 1 1 1 }'));
ENDSEC;
DATA;
#1 = APPLICATION_PROTOCOL_DEFINITION('international standard',
  'automotive_design',2000,#2);
#2 = APPLICATION_CONTEXT(
  'core data for automotive mechanical design processes');
#3 = SHAPE_DEFINITION_REPRESENTATION(#4,#10);
#4 = PRODUCT_DEFINITION_SHAPE('','',#5);
#5 = PRODUCT_DEFINITION('design','',#6,#9);
#6 = PRODUCT_DEFINITION_FORMATION('','',#7);
#7 = PRODUCT('Open CASCADE STEP translator 7.8 1',
  'Open CASCADE STEP translator 7.8 1','',(#8));
#8 = PRODUCT_CONTEXT('',#2,'mechanical');
#9 = PRODUCT_DEFINITION_CONTEXT('part definition',#2,'design');
#10 = SHAPE_REPRESENTATION('',(#11,#15,#2753,#2845,#3007,#3099,#3191,
    #3283,#3445,#3537,#3629,#4136,#4643,#4949,#5041,#5133,#5388,#5694,
    #5786,#5878,#6133,#6439,#6531,#6623,#6878,#7184,#7276,#7368,#7623,
    #7814,#7906,#7998,#8384,#8437,#8823,#8876,#9520,#9912,#10004,#10310,
    #10402,#10708,#10800,#11106,#11198),#11504);
#11 = AXIS2_PLACEMENT_3D('',#12,#13,#14);
#12 = CARTESIAN_POINT('',(0.,0.,0.));
#13 = DIRECTION('',(0.,0.,1.));
#14 = DIRECTION('',(1.,0.,-0.));
#15 = MANIFOLD_SOLID_BREP('',#16);
#16 = CLOSED_SHELL('',(#17,#57,#252,#287,#323,#579,#611,#635,#714,#968,
    #1003,#1027,#1052,#1069,#1127,#1152,#1177,#1194,#1225,#1470,#1715,
    #1732,#1757,#1779,#1798,#1815,#1832,#1849,#1863,#1880,#1897,#1914,
    #1931,#1948,#1965,#1977,#1993,#2010,#2032,#2049,#2066,#2083,#2100,
    #2112,#2137,#2154,#2169,#2181,#2198,#2222,#2239,#2256,#2273,#2290,
    #2307,#2321,#2338,#2355,#2372,#2387,#2404,#2416,#2433,#2458,#2475,
    #2497,#2514,#2531,#2548,#2565,#2577,#2589,#2614,#2639,#2659,#2679,
    #2699,#2719,#2736));
#17 = ADVANCED_FACE('',(#18),#52,.F.);
#18 = FACE_BOUND('',#19,.F.);
#19 = EDGE_LOOP('',(#20,#30,#38,#46));
#20 = ORIENTED_EDGE('',*,*,#21,.F.);
#21 = EDGE_CURVE('',#22,#24,#26,.T.);
#22 = VERTEX_POINT('',#23);
#23 = CARTESIAN_POINT('',(100.,15.,0.));
#24 = VERTEX_POINT('',#25);
#25 = CARTESIAN_POINT('',(108.80384757729,15.,0.));
#26 = LINE('',#27,#28);
#27 = CARTESIAN_POINT('',(3.,15.,0.));
#28 = VECTOR('',#29,1.);
#29 = DIRECTION('',(1.,0.,0.));
#30 = ORIENTED_EDGE('',*,*,#31,.F.);
#31 = EDGE_CURVE('',#32,#22,#34,.T.);
#32 = VERTEX_POINT('',#33);
#33 = CARTESIAN_POINT('',(100.,15.,4.));
#34 = LINE('',#35,#36);
#35 = CARTESIAN_POINT('',(100.,15.,0.));
#36 = VECTOR('',#37,1.);
#37 = DIRECTION('',(0.,0.,-1.));
#38 = ORIENTED_EDGE('',*,*,#39,.T.);
#39 = EDGE_CURVE('',#32,#40,#42,.T.);
#40 = VERTEX_POINT('',#41);
#41 = CARTESIAN_POINT('',(108.80384757729,15.,4.));
#42 = LINE('',#43,#44);
#43 = CARTESIAN_POINT('',(3.,15.,4.));
#44 = VECTOR('',#45,1.);
#45 = DIRECTION('',(1.,0.,0.));
#46 = ORIENTED_EDGE('',*,*,#47,.F.);
#47 = EDGE_CURVE('',#24,#40,#48,.T.);
#48 = LINE('',#49,#50);
#49 = CARTESIAN_POINT('',(108.80384757729,15.,0.));
#50 = VECTOR('',#51,1.);
#51 = DIRECTION('',(0.,0.,1.));
#52 = PLANE('',#53);
#53 = AXIS2_PLACEMENT_3D('',#54,#55,#56);
#54 = CARTESIAN_POINT('',(3.,15.,0.));
#55 = DIRECTION('',(0.,1.,0.));
#56 = DIRECTION('',(0.,0.,1.));
#57 = ADVANCED_FACE('',(#58,#169,#180,#191,#202,#236),#247,.T.);
#58 = FACE_BOUND('',#59,.T.);
#59 = EDGE_LOOP('',(#60,#71,#79,#87,#95,#104,#112,#121,#128,#129,#137,
    #145,#154,#163));
#60 = ORIENTED_EDGE('',*,*,#61,.F.);
#61 = EDGE_CURVE('',#62,#64,#66,.T.);
#62 = VERTEX_POINT('',#63);
#63 = CARTESIAN_POINT('',(11.196152422707,-15.,0.));
#64 = VERTEX_POINT('',#65);
#65 = CARTESIAN_POINT('',(11.196152422707,-21.,0.));
#66 = CIRCLE('',#67,6.);
#67 = AXIS2_PLACEMENT_3D('',#68,#69,#70);
#68 = CARTESIAN_POINT('',(6.,-18.,0.));
#69 = DIRECTION('',(0.,0.,1.));
#70 = DIRECTION('',(1.,0.,0.));
#71 = ORIENTED_EDGE('',*,*,#72,.T.);
#72 = EDGE_CURVE('',#62,#73,#75,.T.);
#73 = VERTEX_POINT('',#74);
#74 = CARTESIAN_POINT('',(13.7,-15.,0.));
#75 = LINE('',#76,#77);
#76 = CARTESIAN_POINT('',(3.,-15.,0.));
#77 = VECTOR('',#78,1.);
#78 = DIRECTION('',(1.,0.,0.));
#79 = ORIENTED_EDGE('',*,*,#80,.T.);
#80 = EDGE_CURVE('',#73,#81,#83,.T.);
#81 = VERTEX_POINT('',#82);
#82 = CARTESIAN_POINT('',(13.7,15.,0.));
#83 = LINE('',#84,#85);
#84 = CARTESIAN_POINT('',(13.7,-18.,0.));
#85 = VECTOR('',#86,1.);
#86 = DIRECTION('',(0.,1.,0.));
#87 = ORIENTED_EDGE('',*,*,#88,.F.);
#88 = EDGE_CURVE('',#89,#81,#91,.T.);
#89 = VERTEX_POINT('',#90);
#90 = CARTESIAN_POINT('',(11.196152422707,15.,0.));
#91 = LINE('',#92,#93);
#92 = CARTESIAN_POINT('',(3.,15.,0.));
#93 = VECTOR('',#94,1.);
#94 = DIRECTION('',(1.,0.,0.));
#95 = ORIENTED_EDGE('',*,*,#96,.F.);
#96 = EDGE_CURVE('',#97,#89,#99,.T.);
#97 = VERTEX_POINT('',#98);
#98 = CARTESIAN_POINT('',(11.196152422707,21.,0.));
#99 = CIRCLE('',#100,6.);
#100 = AXIS2_PLACEMENT_3D('',#101,#102,#103);
#101 = CARTESIAN_POINT('',(6.,18.,0.));
#102 = DIRECTION('',(0.,0.,1.));
#103 = DIRECTION('',(1.,0.,0.));
#104 = ORIENTED_EDGE('',*,*,#105,.T.);
#105 = EDGE_CURVE('',#97,#106,#108,.T.);
#106 = VERTEX_POINT('',#107);
#107 = CARTESIAN_POINT('',(108.80384757729,21.,0.));
#108 = LINE('',#109,#110);
#109 = CARTESIAN_POINT('',(3.,21.,0.));
#110 = VECTOR('',#111,1.);
#111 = DIRECTION('',(1.,0.,0.));
#112 = ORIENTED_EDGE('',*,*,#113,.F.);
#113 = EDGE_CURVE('',#114,#106,#116,.T.);
#114 = VERTEX_POINT('',#115);
#115 = CARTESIAN_POINT('',(120.,18.,0.));
#116 = CIRCLE('',#117,6.);
#117 = AXIS2_PLACEMENT_3D('',#118,#119,#120);
#118 = CARTESIAN_POINT('',(114.,18.,0.));
#119 = DIRECTION('',(0.,0.,1.));
#120 = DIRECTION('',(1.,0.,0.));
#121 = ORIENTED_EDGE('',*,*,#122,.F.);
#122 = EDGE_CURVE('',#24,#114,#123,.T.);
#123 = CIRCLE('',#124,6.);
#124 = AXIS2_PLACEMENT_3D('',#125,#126,#127);
#125 = CARTESIAN_POINT('',(114.,18.,0.));
#126 = DIRECTION('',(0.,0.,1.));
#127 = DIRECTION('',(1.,0.,0.));
#128 = ORIENTED_EDGE('',*,*,#21,.F.);
#129 = ORIENTED_EDGE('',*,*,#130,.F.);
#130 = EDGE_CURVE('',#131,#22,#133,.T.);
#131 = VERTEX_POINT('',#132);
#132 = CARTESIAN_POINT('',(100.,-15.,0.));
#133 = LINE('',#134,#135);
#134 = CARTESIAN_POINT('',(100.,-18.,0.));
#135 = VECTOR('',#136,1.);
#136 = DIRECTION('',(0.,1.,0.));
#137 = ORIENTED_EDGE('',*,*,#138,.T.);
#138 = EDGE_CURVE('',#131,#139,#141,.T.);
#139 = VERTEX_POINT('',#140);
#140 = CARTESIAN_POINT('',(108.80384757729,-15.,0.));
#141 = LINE('',#142,#143);
#142 = CARTESIAN_POINT('',(3.,-15.,0.));
#143 = VECTOR('',#144,1.);
#144 = DIRECTION('',(1.,0.,0.));
#145 = ORIENTED_EDGE('',*,*,#146,.F.);
#146 = EDGE_CURVE('',#147,#139,#149,.T.);
#147 = VERTEX_POINT('',#148);
#148 = CARTESIAN_POINT('',(120.,-18.,0.));
#149 = CIRCLE('',#150,6.);
#150 = AXIS2_PLACEMENT_3D('',#151,#152,#153);
#151 = CARTESIAN_POINT('',(114.,-18.,0.));
#152 = DIRECTION('',(0.,0.,1.));
#153 = DIRECTION('',(1.,0.,0.));
#154 = ORIENTED_EDGE('',*,*,#155,.F.);
#155 = EDGE_CURVE('',#156,#147,#158,.T.);
#156 = VERTEX_POINT('',#157);
#157 = CARTESIAN_POINT('',(108.80384757729,-21.,0.));
#158 = CIRCLE('',#159,6.);
#159 = AXIS2_PLACEMENT_3D('',#160,#161,#162);
#160 = CARTESIAN_POINT('',(114.,-18.,0.));
#161 = DIRECTION('',(0.,0.,1.));
#162 = DIRECTION('',(1.,0.,0.));
#163 = ORIENTED_EDGE('',*,*,#164,.F.);
#164 = EDGE_CURVE('',#64,#156,#165,.T.);
#165 = LINE('',#166,#167);
#166 = CARTESIAN_POINT('',(3.,-21.,0.));
#167 = VECTOR('',#168,1.);
#168 = DIRECTION('',(1.,0.,0.));
#169 = FACE_BOUND('',#170,.T.);
#170 = EDGE_LOOP('',(#171));
#171 = ORIENTED_EDGE('',*,*,#172,.T.);
#172 = EDGE_CURVE('',#173,#173,#175,.T.);
#173 = VERTEX_POINT('',#174);
#174 = CARTESIAN_POINT('',(116.25,-18.,0.));
#175 = CIRCLE('',#176,2.25);
#176 = AXIS2_PLACEMENT_3D('',#177,#178,#179);
#177 = CARTESIAN_POINT('',(114.,-18.,0.));
#178 = DIRECTION('',(0.,0.,1.));
#179 = DIRECTION('',(1.,0.,0.));
#180 = FACE_BOUND('',#181,.T.);
#181 = EDGE_LOOP('',(#182));
#182 = ORIENTED_EDGE('',*,*,#183,.T.);
#183 = EDGE_CURVE('',#184,#184,#186,.T.);
#184 = VERTEX_POINT('',#185);
#185 = CARTESIAN_POINT('',(8.25,-18.,0.));
#186 = CIRCLE('',#187,2.25);
#187 = AXIS2_PLACEMENT_3D('',#188,#189,#190);
#188 = CARTESIAN_POINT('',(6.,-18.,0.));
#189 = DIRECTION('',(0.,0.,1.));
#190 = DIRECTION('',(1.,0.,0.));
#191 = FACE_BOUND('',#192,.T.);
#192 = EDGE_LOOP('',(#193));
#193 = ORIENTED_EDGE('',*,*,#194,.T.);
#194 = EDGE_CURVE('',#195,#195,#197,.T.);
#195 = VERTEX_POINT('',#196);
#196 = CARTESIAN_POINT('',(116.25,18.,0.));
#197 = CIRCLE('',#198,2.25);
#198 = AXIS2_PLACEMENT_3D('',#199,#200,#201);
#199 = CARTESIAN_POINT('',(114.,18.,0.));
#200 = DIRECTION('',(0.,0.,1.));
#201 = DIRECTION('',(1.,0.,0.));
#202 = FACE_BOUND('',#203,.T.);
#203 = EDGE_LOOP('',(#204,#214,#222,#230));
#204 = ORIENTED_EDGE('',*,*,#205,.T.);
#205 = EDGE_CURVE('',#206,#208,#210,.T.);
#206 = VERTEX_POINT('',#207);
#207 = CARTESIAN_POINT('',(22.,-15.,0.));
#208 = VERTEX_POINT('',#209);
#209 = CARTESIAN_POINT('',(91.,-15.,0.));
#210 = LINE('',#211,#212);
#211 = CARTESIAN_POINT('',(3.,-15.,0.));
#212 = VECTOR('',#213,1.);
#213 = DIRECTION('',(1.,0.,0.));
#214 = ORIENTED_EDGE('',*,*,#215,.T.);
#215 = EDGE_CURVE('',#208,#216,#218,.T.);
#216 = VERTEX_POINT('',#217);
#217 = CARTESIAN_POINT('',(91.,15.,0.));
#218 = LINE('',#219,#220);
#219 = CARTESIAN_POINT('',(91.,-18.,0.));
#220 = VECTOR('',#221,1.);
#221 = DIRECTION('',(0.,1.,0.));
#222 = ORIENTED_EDGE('',*,*,#223,.F.);
#223 = EDGE_CURVE('',#224,#216,#226,.T.);
#224 = VERTEX_POINT('',#225);
#225 = CARTESIAN_POINT('',(22.,15.,0.));
#226 = LINE('',#227,#228);
#227 = CARTESIAN_POINT('',(3.,15.,0.));
#228 = VECTOR('',#229,1.);
#229 = DIRECTION('',(1.,0.,0.));
#230 = ORIENTED_EDGE('',*,*,#231,.F.);
#231 = EDGE_CURVE('',#206,#224,#232,.T.);
#232 = LINE('',#233,#234);
#233 = CARTESIAN_POINT('',(22.,-18.,0.));
#234 = VECTOR('',#235,1.);
#235 = DIRECTION('',(0.,1.,0.));
#236 = FACE_BOUND('',#237,.T.);
#237 = EDGE_LOOP('',(#238));
#238 = ORIENTED_EDGE('',*,*,#239,.T.);
#239 = EDGE_CURVE('',#240,#240,#242,.T.);
#240 = VERTEX_POINT('',#241);
#241 = CARTESIAN_POINT('',(8.25,18.,0.));
#242 = CIRCLE('',#243,2.25);
#243 = AXIS2_PLACEMENT_3D('',#244,#245,#246);
#244 = CARTESIAN_POINT('',(6.,18.,0.));
#245 = DIRECTION('',(0.,0.,1.));
#246 = DIRECTION('',(1.,0.,0.));
#247 = PLANE('',#248);
#248 = AXIS2_PLACEMENT_3D('',#249,#250,#251);
#249 = CARTESIAN_POINT('',(61.73054299186,-2.309282323634E-15,0.));
#250 = DIRECTION('',(-0.,-0.,-1.));
#251 = DIRECTION('',(-1.,0.,0.));
#252 = ADVANCED_FACE('',(#253),#282,.T.);
#253 = FACE_BOUND('',#254,.T.);
#254 = EDGE_LOOP('',(#255,#264,#265,#266,#267,#275));
#255 = ORIENTED_EDGE('',*,*,#256,.F.);
#256 = EDGE_CURVE('',#40,#257,#259,.T.);
#257 = VERTEX_POINT('',#258);
#258 = CARTESIAN_POINT('',(120.,18.,4.));
#259 = CIRCLE('',#260,6.);
#260 = AXIS2_PLACEMENT_3D('',#261,#262,#263);
#261 = CARTESIAN_POINT('',(114.,18.,4.));
#262 = DIRECTION('',(0.,0.,1.));
#263 = DIRECTION('',(1.,0.,0.));
#264 = ORIENTED_EDGE('',*,*,#47,.F.);
#265 = ORIENTED_EDGE('',*,*,#122,.T.);
#266 = ORIENTED_EDGE('',*,*,#113,.T.);
#267 = ORIENTED_EDGE('',*,*,#268,.T.);
#268 = EDGE_CURVE('',#106,#269,#271,.T.);
#269 = VERTEX_POINT('',#270);
#270 = CARTESIAN_POINT('',(108.80384757729,21.,4.));
#271 = LINE('',#272,#273);
#272 = CARTESIAN_POINT('',(108.80384757729,21.,0.));
#273 = VECTOR('',#274,1.);
#274 = DIRECTION('',(0.,0.,1.));
#275 = ORIENTED_EDGE('',*,*,#276,.F.);
#276 = EDGE_CURVE('',#257,#269,#277,.T.);
#277 = CIRCLE('',#278,6.);
#278 = AXIS2_PLACEMENT_3D('',#279,#280,#281);
#279 = CARTESIAN_POINT('',(114.,18.,4.));
#280 = DIRECTION('',(0.,0.,1.));
#281 = DIRECTION('',(1.,0.,0.));
#282 = CYLINDRICAL_SURFACE('',#283,6.);
#283 = AXIS2_PLACEMENT_3D('',#284,#285,#286);
#284 = CARTESIAN_POINT('',(114.,18.,0.));
#285 = DIRECTION('',(0.,0.,1.));
#286 = DIRECTION('',(1.,0.,0.));
#287 = ADVANCED_FACE('',(#288,#307),#318,.T.);
#288 = FACE_BOUND('',#289,.T.);
#289 = EDGE_LOOP('',(#290,#291,#292,#293,#301));
#290 = ORIENTED_EDGE('',*,*,#39,.T.);
#291 = ORIENTED_EDGE('',*,*,#256,.T.);
#292 = ORIENTED_EDGE('',*,*,#276,.T.);
#293 = ORIENTED_EDGE('',*,*,#294,.F.);
#294 = EDGE_CURVE('',#295,#269,#297,.T.);
#295 = VERTEX_POINT('',#296);
#296 = CARTESIAN_POINT('',(100.,21.,4.));
#297 = LINE('',#298,#299);
#298 = CARTESIAN_POINT('',(3.,21.,4.));
#299 = VECTOR('',#300,1.);
#300 = DIRECTION('',(1.,0.,0.));
#301 = ORIENTED_EDGE('',*,*,#302,.F.);
#302 = EDGE_CURVE('',#32,#295,#303,.T.);
#303 = LINE('',#304,#305);
#304 = CARTESIAN_POINT('',(100.,7.561279118489,4.));
#305 = VECTOR('',#306,1.);
#306 = DIRECTION('',(0.,1.,0.));
#307 = FACE_BOUND('',#308,.T.);
#308 = EDGE_LOOP('',(#309));
#309 = ORIENTED_EDGE('',*,*,#310,.F.);
#310 = EDGE_CURVE('',#311,#311,#313,.T.);
#311 = VERTEX_POINT('',#312);
#312 = CARTESIAN_POINT('',(116.25,18.,4.));
#313 = CIRCLE('',#314,2.25);
#314 = AXIS2_PLACEMENT_3D('',#315,#316,#317);
#315 = CARTESIAN_POINT('',(114.,18.,4.));
#316 = DIRECTION('',(0.,0.,1.));
#317 = DIRECTION('',(1.,0.,0.));
#318 = PLANE('',#319);
#319 = AXIS2_PLACEMENT_3D('',#320,#321,#322);
#320 = CARTESIAN_POINT('',(109.92175469621,18.,4.));
#321 = DIRECTION('',(0.,0.,1.));
#322 = DIRECTION('',(1.,0.,0.));
#323 = ADVANCED_FACE('',(#324,#488,#499,#552,#563),#574,.T.);
#324 = FACE_BOUND('',#325,.T.);
#325 = EDGE_LOOP('',(#326,#336,#345,#354,#362,#371,#379,#388,#396,#405,
    #413,#422,#430,#438,#444,#445,#446,#447,#455,#464,#473,#481));
#326 = ORIENTED_EDGE('',*,*,#327,.F.);
#327 = EDGE_CURVE('',#328,#330,#332,.T.);
#328 = VERTEX_POINT('',#329);
#329 = CARTESIAN_POINT('',(100.,18.,24.));
#330 = VERTEX_POINT('',#331);
#331 = CARTESIAN_POINT('',(100.,10.392304845413,24.));
#332 = LINE('',#333,#334);
#333 = CARTESIAN_POINT('',(100.,18.,24.));
#334 = VECTOR('',#335,1.);
#335 = DIRECTION('',(0.,-1.,0.));
#336 = ORIENTED_EDGE('',*,*,#337,.T.);
#337 = EDGE_CURVE('',#328,#338,#340,.T.);
#338 = VERTEX_POINT('',#339);
#339 = CARTESIAN_POINT('',(100.,24.,30.));
#340 = CIRCLE('',#341,6.);
#341 = AXIS2_PLACEMENT_3D('',#342,#343,#344);
#342 = CARTESIAN_POINT('',(100.,18.,30.));
#343 = DIRECTION('',(1.,0.,0.));
#344 = DIRECTION('',(0.,1.,0.));
#345 = ORIENTED_EDGE('',*,*,#346,.T.);
#346 = EDGE_CURVE('',#338,#347,#349,.T.);
#347 = VERTEX_POINT('',#348);
#348 = CARTESIAN_POINT('',(100.,18.,36.));
#349 = CIRCLE('',#350,6.);
#350 = AXIS2_PLACEMENT_3D('',#351,#352,#353);
#351 = CARTESIAN_POINT('',(100.,18.,30.));
#352 = DIRECTION('',(1.,0.,0.));
#353 = DIRECTION('',(0.,1.,0.));
#354 = ORIENTED_EDGE('',*,*,#355,.F.);
#355 = EDGE_CURVE('',#356,#347,#358,.T.);
#356 = VERTEX_POINT('',#357);
#357 = CARTESIAN_POINT('',(100.,10.392304845413,36.));
#358 = LINE('',#359,#360);
#359 = CARTESIAN_POINT('',(100.,-18.,36.));
#360 = VECTOR('',#361,1.);
#361 = DIRECTION('',(0.,1.,0.));
#362 = ORIENTED_EDGE('',*,*,#363,.T.);
#363 = EDGE_CURVE('',#356,#364,#366,.T.);
#364 = VERTEX_POINT('',#365);
#365 = CARTESIAN_POINT('',(100.,-10.39230484541,36.));
#366 = CIRCLE('',#367,12.);
#367 = AXIS2_PLACEMENT_3D('',#368,#369,#370);
#368 = CARTESIAN_POINT('',(100.,0.,30.));
#369 = DIRECTION('',(1.,0.,0.));
#370 = DIRECTION('',(0.,1.,0.));
#371 = ORIENTED_EDGE('',*,*,#372,.F.);
#372 = EDGE_CURVE('',#373,#364,#375,.T.);
#373 = VERTEX_POINT('',#374);
#374 = CARTESIAN_POINT('',(100.,-18.,36.));
#375 = LINE('',#376,#377);
#376 = CARTESIAN_POINT('',(100.,-18.,36.));
#377 = VECTOR('',#378,1.);
#378 = DIRECTION('',(0.,1.,0.));
#379 = ORIENTED_EDGE('',*,*,#380,.T.);
#380 = EDGE_CURVE('',#373,#381,#383,.T.);
#381 = VERTEX_POINT('',#382);
#382 = CARTESIAN_POINT('',(100.,-18.,24.));
#383 = CIRCLE('',#384,6.);
#384 = AXIS2_PLACEMENT_3D('',#385,#386,#387);
#385 = CARTESIAN_POINT('',(100.,-18.,30.));
#386 = DIRECTION('',(1.,0.,0.));
#387 = DIRECTION('',(0.,1.,0.));
#388 = ORIENTED_EDGE('',*,*,#389,.F.);
#389 = EDGE_CURVE('',#390,#381,#392,.T.);
#390 = VERTEX_POINT('',#391);
#391 = CARTESIAN_POINT('',(100.,-10.39230484541,24.));
#392 = LINE('',#393,#394);
#393 = CARTESIAN_POINT('',(100.,18.,24.));
#394 = VECTOR('',#395,1.);
#395 = DIRECTION('',(0.,-1.,0.));
#396 = ORIENTED_EDGE('',*,*,#397,.T.);
#397 = EDGE_CURVE('',#390,#398,#400,.T.);
#398 = VERTEX_POINT('',#399);
#399 = CARTESIAN_POINT('',(100.,-9.241257029991,22.344990626678));
#400 = CIRCLE('',#401,12.);
#401 = AXIS2_PLACEMENT_3D('',#402,#403,#404);
#402 = CARTESIAN_POINT('',(100.,0.,30.));
#403 = DIRECTION('',(1.,0.,0.));
#404 = DIRECTION('',(0.,1.,0.));
#405 = ORIENTED_EDGE('',*,*,#406,.F.);
#406 = EDGE_CURVE('',#407,#398,#409,.T.);
#407 = VERTEX_POINT('',#408);
#408 = CARTESIAN_POINT('',(100.,-21.2,6.4));
#409 = LINE('',#410,#411);
#410 = CARTESIAN_POINT('',(100.,-21.2,6.4));
#411 = VECTOR('',#412,1.);
#412 = DIRECTION('',(0.,0.6,0.8));
#413 = ORIENTED_EDGE('',*,*,#414,.T.);
#414 = EDGE_CURVE('',#407,#415,#417,.T.);
#415 = VERTEX_POINT('',#416);
#416 = CARTESIAN_POINT('',(100.,-21.,1.354248688935));
#417 = CIRCLE('',#418,4.);
#418 = AXIS2_PLACEMENT_3D('',#419,#420,#421);
#419 = CARTESIAN_POINT('',(100.,-18.,4.));
#420 = DIRECTION('',(1.,0.,0.));
#421 = DIRECTION('',(0.,1.,0.));
#422 = ORIENTED_EDGE('',*,*,#423,.F.);
#423 = EDGE_CURVE('',#424,#415,#426,.T.);
#424 = VERTEX_POINT('',#425);
#425 = CARTESIAN_POINT('',(100.,-21.,4.));
#426 = LINE('',#427,#428);
#427 = CARTESIAN_POINT('',(100.,-21.,10.188205867336));
#428 = VECTOR('',#429,1.);
#429 = DIRECTION('',(0.,0.,-1.));
#430 = ORIENTED_EDGE('',*,*,#431,.T.);
#431 = EDGE_CURVE('',#424,#432,#434,.T.);
#432 = VERTEX_POINT('',#433);
#433 = CARTESIAN_POINT('',(100.,-15.,4.));
#434 = LINE('',#435,#436);
#435 = CARTESIAN_POINT('',(100.,-18.,4.));
#436 = VECTOR('',#437,1.);
#437 = DIRECTION('',(0.,1.,0.));
#438 = ORIENTED_EDGE('',*,*,#439,.T.);
#439 = EDGE_CURVE('',#432,#131,#440,.T.);
#440 = LINE('',#441,#442);
#441 = CARTESIAN_POINT('',(100.,-15.,0.));
#442 = VECTOR('',#443,1.);
#443 = DIRECTION('',(0.,0.,-1.));
#444 = ORIENTED_EDGE('',*,*,#130,.T.);
#445 = ORIENTED_EDGE('',*,*,#31,.F.);
#446 = ORIENTED_EDGE('',*,*,#302,.T.);
#447 = ORIENTED_EDGE('',*,*,#448,.T.);
#448 = EDGE_CURVE('',#295,#449,#451,.T.);
#449 = VERTEX_POINT('',#450);
#450 = CARTESIAN_POINT('',(100.,21.,1.354248688935));
#451 = LINE('',#452,#453);
#452 = CARTESIAN_POINT('',(100.,21.,10.188205867336));
#453 = VECTOR('',#454,1.);
#454 = DIRECTION('',(0.,0.,-1.));
#455 = ORIENTED_EDGE('',*,*,#456,.T.);
#456 = EDGE_CURVE('',#449,#457,#459,.T.);
#457 = VERTEX_POINT('',#458);
#458 = CARTESIAN_POINT('',(100.,22.,4.));
#459 = CIRCLE('',#460,4.);
#460 = AXIS2_PLACEMENT_3D('',#461,#462,#463);
#461 = CARTESIAN_POINT('',(100.,18.,4.));
#462 = DIRECTION('',(1.,0.,0.));
#463 = DIRECTION('',(0.,1.,0.));
#464 = ORIENTED_EDGE('',*,*,#465,.T.);
#465 = EDGE_CURVE('',#457,#466,#468,.T.);
#466 = VERTEX_POINT('',#467);
#467 = CARTESIAN_POINT('',(100.,21.2,6.4));
#468 = CIRCLE('',#469,4.);
#469 = AXIS2_PLACEMENT_3D('',#470,#471,#472);
#470 = CARTESIAN_POINT('',(100.,18.,4.));
#471 = DIRECTION('',(1.,0.,0.));
#472 = DIRECTION('',(0.,1.,0.));
#473 = ORIENTED_EDGE('',*,*,#474,.F.);
#474 = EDGE_CURVE('',#475,#466,#477,.T.);
#475 = VERTEX_POINT('',#476);
#476 = CARTESIAN_POINT('',(100.,9.241257029991,22.344990626678));
#477 = LINE('',#478,#479);
#478 = CARTESIAN_POINT('',(100.,9.2,22.4));
#479 = VECTOR('',#480,1.);
#480 = DIRECTION('',(0.,0.6,-0.8));
#481 = ORIENTED_EDGE('',*,*,#482,.T.);
#482 = EDGE_CURVE('',#475,#330,#483,.T.);
#483 = CIRCLE('',#484,12.);
#484 = AXIS2_PLACEMENT_3D('',#485,#486,#487);
#485 = CARTESIAN_POINT('',(100.,0.,30.));
#486 = DIRECTION('',(1.,0.,0.));
#487 = DIRECTION('',(0.,1.,0.));
#488 = FACE_BOUND('',#489,.T.);
#489 = EDGE_LOOP('',(#490));
#490 = ORIENTED_EDGE('',*,*,#491,.F.);
#491 = EDGE_CURVE('',#492,#492,#494,.T.);
#492 = VERTEX_POINT('',#493);
#493 = CARTESIAN_POINT('',(100.,18.,32.25));
#494 = CIRCLE('',#495,2.25);
#495 = AXIS2_PLACEMENT_3D('',#496,#497,#498);
#496 = CARTESIAN_POINT('',(100.,18.,30.));
#497 = DIRECTION('',(1.,0.,-0.));
#498 = DIRECTION('',(0.,0.,1.));
#499 = FACE_BOUND('',#500,.T.);
#500 = EDGE_LOOP('',(#501,#511,#519,#527,#536,#545));
#501 = ORIENTED_EDGE('',*,*,#502,.F.);
#502 = EDGE_CURVE('',#503,#505,#507,.T.);
#503 = VERTEX_POINT('',#504);
#504 = CARTESIAN_POINT('',(100.,13.,4.));
#505 = VERTEX_POINT('',#506);
#506 = CARTESIAN_POINT('',(100.,2.8,17.6));
#507 = LINE('',#508,#509);
#508 = CARTESIAN_POINT('',(100.,14.8,1.6));
#509 = VECTOR('',#510,1.);
#510 = DIRECTION('',(0.,-0.6,0.8));
#511 = ORIENTED_EDGE('',*,*,#512,.F.);
#512 = EDGE_CURVE('',#513,#503,#515,.T.);
#513 = VERTEX_POINT('',#514);
#514 = CARTESIAN_POINT('',(100.,-13.,4.));
#515 = LINE('',#516,#517);
#516 = CARTESIAN_POINT('',(100.,-18.,4.));
#517 = VECTOR('',#518,1.);
#518 = DIRECTION('',(0.,1.,0.));
#519 = ORIENTED_EDGE('',*,*,#520,.F.);
#520 = EDGE_CURVE('',#521,#513,#523,.T.);
#521 = VERTEX_POINT('',#522);
#522 = CARTESIAN_POINT('',(100.,-2.8,17.6));
#523 = LINE('',#524,#525);
#524 = CARTESIAN_POINT('',(100.,-2.8,17.6));
#525 = VECTOR('',#526,1.);
#526 = DIRECTION('',(0.,-0.6,-0.8));
#527 = ORIENTED_EDGE('',*,*,#528,.T.);
#528 = EDGE_CURVE('',#521,#529,#531,.T.);
#529 = VERTEX_POINT('',#530);
#530 = CARTESIAN_POINT('',(100.,-2.406191165111,18.243714699067));
#531 = CIRCLE('',#532,4.);
#532 = AXIS2_PLACEMENT_3D('',#533,#534,#535);
#533 = CARTESIAN_POINT('',(100.,-6.,20.));
#534 = DIRECTION('',(1.,0.,0.));
#535 = DIRECTION('',(0.,1.,0.));
#536 = ORIENTED_EDGE('',*,*,#537,.T.);
#537 = EDGE_CURVE('',#529,#538,#540,.T.);
#538 = VERTEX_POINT('',#539);
#539 = CARTESIAN_POINT('',(100.,2.406191165111,18.243714699067));
#540 = CIRCLE('',#541,12.);
#541 = AXIS2_PLACEMENT_3D('',#542,#543,#544);
#542 = CARTESIAN_POINT('',(100.,0.,30.));
#543 = DIRECTION('',(1.,0.,0.));
#544 = DIRECTION('',(0.,1.,0.));
#545 = ORIENTED_EDGE('',*,*,#546,.T.);
#546 = EDGE_CURVE('',#538,#505,#547,.T.);
#547 = CIRCLE('',#548,4.);
#548 = AXIS2_PLACEMENT_3D('',#549,#550,#551);
#549 = CARTESIAN_POINT('',(100.,6.,20.));
#550 = DIRECTION('',(1.,0.,0.));
#551 = DIRECTION('',(0.,1.,0.));
#552 = FACE_BOUND('',#553,.T.);
#553 = EDGE_LOOP('',(#554));
#554 = ORIENTED_EDGE('',*,*,#555,.F.);
#555 = EDGE_CURVE('',#556,#556,#558,.T.);
#556 = VERTEX_POINT('',#557);
#557 = CARTESIAN_POINT('',(100.,1.861463134704E-15,37.6));
#558 = CIRCLE('',#559,7.6);
#559 = AXIS2_PLACEMENT_3D('',#560,#561,#562);
#560 = CARTESIAN_POINT('',(100.,0.,30.));
#561 = DIRECTION('',(1.,0.,-0.));
#562 = DIRECTION('',(0.,0.,1.));
#563 = FACE_BOUND('',#564,.T.);
#564 = EDGE_LOOP('',(#565));
#565 = ORIENTED_EDGE('',*,*,#566,.F.);
#566 = EDGE_CURVE('',#567,#567,#569,.T.);
#567 = VERTEX_POINT('',#568);
#568 = CARTESIAN_POINT('',(100.,-18.,32.25));
#569 = CIRCLE('',#570,2.25);
#570 = AXIS2_PLACEMENT_3D('',#571,#572,#573);
#571 = CARTESIAN_POINT('',(100.,-18.,30.));
#572 = DIRECTION('',(1.,0.,-0.));
#573 = DIRECTION('',(0.,0.,1.));
#574 = PLANE('',#575);
#575 = AXIS2_PLACEMENT_3D('',#576,#577,#578);
#576 = CARTESIAN_POINT('',(100.,9.737099920819E-02,18.69413746397));
#577 = DIRECTION('',(1.,0.,0.));
#578 = DIRECTION('',(0.,0.,1.));
#579 = ADVANCED_FACE('',(#580),#606,.T.);
#580 = FACE_BOUND('',#581,.T.);
#581 = EDGE_LOOP('',(#582,#593,#599,#600));
#582 = ORIENTED_EDGE('',*,*,#583,.F.);
#583 = EDGE_CURVE('',#584,#586,#588,.T.);
#584 = VERTEX_POINT('',#585);
#585 = CARTESIAN_POINT('',(11.196152422707,-15.,4.));
#586 = VERTEX_POINT('',#587);
#587 = CARTESIAN_POINT('',(11.196152422707,-21.,4.));
#588 = CIRCLE('',#589,6.);
#589 = AXIS2_PLACEMENT_3D('',#590,#591,#592);
#590 = CARTESIAN_POINT('',(6.,-18.,4.));
#591 = DIRECTION('',(0.,0.,1.));
#592 = DIRECTION('',(1.,0.,0.));
#593 = ORIENTED_EDGE('',*,*,#594,.F.);
#594 = EDGE_CURVE('',#62,#584,#595,.T.);
#595 = LINE('',#596,#597);
#596 = CARTESIAN_POINT('',(11.196152422707,-15.,0.));
#597 = VECTOR('',#598,1.);
#598 = DIRECTION('',(0.,0.,1.));
#599 = ORIENTED_EDGE('',*,*,#61,.T.);
#600 = ORIENTED_EDGE('',*,*,#601,.T.);
#601 = EDGE_CURVE('',#64,#586,#602,.T.);
#602 = LINE('',#603,#604);
#603 = CARTESIAN_POINT('',(11.196152422707,-21.,0.));
#604 = VECTOR('',#605,1.);
#605 = DIRECTION('',(0.,0.,1.));
#606 = CYLINDRICAL_SURFACE('',#607,6.);
#607 = AXIS2_PLACEMENT_3D('',#608,#609,#610);
#608 = CARTESIAN_POINT('',(6.,-18.,0.));
#609 = DIRECTION('',(0.,0.,1.));
#610 = DIRECTION('',(1.,0.,0.));
#611 = ADVANCED_FACE('',(#612),#630,.T.);
#612 = FACE_BOUND('',#613,.T.);
#613 = EDGE_LOOP('',(#614,#615,#616,#624));
#614 = ORIENTED_EDGE('',*,*,#72,.F.);
#615 = ORIENTED_EDGE('',*,*,#594,.T.);
#616 = ORIENTED_EDGE('',*,*,#617,.T.);
#617 = EDGE_CURVE('',#584,#618,#620,.T.);
#618 = VERTEX_POINT('',#619);
#619 = CARTESIAN_POINT('',(13.7,-15.,4.));
#620 = LINE('',#621,#622);
#621 = CARTESIAN_POINT('',(3.,-15.,4.));
#622 = VECTOR('',#623,1.);
#623 = DIRECTION('',(1.,0.,0.));
#624 = ORIENTED_EDGE('',*,*,#625,.T.);
#625 = EDGE_CURVE('',#618,#73,#626,.T.);
#626 = LINE('',#627,#628);
#627 = CARTESIAN_POINT('',(13.7,-15.,0.));
#628 = VECTOR('',#629,1.);
#629 = DIRECTION('',(0.,0.,-1.));
#630 = PLANE('',#631);
#631 = AXIS2_PLACEMENT_3D('',#632,#633,#634);
#632 = CARTESIAN_POINT('',(3.,-15.,0.));
#633 = DIRECTION('',(0.,1.,0.));
#634 = DIRECTION('',(0.,0.,1.));
#635 = ADVANCED_FACE('',(#636),#709,.F.);
#636 = FACE_BOUND('',#637,.F.);
#637 = EDGE_LOOP('',(#638,#639,#640,#648,#656,#664,#672,#680,#688,#694,
    #695,#703));
#638 = ORIENTED_EDGE('',*,*,#164,.F.);
#639 = ORIENTED_EDGE('',*,*,#601,.T.);
#640 = ORIENTED_EDGE('',*,*,#641,.T.);
#641 = EDGE_CURVE('',#586,#642,#644,.T.);
#642 = VERTEX_POINT('',#643);
#643 = CARTESIAN_POINT('',(13.7,-21.,4.));
#644 = LINE('',#645,#646);
#645 = CARTESIAN_POINT('',(3.,-21.,4.));
#646 = VECTOR('',#647,1.);
#647 = DIRECTION('',(1.,0.,0.));
#648 = ORIENTED_EDGE('',*,*,#649,.F.);
#649 = EDGE_CURVE('',#650,#642,#652,.T.);
#650 = VERTEX_POINT('',#651);
#651 = CARTESIAN_POINT('',(13.7,-21.,1.354248688935));
#652 = LINE('',#653,#654);
#653 = CARTESIAN_POINT('',(13.7,-21.,10.188205867336));
#654 = VECTOR('',#655,1.);
#655 = DIRECTION('',(0.,0.,1.));
#656 = ORIENTED_EDGE('',*,*,#657,.T.);
#657 = EDGE_CURVE('',#650,#658,#660,.T.);
#658 = VERTEX_POINT('',#659);
#659 = CARTESIAN_POINT('',(22.,-21.,1.354248688935));
#660 = LINE('',#661,#662);
#661 = CARTESIAN_POINT('',(13.7,-21.,1.354248688935));
#662 = VECTOR('',#663,1.);
#663 = DIRECTION('',(1.,0.,0.));
#664 = ORIENTED_EDGE('',*,*,#665,.F.);
#665 = EDGE_CURVE('',#666,#658,#668,.T.);
#666 = VERTEX_POINT('',#667);
#667 = CARTESIAN_POINT('',(22.,-21.,4.));
#668 = LINE('',#669,#670);
#669 = CARTESIAN_POINT('',(22.,-21.,10.188205867336));
#670 = VECTOR('',#671,1.);
#671 = DIRECTION('',(0.,0.,-1.));
#672 = ORIENTED_EDGE('',*,*,#673,.T.);
#673 = EDGE_CURVE('',#666,#674,#676,.T.);
#674 = VERTEX_POINT('',#675);
#675 = CARTESIAN_POINT('',(91.,-21.,4.));
#676 = LINE('',#677,#678);
#677 = CARTESIAN_POINT('',(3.,-21.,4.));
#678 = VECTOR('',#679,1.);
#679 = DIRECTION('',(1.,0.,0.));
#680 = ORIENTED_EDGE('',*,*,#681,.F.);
#681 = EDGE_CURVE('',#682,#674,#684,.T.);
#682 = VERTEX_POINT('',#683);
#683 = CARTESIAN_POINT('',(91.,-21.,1.354248688935));
#684 = LINE('',#685,#686);
#685 = CARTESIAN_POINT('',(91.,-21.,10.188205867336));
#686 = VECTOR('',#687,1.);
#687 = DIRECTION('',(0.,0.,1.));
#688 = ORIENTED_EDGE('',*,*,#689,.T.);
#689 = EDGE_CURVE('',#682,#415,#690,.T.);
#690 = LINE('',#691,#692);
#691 = CARTESIAN_POINT('',(91.,-21.,1.354248688935));
#692 = VECTOR('',#693,1.);
#693 = DIRECTION('',(1.,0.,0.));
#694 = ORIENTED_EDGE('',*,*,#423,.F.);
#695 = ORIENTED_EDGE('',*,*,#696,.T.);
#696 = EDGE_CURVE('',#424,#697,#699,.T.);
#697 = VERTEX_POINT('',#698);
#698 = CARTESIAN_POINT('',(108.80384757729,-21.,4.));
#699 = LINE('',#700,#701);
#700 = CARTESIAN_POINT('',(3.,-21.,4.));
#701 = VECTOR('',#702,1.);
#702 = DIRECTION('',(1.,0.,0.));
#703 = ORIENTED_EDGE('',*,*,#704,.F.);
#704 = EDGE_CURVE('',#156,#697,#705,.T.);
#705 = LINE('',#706,#707);
#706 = CARTESIAN_POINT('',(108.80384757729,-21.,0.));
#707 = VECTOR('',#708,1.);
#708 = DIRECTION('',(0.,0.,1.));
#709 = PLANE('',#710);
#710 = AXIS2_PLACEMENT_3D('',#711,#712,#713);
#711 = CARTESIAN_POINT('',(3.,-21.,0.));
#712 = DIRECTION('',(0.,1.,0.));
#713 = DIRECTION('',(0.,0.,1.));
#714 = ADVANCED_FACE('',(#715,#877,#888,#899,#910),#963,.T.);
#715 = FACE_BOUND('',#716,.T.);
#716 = EDGE_LOOP('',(#717,#728,#736,#745,#753,#762,#771,#779,#787,#793,
    #794,#795,#801,#802,#811,#819,#828,#836,#845,#853,#862,#870));
#717 = ORIENTED_EDGE('',*,*,#718,.F.);
#718 = EDGE_CURVE('',#719,#721,#723,.T.);
#719 = VERTEX_POINT('',#720);
#720 = CARTESIAN_POINT('',(13.7,18.,24.));
#721 = VERTEX_POINT('',#722);
#722 = CARTESIAN_POINT('',(13.7,24.,30.));
#723 = CIRCLE('',#724,6.);
#724 = AXIS2_PLACEMENT_3D('',#725,#726,#727);
#725 = CARTESIAN_POINT('',(13.7,18.,30.));
#726 = DIRECTION('',(1.,0.,0.));
#727 = DIRECTION('',(0.,1.,0.));
#728 = ORIENTED_EDGE('',*,*,#729,.T.);
#729 = EDGE_CURVE('',#719,#730,#732,.T.);
#730 = VERTEX_POINT('',#731);
#731 = CARTESIAN_POINT('',(13.7,10.392304845413,24.));
#732 = LINE('',#733,#734);
#733 = CARTESIAN_POINT('',(13.7,18.,24.));
#734 = VECTOR('',#735,1.);
#735 = DIRECTION('',(0.,-1.,0.));
#736 = ORIENTED_EDGE('',*,*,#737,.F.);
#737 = EDGE_CURVE('',#738,#730,#740,.T.);
#738 = VERTEX_POINT('',#739);
#739 = CARTESIAN_POINT('',(13.7,9.241257029991,22.344990626678));
#740 = CIRCLE('',#741,12.);
#741 = AXIS2_PLACEMENT_3D('',#742,#743,#744);
#742 = CARTESIAN_POINT('',(13.7,0.,30.));
#743 = DIRECTION('',(1.,0.,0.));
#744 = DIRECTION('',(0.,1.,0.));
#745 = ORIENTED_EDGE('',*,*,#746,.T.);
#746 = EDGE_CURVE('',#738,#747,#749,.T.);
#747 = VERTEX_POINT('',#748);
#748 = CARTESIAN_POINT('',(13.7,21.2,6.4));
#749 = LINE('',#750,#751);
#750 = CARTESIAN_POINT('',(13.7,9.2,22.4));
#751 = VECTOR('',#752,1.);
#752 = DIRECTION('',(0.,0.6,-0.8));
#753 = ORIENTED_EDGE('',*,*,#754,.F.);
#754 = EDGE_CURVE('',#755,#747,#757,.T.);
#755 = VERTEX_POINT('',#756);
#756 = CARTESIAN_POINT('',(13.7,22.,4.));
#757 = CIRCLE('',#758,4.);
#758 = AXIS2_PLACEMENT_3D('',#759,#760,#761);
#759 = CARTESIAN_POINT('',(13.7,18.,4.));
#760 = DIRECTION('',(1.,0.,0.));
#761 = DIRECTION('',(0.,1.,0.));
#762 = ORIENTED_EDGE('',*,*,#763,.F.);
#763 = EDGE_CURVE('',#764,#755,#766,.T.);
#764 = VERTEX_POINT('',#765);
#765 = CARTESIAN_POINT('',(13.7,21.,1.354248688935));
#766 = CIRCLE('',#767,4.);
#767 = AXIS2_PLACEMENT_3D('',#768,#769,#770);
#768 = CARTESIAN_POINT('',(13.7,18.,4.));
#769 = DIRECTION('',(1.,0.,0.));
#770 = DIRECTION('',(0.,1.,0.));
#771 = ORIENTED_EDGE('',*,*,#772,.T.);
#772 = EDGE_CURVE('',#764,#773,#775,.T.);
#773 = VERTEX_POINT('',#774);
#774 = CARTESIAN_POINT('',(13.7,21.,4.));
#775 = LINE('',#776,#777);
#776 = CARTESIAN_POINT('',(13.7,21.,10.188205867336));
#777 = VECTOR('',#778,1.);
#778 = DIRECTION('',(0.,0.,1.));
#779 = ORIENTED_EDGE('',*,*,#780,.F.);
#780 = EDGE_CURVE('',#781,#773,#783,.T.);
#781 = VERTEX_POINT('',#782);
#782 = CARTESIAN_POINT('',(13.7,15.,4.));
#783 = LINE('',#784,#785);
#784 = CARTESIAN_POINT('',(13.7,-18.,4.));
#785 = VECTOR('',#786,1.);
#786 = DIRECTION('',(0.,1.,0.));
#787 = ORIENTED_EDGE('',*,*,#788,.T.);
#788 = EDGE_CURVE('',#781,#81,#789,.T.);
#789 = LINE('',#790,#791);
#790 = CARTESIAN_POINT('',(13.7,15.,0.));
#791 = VECTOR('',#792,1.);
#792 = DIRECTION('',(0.,0.,-1.));
#793 = ORIENTED_EDGE('',*,*,#80,.F.);
#794 = ORIENTED_EDGE('',*,*,#625,.F.);
#795 = ORIENTED_EDGE('',*,*,#796,.T.);
#796 = EDGE_CURVE('',#618,#642,#797,.T.);
#797 = LINE('',#798,#799);
#798 = CARTESIAN_POINT('',(13.7,-10.43872088151,4.));
#799 = VECTOR('',#800,1.);
#800 = DIRECTION('',(0.,-1.,0.));
#801 = ORIENTED_EDGE('',*,*,#649,.F.);
#802 = ORIENTED_EDGE('',*,*,#803,.F.);
#803 = EDGE_CURVE('',#804,#650,#806,.T.);
#804 = VERTEX_POINT('',#805);
#805 = CARTESIAN_POINT('',(13.7,-21.2,6.4));
#806 = CIRCLE('',#807,4.);
#807 = AXIS2_PLACEMENT_3D('',#808,#809,#810);
#808 = CARTESIAN_POINT('',(13.7,-18.,4.));
#809 = DIRECTION('',(1.,0.,0.));
#810 = DIRECTION('',(0.,1.,0.));
#811 = ORIENTED_EDGE('',*,*,#812,.T.);
#812 = EDGE_CURVE('',#804,#813,#815,.T.);
#813 = VERTEX_POINT('',#814);
#814 = CARTESIAN_POINT('',(13.7,-9.241257029991,22.344990626678));
#815 = LINE('',#816,#817);
#816 = CARTESIAN_POINT('',(13.7,-21.2,6.4));
#817 = VECTOR('',#818,1.);
#818 = DIRECTION('',(0.,0.6,0.8));
#819 = ORIENTED_EDGE('',*,*,#820,.F.);
#820 = EDGE_CURVE('',#821,#813,#823,.T.);
#821 = VERTEX_POINT('',#822);
#822 = CARTESIAN_POINT('',(13.7,-10.39230484541,24.));
#823 = CIRCLE('',#824,12.);
#824 = AXIS2_PLACEMENT_3D('',#825,#826,#827);
#825 = CARTESIAN_POINT('',(13.7,0.,30.));
#826 = DIRECTION('',(1.,0.,0.));
#827 = DIRECTION('',(0.,1.,0.));
#828 = ORIENTED_EDGE('',*,*,#829,.T.);
#829 = EDGE_CURVE('',#821,#830,#832,.T.);
#830 = VERTEX_POINT('',#831);
#831 = CARTESIAN_POINT('',(13.7,-18.,24.));
#832 = LINE('',#833,#834);
#833 = CARTESIAN_POINT('',(13.7,18.,24.));
#834 = VECTOR('',#835,1.);
#835 = DIRECTION('',(0.,-1.,0.));
#836 = ORIENTED_EDGE('',*,*,#837,.F.);
#837 = EDGE_CURVE('',#838,#830,#840,.T.);
#838 = VERTEX_POINT('',#839);
#839 = CARTESIAN_POINT('',(13.7,-18.,36.));
#840 = CIRCLE('',#841,6.);
#841 = AXIS2_PLACEMENT_3D('',#842,#843,#844);
#842 = CARTESIAN_POINT('',(13.7,-18.,30.));
#843 = DIRECTION('',(1.,0.,0.));
#844 = DIRECTION('',(0.,1.,0.));
#845 = ORIENTED_EDGE('',*,*,#846,.T.);
#846 = EDGE_CURVE('',#838,#847,#849,.T.);
#847 = VERTEX_POINT('',#848);
#848 = CARTESIAN_POINT('',(13.7,-10.39230484541,36.));
#849 = LINE('',#850,#851);
#850 = CARTESIAN_POINT('',(13.7,-18.,36.));
#851 = VECTOR('',#852,1.);
#852 = DIRECTION('',(0.,1.,0.));
#853 = ORIENTED_EDGE('',*,*,#854,.F.);
#854 = EDGE_CURVE('',#855,#847,#857,.T.);
#855 = VERTEX_POINT('',#856);
#856 = CARTESIAN_POINT('',(13.7,10.392304845413,36.));
#857 = CIRCLE('',#858,12.);
#858 = AXIS2_PLACEMENT_3D('',#859,#860,#861);
#859 = CARTESIAN_POINT('',(13.7,0.,30.));
#860 = DIRECTION('',(1.,0.,0.));
#861 = DIRECTION('',(0.,1.,0.));
#862 = ORIENTED_EDGE('',*,*,#863,.T.);
#863 = EDGE_CURVE('',#855,#864,#866,.T.);
#864 = VERTEX_POINT('',#865);
#865 = CARTESIAN_POINT('',(13.7,18.,36.));
#866 = LINE('',#867,#868);
#867 = CARTESIAN_POINT('',(13.7,-18.,36.));
#868 = VECTOR('',#869,1.);
#869 = DIRECTION('',(0.,1.,0.));
#870 = ORIENTED_EDGE('',*,*,#871,.F.);
#871 = EDGE_CURVE('',#721,#864,#872,.T.);
#872 = CIRCLE('',#873,6.);
#873 = AXIS2_PLACEMENT_3D('',#874,#875,#876);
#874 = CARTESIAN_POINT('',(13.7,18.,30.));
#875 = DIRECTION('',(1.,0.,0.));
#876 = DIRECTION('',(0.,1.,0.));
#877 = FACE_BOUND('',#878,.T.);
#878 = EDGE_LOOP('',(#879));
#879 = ORIENTED_EDGE('',*,*,#880,.T.);
#880 = EDGE_CURVE('',#881,#881,#883,.T.);
#881 = VERTEX_POINT('',#882);
#882 = CARTESIAN_POINT('',(13.7,18.,32.25));
#883 = CIRCLE('',#884,2.25);
#884 = AXIS2_PLACEMENT_3D('',#885,#886,#887);
#885 = CARTESIAN_POINT('',(13.7,18.,30.));
#886 = DIRECTION('',(1.,0.,-0.));
#887 = DIRECTION('',(0.,0.,1.));
#888 = FACE_BOUND('',#889,.T.);
#889 = EDGE_LOOP('',(#890));
#890 = ORIENTED_EDGE('',*,*,#891,.T.);
#891 = EDGE_CURVE('',#892,#892,#894,.T.);
#892 = VERTEX_POINT('',#893);
#893 = CARTESIAN_POINT('',(13.7,1.861463134704E-15,37.6));
#894 = CIRCLE('',#895,7.6);
#895 = AXIS2_PLACEMENT_3D('',#896,#897,#898);
#896 = CARTESIAN_POINT('',(13.7,0.,30.));
#897 = DIRECTION('',(1.,0.,-0.));
#898 = DIRECTION('',(0.,0.,1.));
#899 = FACE_BOUND('',#900,.T.);
#900 = EDGE_LOOP('',(#901));
#901 = ORIENTED_EDGE('',*,*,#902,.T.);
#902 = EDGE_CURVE('',#903,#903,#905,.T.);
#903 = VERTEX_POINT('',#904);
#904 = CARTESIAN_POINT('',(13.7,-18.,32.25));
#905 = CIRCLE('',#906,2.25);
#906 = AXIS2_PLACEMENT_3D('',#907,#908,#909);
#907 = CARTESIAN_POINT('',(13.7,-18.,30.));
#908 = DIRECTION('',(1.,0.,-0.));
#909 = DIRECTION('',(0.,0.,1.));
#910 = FACE_BOUND('',#911,.T.);
#911 = EDGE_LOOP('',(#912,#922,#930,#938,#947,#956));
#912 = ORIENTED_EDGE('',*,*,#913,.T.);
#913 = EDGE_CURVE('',#914,#916,#918,.T.);
#914 = VERTEX_POINT('',#915);
#915 = CARTESIAN_POINT('',(13.7,-2.8,17.6));
#916 = VERTEX_POINT('',#917);
#917 = CARTESIAN_POINT('',(13.7,-13.,4.));
#918 = LINE('',#919,#920);
#919 = CARTESIAN_POINT('',(13.7,-2.8,17.6));
#920 = VECTOR('',#921,1.);
#921 = DIRECTION('',(0.,-0.6,-0.8));
#922 = ORIENTED_EDGE('',*,*,#923,.T.);
#923 = EDGE_CURVE('',#916,#924,#926,.T.);
#924 = VERTEX_POINT('',#925);
#925 = CARTESIAN_POINT('',(13.7,13.,4.));
#926 = LINE('',#927,#928);
#927 = CARTESIAN_POINT('',(13.7,-18.,4.));
#928 = VECTOR('',#929,1.);
#929 = DIRECTION('',(0.,1.,0.));
#930 = ORIENTED_EDGE('',*,*,#931,.T.);
#931 = EDGE_CURVE('',#924,#932,#934,.T.);
#932 = VERTEX_POINT('',#933);
#933 = CARTESIAN_POINT('',(13.7,2.8,17.6));
#934 = LINE('',#935,#936);
#935 = CARTESIAN_POINT('',(13.7,14.8,1.6));
#936 = VECTOR('',#937,1.);
#937 = DIRECTION('',(0.,-0.6,0.8));
#938 = ORIENTED_EDGE('',*,*,#939,.F.);
#939 = EDGE_CURVE('',#940,#932,#942,.T.);
#940 = VERTEX_POINT('',#941);
#941 = CARTESIAN_POINT('',(13.7,2.406191165111,18.243714699067));
#942 = CIRCLE('',#943,4.);
#943 = AXIS2_PLACEMENT_3D('',#944,#945,#946);
#944 = CARTESIAN_POINT('',(13.7,6.,20.));
#945 = DIRECTION('',(1.,0.,0.));
#946 = DIRECTION('',(0.,1.,0.));
#947 = ORIENTED_EDGE('',*,*,#948,.F.);
#948 = EDGE_CURVE('',#949,#940,#951,.T.);
#949 = VERTEX_POINT('',#950);
#950 = CARTESIAN_POINT('',(13.7,-2.406191165111,18.243714699067));
#951 = CIRCLE('',#952,12.);
#952 = AXIS2_PLACEMENT_3D('',#953,#954,#955);
#953 = CARTESIAN_POINT('',(13.7,0.,30.));
#954 = DIRECTION('',(1.,0.,0.));
#955 = DIRECTION('',(0.,1.,0.));
#956 = ORIENTED_EDGE('',*,*,#957,.F.);
#957 = EDGE_CURVE('',#914,#949,#958,.T.);
#958 = CIRCLE('',#959,4.);
#959 = AXIS2_PLACEMENT_3D('',#960,#961,#962);
#960 = CARTESIAN_POINT('',(13.7,-6.,20.));
#961 = DIRECTION('',(1.,0.,0.));
#962 = DIRECTION('',(0.,1.,0.));
#963 = PLANE('',#964);
#964 = AXIS2_PLACEMENT_3D('',#965,#966,#967);
#965 = CARTESIAN_POINT('',(13.7,9.737099920819E-02,18.69413746397));
#966 = DIRECTION('',(-1.,-0.,-0.));
#967 = DIRECTION('',(0.,0.,-1.));
#968 = ADVANCED_FACE('',(#969),#998,.T.);
#969 = FACE_BOUND('',#970,.T.);
#970 = EDGE_LOOP('',(#971,#972,#980,#989,#996,#997));
#971 = ORIENTED_EDGE('',*,*,#146,.T.);
#972 = ORIENTED_EDGE('',*,*,#973,.T.);
#973 = EDGE_CURVE('',#139,#974,#976,.T.);
#974 = VERTEX_POINT('',#975);
#975 = CARTESIAN_POINT('',(108.80384757729,-15.,4.));
#976 = LINE('',#977,#978);
#977 = CARTESIAN_POINT('',(108.80384757729,-15.,0.));
#978 = VECTOR('',#979,1.);
#979 = DIRECTION('',(0.,0.,1.));
#980 = ORIENTED_EDGE('',*,*,#981,.F.);
#981 = EDGE_CURVE('',#982,#974,#984,.T.);
#982 = VERTEX_POINT('',#983);
#983 = CARTESIAN_POINT('',(120.,-18.,4.));
#984 = CIRCLE('',#985,6.);
#985 = AXIS2_PLACEMENT_3D('',#986,#987,#988);
#986 = CARTESIAN_POINT('',(114.,-18.,4.));
#987 = DIRECTION('',(0.,0.,1.));
#988 = DIRECTION('',(1.,0.,0.));
#989 = ORIENTED_EDGE('',*,*,#990,.F.);
#990 = EDGE_CURVE('',#697,#982,#991,.T.);
#991 = CIRCLE('',#992,6.);
#992 = AXIS2_PLACEMENT_3D('',#993,#994,#995);
#993 = CARTESIAN_POINT('',(114.,-18.,4.));
#994 = DIRECTION('',(0.,0.,1.));
#995 = DIRECTION('',(1.,0.,0.));
#996 = ORIENTED_EDGE('',*,*,#704,.F.);
#997 = ORIENTED_EDGE('',*,*,#155,.T.);
#998 = CYLINDRICAL_SURFACE('',#999,6.);
#999 = AXIS2_PLACEMENT_3D('',#1000,#1001,#1002);
#1000 = CARTESIAN_POINT('',(114.,-18.,0.));
#1001 = DIRECTION('',(0.,0.,1.));
#1002 = DIRECTION('',(1.,0.,0.));
#1003 = ADVANCED_FACE('',(#1004),#1022,.F.);
#1004 = FACE_BOUND('',#1005,.F.);
#1005 = EDGE_LOOP('',(#1006,#1007,#1015,#1021));
#1006 = ORIENTED_EDGE('',*,*,#88,.F.);
#1007 = ORIENTED_EDGE('',*,*,#1008,.T.);
#1008 = EDGE_CURVE('',#89,#1009,#1011,.T.);
#1009 = VERTEX_POINT('',#1010);
#1010 = CARTESIAN_POINT('',(11.196152422707,15.,4.));
#1011 = LINE('',#1012,#1013);
#1012 = CARTESIAN_POINT('',(11.196152422707,15.,0.));
#1013 = VECTOR('',#1014,1.);
#1014 = DIRECTION('',(0.,0.,1.));
#1015 = ORIENTED_EDGE('',*,*,#1016,.T.);
#1016 = EDGE_CURVE('',#1009,#781,#1017,.T.);
#1017 = LINE('',#1018,#1019);
#1018 = CARTESIAN_POINT('',(3.,15.,4.));
#1019 = VECTOR('',#1020,1.);
#1020 = DIRECTION('',(1.,0.,0.));
#1021 = ORIENTED_EDGE('',*,*,#788,.T.);
#1022 = PLANE('',#1023);
#1023 = AXIS2_PLACEMENT_3D('',#1024,#1025,#1026);
#1024 = CARTESIAN_POINT('',(3.,15.,0.));
#1025 = DIRECTION('',(0.,1.,0.));
#1026 = DIRECTION('',(0.,0.,1.));
#1027 = ADVANCED_FACE('',(#1028),#1047,.T.);
#1028 = FACE_BOUND('',#1029,.T.);
#1029 = EDGE_LOOP('',(#1030,#1039,#1045,#1046));
#1030 = ORIENTED_EDGE('',*,*,#1031,.F.);
#1031 = EDGE_CURVE('',#1032,#1009,#1034,.T.);
#1032 = VERTEX_POINT('',#1033);
#1033 = CARTESIAN_POINT('',(11.196152422707,21.,4.));
#1034 = CIRCLE('',#1035,6.);
#1035 = AXIS2_PLACEMENT_3D('',#1036,#1037,#1038);
#1036 = CARTESIAN_POINT('',(6.,18.,4.));
#1037 = DIRECTION('',(0.,0.,1.));
#1038 = DIRECTION('',(1.,0.,0.));
#1039 = ORIENTED_EDGE('',*,*,#1040,.F.);
#1040 = EDGE_CURVE('',#97,#1032,#1041,.T.);
#1041 = LINE('',#1042,#1043);
#1042 = CARTESIAN_POINT('',(11.196152422707,21.,0.));
#1043 = VECTOR('',#1044,1.);
#1044 = DIRECTION('',(0.,0.,1.));
#1045 = ORIENTED_EDGE('',*,*,#96,.T.);
#1046 = ORIENTED_EDGE('',*,*,#1008,.T.);
#1047 = CYLINDRICAL_SURFACE('',#1048,6.);
#1048 = AXIS2_PLACEMENT_3D('',#1049,#1050,#1051);
#1049 = CARTESIAN_POINT('',(6.,18.,0.));
#1050 = DIRECTION('',(0.,0.,1.));
#1051 = DIRECTION('',(1.,0.,0.));
#1052 = ADVANCED_FACE('',(#1053),#1064,.T.);
#1053 = FACE_BOUND('',#1054,.T.);
#1054 = EDGE_LOOP('',(#1055,#1056,#1057,#1063));
#1055 = ORIENTED_EDGE('',*,*,#138,.F.);
#1056 = ORIENTED_EDGE('',*,*,#439,.F.);
#1057 = ORIENTED_EDGE('',*,*,#1058,.T.);
#1058 = EDGE_CURVE('',#432,#974,#1059,.T.);
#1059 = LINE('',#1060,#1061);
#1060 = CARTESIAN_POINT('',(3.,-15.,4.));
#1061 = VECTOR('',#1062,1.);
#1062 = DIRECTION('',(1.,0.,0.));
#1063 = ORIENTED_EDGE('',*,*,#973,.F.);
#1064 = PLANE('',#1065);
#1065 = AXIS2_PLACEMENT_3D('',#1066,#1067,#1068);
#1066 = CARTESIAN_POINT('',(3.,-15.,0.));
#1067 = DIRECTION('',(0.,1.,0.));
#1068 = DIRECTION('',(0.,0.,1.));
#1069 = ADVANCED_FACE('',(#1070),#1122,.T.);
#1070 = FACE_BOUND('',#1071,.T.);
#1071 = EDGE_LOOP('',(#1072,#1073,#1074,#1080,#1081,#1089,#1097,#1105,
    #1113,#1119,#1120,#1121));
#1072 = ORIENTED_EDGE('',*,*,#105,.F.);
#1073 = ORIENTED_EDGE('',*,*,#1040,.T.);
#1074 = ORIENTED_EDGE('',*,*,#1075,.T.);
#1075 = EDGE_CURVE('',#1032,#773,#1076,.T.);
#1076 = LINE('',#1077,#1078);
#1077 = CARTESIAN_POINT('',(3.,21.,4.));
#1078 = VECTOR('',#1079,1.);
#1079 = DIRECTION('',(1.,0.,0.));
#1080 = ORIENTED_EDGE('',*,*,#772,.F.);
#1081 = ORIENTED_EDGE('',*,*,#1082,.T.);
#1082 = EDGE_CURVE('',#764,#1083,#1085,.T.);
#1083 = VERTEX_POINT('',#1084);
#1084 = CARTESIAN_POINT('',(22.,21.,1.354248688935));
#1085 = LINE('',#1086,#1087);
#1086 = CARTESIAN_POINT('',(13.7,21.,1.354248688935));
#1087 = VECTOR('',#1088,1.);
#1088 = DIRECTION('',(1.,0.,0.));
#1089 = ORIENTED_EDGE('',*,*,#1090,.F.);
#1090 = EDGE_CURVE('',#1091,#1083,#1093,.T.);
#1091 = VERTEX_POINT('',#1092);
#1092 = CARTESIAN_POINT('',(22.,21.,4.));
#1093 = LINE('',#1094,#1095);
#1094 = CARTESIAN_POINT('',(22.,21.,10.188205867336));
#1095 = VECTOR('',#1096,1.);
#1096 = DIRECTION('',(0.,0.,-1.));
#1097 = ORIENTED_EDGE('',*,*,#1098,.T.);
#1098 = EDGE_CURVE('',#1091,#1099,#1101,.T.);
#1099 = VERTEX_POINT('',#1100);
#1100 = CARTESIAN_POINT('',(91.,21.,4.));
#1101 = LINE('',#1102,#1103);
#1102 = CARTESIAN_POINT('',(3.,21.,4.));
#1103 = VECTOR('',#1104,1.);
#1104 = DIRECTION('',(1.,0.,0.));
#1105 = ORIENTED_EDGE('',*,*,#1106,.F.);
#1106 = EDGE_CURVE('',#1107,#1099,#1109,.T.);
#1107 = VERTEX_POINT('',#1108);
#1108 = CARTESIAN_POINT('',(91.,21.,1.354248688935));
#1109 = LINE('',#1110,#1111);
#1110 = CARTESIAN_POINT('',(91.,21.,10.188205867336));
#1111 = VECTOR('',#1112,1.);
#1112 = DIRECTION('',(0.,0.,1.));
#1113 = ORIENTED_EDGE('',*,*,#1114,.T.);
#1114 = EDGE_CURVE('',#1107,#449,#1115,.T.);
#1115 = LINE('',#1116,#1117);
#1116 = CARTESIAN_POINT('',(91.,21.,1.354248688935));
#1117 = VECTOR('',#1118,1.);
#1118 = DIRECTION('',(1.,0.,0.));
#1119 = ORIENTED_EDGE('',*,*,#448,.F.);
#1120 = ORIENTED_EDGE('',*,*,#294,.T.);
#1121 = ORIENTED_EDGE('',*,*,#268,.F.);
#1122 = PLANE('',#1123);
#1123 = AXIS2_PLACEMENT_3D('',#1124,#1125,#1126);
#1124 = CARTESIAN_POINT('',(3.,21.,0.));
#1125 = DIRECTION('',(0.,1.,0.));
#1126 = DIRECTION('',(0.,0.,1.));
#1127 = ADVANCED_FACE('',(#1128),#1147,.F.);
#1128 = FACE_BOUND('',#1129,.F.);
#1129 = EDGE_LOOP('',(#1130,#1139,#1145,#1146));
#1130 = ORIENTED_EDGE('',*,*,#1131,.F.);
#1131 = EDGE_CURVE('',#1132,#1132,#1134,.T.);
#1132 = VERTEX_POINT('',#1133);
#1133 = CARTESIAN_POINT('',(116.25,-18.,4.));
#1134 = CIRCLE('',#1135,2.25);
#1135 = AXIS2_PLACEMENT_3D('',#1136,#1137,#1138);
#1136 = CARTESIAN_POINT('',(114.,-18.,4.));
#1137 = DIRECTION('',(0.,0.,1.));
#1138 = DIRECTION('',(1.,0.,0.));
#1139 = ORIENTED_EDGE('',*,*,#1140,.F.);
#1140 = EDGE_CURVE('',#173,#1132,#1141,.T.);
#1141 = LINE('',#1142,#1143);
#1142 = CARTESIAN_POINT('',(116.25,-18.,-1.));
#1143 = VECTOR('',#1144,1.);
#1144 = DIRECTION('',(0.,0.,1.));
#1145 = ORIENTED_EDGE('',*,*,#172,.T.);
#1146 = ORIENTED_EDGE('',*,*,#1140,.T.);
#1147 = CYLINDRICAL_SURFACE('',#1148,2.25);
#1148 = AXIS2_PLACEMENT_3D('',#1149,#1150,#1151);
#1149 = CARTESIAN_POINT('',(114.,-18.,-1.));
#1150 = DIRECTION('',(0.,0.,1.));
#1151 = DIRECTION('',(1.,0.,0.));
#1152 = ADVANCED_FACE('',(#1153),#1172,.F.);
#1153 = FACE_BOUND('',#1154,.F.);
#1154 = EDGE_LOOP('',(#1155,#1164,#1170,#1171));
#1155 = ORIENTED_EDGE('',*,*,#1156,.F.);
#1156 = EDGE_CURVE('',#1157,#1157,#1159,.T.);
#1157 = VERTEX_POINT('',#1158);
#1158 = CARTESIAN_POINT('',(8.25,-18.,4.));
#1159 = CIRCLE('',#1160,2.25);
#1160 = AXIS2_PLACEMENT_3D('',#1161,#1162,#1163);
#1161 = CARTESIAN_POINT('',(6.,-18.,4.));
#1162 = DIRECTION('',(0.,0.,1.));
#1163 = DIRECTION('',(1.,0.,0.));
#1164 = ORIENTED_EDGE('',*,*,#1165,.F.);
#1165 = EDGE_CURVE('',#184,#1157,#1166,.T.);
#1166 = LINE('',#1167,#1168);
#1167 = CARTESIAN_POINT('',(8.25,-18.,-1.));
#1168 = VECTOR('',#1169,1.);
#1169 = DIRECTION('',(0.,0.,1.));
#1170 = ORIENTED_EDGE('',*,*,#183,.T.);
#1171 = ORIENTED_EDGE('',*,*,#1165,.T.);
#1172 = CYLINDRICAL_SURFACE('',#1173,2.25);
#1173 = AXIS2_PLACEMENT_3D('',#1174,#1175,#1176);
#1174 = CARTESIAN_POINT('',(6.,-18.,-1.));
#1175 = DIRECTION('',(0.,0.,1.));
#1176 = DIRECTION('',(1.,0.,0.));
#1177 = ADVANCED_FACE('',(#1178),#1189,.F.);
#1178 = FACE_BOUND('',#1179,.F.);
#1179 = EDGE_LOOP('',(#1180,#1181,#1187,#1188));
#1180 = ORIENTED_EDGE('',*,*,#310,.F.);
#1181 = ORIENTED_EDGE('',*,*,#1182,.F.);
#1182 = EDGE_CURVE('',#195,#311,#1183,.T.);
#1183 = LINE('',#1184,#1185);
#1184 = CARTESIAN_POINT('',(116.25,18.,-1.));
#1185 = VECTOR('',#1186,1.);
#1186 = DIRECTION('',(0.,0.,1.));
#1187 = ORIENTED_EDGE('',*,*,#194,.T.);
#1188 = ORIENTED_EDGE('',*,*,#1182,.T.);
#1189 = CYLINDRICAL_SURFACE('',#1190,2.25);
#1190 = AXIS2_PLACEMENT_3D('',#1191,#1192,#1193);
#1191 = CARTESIAN_POINT('',(114.,18.,-1.));
#1192 = DIRECTION('',(0.,0.,1.));
#1193 = DIRECTION('',(1.,0.,0.));
#1194 = ADVANCED_FACE('',(#1195),#1220,.T.);
#1195 = FACE_BOUND('',#1196,.T.);
#1196 = EDGE_LOOP('',(#1197,#1198,#1206,#1214));
#1197 = ORIENTED_EDGE('',*,*,#205,.F.);
#1198 = ORIENTED_EDGE('',*,*,#1199,.F.);
#1199 = EDGE_CURVE('',#1200,#206,#1202,.T.);
#1200 = VERTEX_POINT('',#1201);
#1201 = CARTESIAN_POINT('',(22.,-15.,4.));
#1202 = LINE('',#1203,#1204);
#1203 = CARTESIAN_POINT('',(22.,-15.,0.));
#1204 = VECTOR('',#1205,1.);
#1205 = DIRECTION('',(0.,0.,-1.));
#1206 = ORIENTED_EDGE('',*,*,#1207,.T.);
#1207 = EDGE_CURVE('',#1200,#1208,#1210,.T.);
#1208 = VERTEX_POINT('',#1209);
#1209 = CARTESIAN_POINT('',(91.,-15.,4.));
#1210 = LINE('',#1211,#1212);
#1211 = CARTESIAN_POINT('',(3.,-15.,4.));
#1212 = VECTOR('',#1213,1.);
#1213 = DIRECTION('',(1.,0.,0.));
#1214 = ORIENTED_EDGE('',*,*,#1215,.T.);
#1215 = EDGE_CURVE('',#1208,#208,#1216,.T.);
#1216 = LINE('',#1217,#1218);
#1217 = CARTESIAN_POINT('',(91.,-15.,0.));
#1218 = VECTOR('',#1219,1.);
#1219 = DIRECTION('',(0.,0.,-1.));
#1220 = PLANE('',#1221);
#1221 = AXIS2_PLACEMENT_3D('',#1222,#1223,#1224);
#1222 = CARTESIAN_POINT('',(3.,-15.,0.));
#1223 = DIRECTION('',(0.,1.,0.));
#1224 = DIRECTION('',(0.,0.,1.));
#1225 = ADVANCED_FACE('',(#1226,#1379,#1390,#1443,#1454),#1465,.T.);
#1226 = FACE_BOUND('',#1227,.T.);
#1227 = EDGE_LOOP('',(#1228,#1238,#1247,#1256,#1264,#1273,#1281,#1290,
    #1298,#1307,#1315,#1322,#1323,#1329,#1330,#1331,#1339,#1345,#1346,
    #1355,#1364,#1372));
#1228 = ORIENTED_EDGE('',*,*,#1229,.F.);
#1229 = EDGE_CURVE('',#1230,#1232,#1234,.T.);
#1230 = VERTEX_POINT('',#1231);
#1231 = CARTESIAN_POINT('',(22.,18.,24.));
#1232 = VERTEX_POINT('',#1233);
#1233 = CARTESIAN_POINT('',(22.,10.392304845413,24.));
#1234 = LINE('',#1235,#1236);
#1235 = CARTESIAN_POINT('',(22.,18.,24.));
#1236 = VECTOR('',#1237,1.);
#1237 = DIRECTION('',(0.,-1.,0.));
#1238 = ORIENTED_EDGE('',*,*,#1239,.T.);
#1239 = EDGE_CURVE('',#1230,#1240,#1242,.T.);
#1240 = VERTEX_POINT('',#1241);
#1241 = CARTESIAN_POINT('',(22.,24.,30.));
#1242 = CIRCLE('',#1243,6.);
#1243 = AXIS2_PLACEMENT_3D('',#1244,#1245,#1246);
#1244 = CARTESIAN_POINT('',(22.,18.,30.));
#1245 = DIRECTION('',(1.,0.,0.));
#1246 = DIRECTION('',(0.,1.,0.));
#1247 = ORIENTED_EDGE('',*,*,#1248,.T.);
#1248 = EDGE_CURVE('',#1240,#1249,#1251,.T.);
#1249 = VERTEX_POINT('',#1250);
#1250 = CARTESIAN_POINT('',(22.,18.,36.));
#1251 = CIRCLE('',#1252,6.);
#1252 = AXIS2_PLACEMENT_3D('',#1253,#1254,#1255);
#1253 = CARTESIAN_POINT('',(22.,18.,30.));
#1254 = DIRECTION('',(1.,0.,0.));
#1255 = DIRECTION('',(0.,1.,0.));
#1256 = ORIENTED_EDGE('',*,*,#1257,.F.);
#1257 = EDGE_CURVE('',#1258,#1249,#1260,.T.);
#1258 = VERTEX_POINT('',#1259);
#1259 = CARTESIAN_POINT('',(22.,10.392304845413,36.));
#1260 = LINE('',#1261,#1262);
#1261 = CARTESIAN_POINT('',(22.,-18.,36.));
#1262 = VECTOR('',#1263,1.);
#1263 = DIRECTION('',(0.,1.,0.));
#1264 = ORIENTED_EDGE('',*,*,#1265,.T.);
#1265 = EDGE_CURVE('',#1258,#1266,#1268,.T.);
#1266 = VERTEX_POINT('',#1267);
#1267 = CARTESIAN_POINT('',(22.,-10.39230484541,36.));
#1268 = CIRCLE('',#1269,12.);
#1269 = AXIS2_PLACEMENT_3D('',#1270,#1271,#1272);
#1270 = CARTESIAN_POINT('',(22.,0.,30.));
#1271 = DIRECTION('',(1.,0.,0.));
#1272 = DIRECTION('',(0.,1.,0.));
#1273 = ORIENTED_EDGE('',*,*,#1274,.F.);
#1274 = EDGE_CURVE('',#1275,#1266,#1277,.T.);
#1275 = VERTEX_POINT('',#1276);
#1276 = CARTESIAN_POINT('',(22.,-18.,36.));
#1277 = LINE('',#1278,#1279);
#1278 = CARTESIAN_POINT('',(22.,-18.,36.));
#1279 = VECTOR('',#1280,1.);
#1280 = DIRECTION('',(0.,1.,0.));
#1281 = ORIENTED_EDGE('',*,*,#1282,.T.);
#1282 = EDGE_CURVE('',#1275,#1283,#1285,.T.);
#1283 = VERTEX_POINT('',#1284);
#1284 = CARTESIAN_POINT('',(22.,-18.,24.));
#1285 = CIRCLE('',#1286,6.);
#1286 = AXIS2_PLACEMENT_3D('',#1287,#1288,#1289);
#1287 = CARTESIAN_POINT('',(22.,-18.,30.));
#1288 = DIRECTION('',(1.,0.,0.));
#1289 = DIRECTION('',(0.,1.,0.));
#1290 = ORIENTED_EDGE('',*,*,#1291,.F.);
#1291 = EDGE_CURVE('',#1292,#1283,#1294,.T.);
#1292 = VERTEX_POINT('',#1293);
#1293 = CARTESIAN_POINT('',(22.,-10.39230484541,24.));
#1294 = LINE('',#1295,#1296);
#1295 = CARTESIAN_POINT('',(22.,18.,24.));
#1296 = VECTOR('',#1297,1.);
#1297 = DIRECTION('',(0.,-1.,0.));
#1298 = ORIENTED_EDGE('',*,*,#1299,.T.);
#1299 = EDGE_CURVE('',#1292,#1300,#1302,.T.);
#1300 = VERTEX_POINT('',#1301);
#1301 = CARTESIAN_POINT('',(22.,-9.241257029991,22.344990626678));
#1302 = CIRCLE('',#1303,12.);
#1303 = AXIS2_PLACEMENT_3D('',#1304,#1305,#1306);
#1304 = CARTESIAN_POINT('',(22.,0.,30.));
#1305 = DIRECTION('',(1.,0.,0.));
#1306 = DIRECTION('',(0.,1.,0.));
#1307 = ORIENTED_EDGE('',*,*,#1308,.F.);
#1308 = EDGE_CURVE('',#1309,#1300,#1311,.T.);
#1309 = VERTEX_POINT('',#1310);
#1310 = CARTESIAN_POINT('',(22.,-21.2,6.4));
#1311 = LINE('',#1312,#1313);
#1312 = CARTESIAN_POINT('',(22.,-21.2,6.4));
#1313 = VECTOR('',#1314,1.);
#1314 = DIRECTION('',(0.,0.6,0.8));
#1315 = ORIENTED_EDGE('',*,*,#1316,.T.);
#1316 = EDGE_CURVE('',#1309,#658,#1317,.T.);
#1317 = CIRCLE('',#1318,4.);
#1318 = AXIS2_PLACEMENT_3D('',#1319,#1320,#1321);
#1319 = CARTESIAN_POINT('',(22.,-18.,4.));
#1320 = DIRECTION('',(1.,0.,0.));
#1321 = DIRECTION('',(0.,1.,0.));
#1322 = ORIENTED_EDGE('',*,*,#665,.F.);
#1323 = ORIENTED_EDGE('',*,*,#1324,.T.);
#1324 = EDGE_CURVE('',#666,#1200,#1325,.T.);
#1325 = LINE('',#1326,#1327);
#1326 = CARTESIAN_POINT('',(22.,-18.,4.));
#1327 = VECTOR('',#1328,1.);
#1328 = DIRECTION('',(0.,1.,0.));
#1329 = ORIENTED_EDGE('',*,*,#1199,.T.);
#1330 = ORIENTED_EDGE('',*,*,#231,.T.);
#1331 = ORIENTED_EDGE('',*,*,#1332,.F.);
#1332 = EDGE_CURVE('',#1333,#224,#1335,.T.);
#1333 = VERTEX_POINT('',#1334);
#1334 = CARTESIAN_POINT('',(22.,15.,4.));
#1335 = LINE('',#1336,#1337);
#1336 = CARTESIAN_POINT('',(22.,15.,0.));
#1337 = VECTOR('',#1338,1.);
#1338 = DIRECTION('',(0.,0.,-1.));
#1339 = ORIENTED_EDGE('',*,*,#1340,.T.);
#1340 = EDGE_CURVE('',#1333,#1091,#1341,.T.);
#1341 = LINE('',#1342,#1343);
#1342 = CARTESIAN_POINT('',(22.,7.561279118489,4.));
#1343 = VECTOR('',#1344,1.);
#1344 = DIRECTION('',(0.,1.,0.));
#1345 = ORIENTED_EDGE('',*,*,#1090,.T.);
#1346 = ORIENTED_EDGE('',*,*,#1347,.T.);
#1347 = EDGE_CURVE('',#1083,#1348,#1350,.T.);
#1348 = VERTEX_POINT('',#1349);
#1349 = CARTESIAN_POINT('',(22.,22.,4.));
#1350 = CIRCLE('',#1351,4.);
#1351 = AXIS2_PLACEMENT_3D('',#1352,#1353,#1354);
#1352 = CARTESIAN_POINT('',(22.,18.,4.));
#1353 = DIRECTION('',(1.,0.,0.));
#1354 = DIRECTION('',(0.,1.,0.));
#1355 = ORIENTED_EDGE('',*,*,#1356,.T.);
#1356 = EDGE_CURVE('',#1348,#1357,#1359,.T.);
#1357 = VERTEX_POINT('',#1358);
#1358 = CARTESIAN_POINT('',(22.,21.2,6.4));
#1359 = CIRCLE('',#1360,4.);
#1360 = AXIS2_PLACEMENT_3D('',#1361,#1362,#1363);
#1361 = CARTESIAN_POINT('',(22.,18.,4.));
#1362 = DIRECTION('',(1.,0.,0.));
#1363 = DIRECTION('',(0.,1.,0.));
#1364 = ORIENTED_EDGE('',*,*,#1365,.F.);
#1365 = EDGE_CURVE('',#1366,#1357,#1368,.T.);
#1366 = VERTEX_POINT('',#1367);
#1367 = CARTESIAN_POINT('',(22.,9.241257029991,22.344990626678));
#1368 = LINE('',#1369,#1370);
#1369 = CARTESIAN_POINT('',(22.,9.2,22.4));
#1370 = VECTOR('',#1371,1.);
#1371 = DIRECTION('',(0.,0.6,-0.8));
#1372 = ORIENTED_EDGE('',*,*,#1373,.T.);
#1373 = EDGE_CURVE('',#1366,#1232,#1374,.T.);
#1374 = CIRCLE('',#1375,12.);
#1375 = AXIS2_PLACEMENT_3D('',#1376,#1377,#1378);
#1376 = CARTESIAN_POINT('',(22.,0.,30.));
#1377 = DIRECTION('',(1.,0.,0.));
#1378 = DIRECTION('',(0.,1.,0.));
#1379 = FACE_BOUND('',#1380,.T.);
#1380 = EDGE_LOOP('',(#1381));
#1381 = ORIENTED_EDGE('',*,*,#1382,.F.);
#1382 = EDGE_CURVE('',#1383,#1383,#1385,.T.);
#1383 = VERTEX_POINT('',#1384);
#1384 = CARTESIAN_POINT('',(22.,18.,32.25));
#1385 = CIRCLE('',#1386,2.25);
#1386 = AXIS2_PLACEMENT_3D('',#1387,#1388,#1389);
#1387 = CARTESIAN_POINT('',(22.,18.,30.));
#1388 = DIRECTION('',(1.,0.,-0.));
#1389 = DIRECTION('',(0.,0.,1.));
#1390 = FACE_BOUND('',#1391,.T.);
#1391 = EDGE_LOOP('',(#1392,#1402,#1410,#1418,#1427,#1436));
#1392 = ORIENTED_EDGE('',*,*,#1393,.F.);
#1393 = EDGE_CURVE('',#1394,#1396,#1398,.T.);
#1394 = VERTEX_POINT('',#1395);
#1395 = CARTESIAN_POINT('',(22.,13.,4.));
#1396 = VERTEX_POINT('',#1397);
#1397 = CARTESIAN_POINT('',(22.,2.8,17.6));
#1398 = LINE('',#1399,#1400);
#1399 = CARTESIAN_POINT('',(22.,14.8,1.6));
#1400 = VECTOR('',#1401,1.);
#1401 = DIRECTION('',(0.,-0.6,0.8));
#1402 = ORIENTED_EDGE('',*,*,#1403,.F.);
#1403 = EDGE_CURVE('',#1404,#1394,#1406,.T.);
#1404 = VERTEX_POINT('',#1405);
#1405 = CARTESIAN_POINT('',(22.,-13.,4.));
#1406 = LINE('',#1407,#1408);
#1407 = CARTESIAN_POINT('',(22.,-18.,4.));
#1408 = VECTOR('',#1409,1.);
#1409 = DIRECTION('',(0.,1.,0.));
#1410 = ORIENTED_EDGE('',*,*,#1411,.F.);
#1411 = EDGE_CURVE('',#1412,#1404,#1414,.T.);
#1412 = VERTEX_POINT('',#1413);
#1413 = CARTESIAN_POINT('',(22.,-2.8,17.6));
#1414 = LINE('',#1415,#1416);
#1415 = CARTESIAN_POINT('',(22.,-2.8,17.6));
#1416 = VECTOR('',#1417,1.);
#1417 = DIRECTION('',(0.,-0.6,-0.8));
#1418 = ORIENTED_EDGE('',*,*,#1419,.T.);
#1419 = EDGE_CURVE('',#1412,#1420,#1422,.T.);
#1420 = VERTEX_POINT('',#1421);
#1421 = CARTESIAN_POINT('',(22.,-2.406191165111,18.243714699067));
#1422 = CIRCLE('',#1423,4.);
#1423 = AXIS2_PLACEMENT_3D('',#1424,#1425,#1426);
#1424 = CARTESIAN_POINT('',(22.,-6.,20.));
#1425 = DIRECTION('',(1.,0.,0.));
#1426 = DIRECTION('',(0.,1.,0.));
#1427 = ORIENTED_EDGE('',*,*,#1428,.T.);
#1428 = EDGE_CURVE('',#1420,#1429,#1431,.T.);
#1429 = VERTEX_POINT('',#1430);
#1430 = CARTESIAN_POINT('',(22.,2.406191165111,18.243714699067));
#1431 = CIRCLE('',#1432,12.);
#1432 = AXIS2_PLACEMENT_3D('',#1433,#1434,#1435);
#1433 = CARTESIAN_POINT('',(22.,0.,30.));
#1434 = DIRECTION('',(1.,0.,0.));
#1435 = DIRECTION('',(0.,1.,0.));
#1436 = ORIENTED_EDGE('',*,*,#1437,.T.);
#1437 = EDGE_CURVE('',#1429,#1396,#1438,.T.);
#1438 = CIRCLE('',#1439,4.);
#1439 = AXIS2_PLACEMENT_3D('',#1440,#1441,#1442);
#1440 = CARTESIAN_POINT('',(22.,6.,20.));
#1441 = DIRECTION('',(1.,0.,0.));
#1442 = DIRECTION('',(0.,1.,0.));
#1443 = FACE_BOUND('',#1444,.T.);
#1444 = EDGE_LOOP('',(#1445));
#1445 = ORIENTED_EDGE('',*,*,#1446,.F.);
#1446 = EDGE_CURVE('',#1447,#1447,#1449,.T.);
#1447 = VERTEX_POINT('',#1448);
#1448 = CARTESIAN_POINT('',(22.,1.24913973513E-15,35.1));
#1449 = CIRCLE('',#1450,5.1);
#1450 = AXIS2_PLACEMENT_3D('',#1451,#1452,#1453);
#1451 = CARTESIAN_POINT('',(22.,0.,30.));
#1452 = DIRECTION('',(1.,0.,-0.));
#1453 = DIRECTION('',(0.,0.,1.));
#1454 = FACE_BOUND('',#1455,.T.);
#1455 = EDGE_LOOP('',(#1456));
#1456 = ORIENTED_EDGE('',*,*,#1457,.F.);
#1457 = EDGE_CURVE('',#1458,#1458,#1460,.T.);
#1458 = VERTEX_POINT('',#1459);
#1459 = CARTESIAN_POINT('',(22.,-18.,32.25));
#1460 = CIRCLE('',#1461,2.25);
#1461 = AXIS2_PLACEMENT_3D('',#1462,#1463,#1464);
#1462 = CARTESIAN_POINT('',(22.,-18.,30.));
#1463 = DIRECTION('',(1.,0.,-0.));
#1464 = DIRECTION('',(0.,0.,1.));
#1465 = PLANE('',#1466);
#1466 = AXIS2_PLACEMENT_3D('',#1467,#1468,#1469);
#1467 = CARTESIAN_POINT('',(22.,9.737099920819E-02,18.69413746397));
#1468 = DIRECTION('',(1.,0.,0.));
#1469 = DIRECTION('',(0.,0.,1.));
#1470 = ADVANCED_FACE('',(#1471,#1624,#1635,#1646,#1657),#1710,.T.);
#1471 = FACE_BOUND('',#1472,.T.);
#1472 = EDGE_LOOP('',(#1473,#1484,#1492,#1501,#1509,#1518,#1525,#1526,
    #1534,#1540,#1541,#1542,#1548,#1549,#1558,#1566,#1575,#1583,#1592,
    #1600,#1609,#1617));
#1473 = ORIENTED_EDGE('',*,*,#1474,.F.);
#1474 = EDGE_CURVE('',#1475,#1477,#1479,.T.);
#1475 = VERTEX_POINT('',#1476);
#1476 = CARTESIAN_POINT('',(91.,18.,24.));
#1477 = VERTEX_POINT('',#1478);
#1478 = CARTESIAN_POINT('',(91.,24.,30.));
#1479 = CIRCLE('',#1480,6.);
#1480 = AXIS2_PLACEMENT_3D('',#1481,#1482,#1483);
#1481 = CARTESIAN_POINT('',(91.,18.,30.));
#1482 = DIRECTION('',(1.,0.,0.));
#1483 = DIRECTION('',(0.,1.,0.));
#1484 = ORIENTED_EDGE('',*,*,#1485,.T.);
#1485 = EDGE_CURVE('',#1475,#1486,#1488,.T.);
#1486 = VERTEX_POINT('',#1487);
#1487 = CARTESIAN_POINT('',(91.,10.392304845413,24.));
#1488 = LINE('',#1489,#1490);
#1489 = CARTESIAN_POINT('',(91.,18.,24.));
#1490 = VECTOR('',#1491,1.);
#1491 = DIRECTION('',(0.,-1.,0.));
#1492 = ORIENTED_EDGE('',*,*,#1493,.F.);
#1493 = EDGE_CURVE('',#1494,#1486,#1496,.T.);
#1494 = VERTEX_POINT('',#1495);
#1495 = CARTESIAN_POINT('',(91.,9.241257029991,22.344990626678));
#1496 = CIRCLE('',#1497,12.);
#1497 = AXIS2_PLACEMENT_3D('',#1498,#1499,#1500);
#1498 = CARTESIAN_POINT('',(91.,0.,30.));
#1499 = DIRECTION('',(1.,0.,0.));
#1500 = DIRECTION('',(0.,1.,0.));
#1501 = ORIENTED_EDGE('',*,*,#1502,.T.);
#1502 = EDGE_CURVE('',#1494,#1503,#1505,.T.);
#1503 = VERTEX_POINT('',#1504);
#1504 = CARTESIAN_POINT('',(91.,21.2,6.4));
#1505 = LINE('',#1506,#1507);
#1506 = CARTESIAN_POINT('',(91.,9.2,22.4));
#1507 = VECTOR('',#1508,1.);
#1508 = DIRECTION('',(0.,0.6,-0.8));
#1509 = ORIENTED_EDGE('',*,*,#1510,.F.);
#1510 = EDGE_CURVE('',#1511,#1503,#1513,.T.);
#1511 = VERTEX_POINT('',#1512);
#1512 = CARTESIAN_POINT('',(91.,22.,4.));
#1513 = CIRCLE('',#1514,4.);
#1514 = AXIS2_PLACEMENT_3D('',#1515,#1516,#1517);
#1515 = CARTESIAN_POINT('',(91.,18.,4.));
#1516 = DIRECTION('',(1.,0.,0.));
#1517 = DIRECTION('',(0.,1.,0.));
#1518 = ORIENTED_EDGE('',*,*,#1519,.F.);
#1519 = EDGE_CURVE('',#1107,#1511,#1520,.T.);
#1520 = CIRCLE('',#1521,4.);
#1521 = AXIS2_PLACEMENT_3D('',#1522,#1523,#1524);
#1522 = CARTESIAN_POINT('',(91.,18.,4.));
#1523 = DIRECTION('',(1.,0.,0.));
#1524 = DIRECTION('',(0.,1.,0.));
#1525 = ORIENTED_EDGE('',*,*,#1106,.T.);
#1526 = ORIENTED_EDGE('',*,*,#1527,.F.);
#1527 = EDGE_CURVE('',#1528,#1099,#1530,.T.);
#1528 = VERTEX_POINT('',#1529);
#1529 = CARTESIAN_POINT('',(91.,15.,4.));
#1530 = LINE('',#1531,#1532);
#1531 = CARTESIAN_POINT('',(91.,-18.,4.));
#1532 = VECTOR('',#1533,1.);
#1533 = DIRECTION('',(0.,1.,0.));
#1534 = ORIENTED_EDGE('',*,*,#1535,.T.);
#1535 = EDGE_CURVE('',#1528,#216,#1536,.T.);
#1536 = LINE('',#1537,#1538);
#1537 = CARTESIAN_POINT('',(91.,15.,0.));
#1538 = VECTOR('',#1539,1.);
#1539 = DIRECTION('',(0.,0.,-1.));
#1540 = ORIENTED_EDGE('',*,*,#215,.F.);
#1541 = ORIENTED_EDGE('',*,*,#1215,.F.);
#1542 = ORIENTED_EDGE('',*,*,#1543,.T.);
#1543 = EDGE_CURVE('',#1208,#674,#1544,.T.);
#1544 = LINE('',#1545,#1546);
#1545 = CARTESIAN_POINT('',(91.,-10.43872088151,4.));
#1546 = VECTOR('',#1547,1.);
#1547 = DIRECTION('',(0.,-1.,0.));
#1548 = ORIENTED_EDGE('',*,*,#681,.F.);
#1549 = ORIENTED_EDGE('',*,*,#1550,.F.);
#1550 = EDGE_CURVE('',#1551,#682,#1553,.T.);
#1551 = VERTEX_POINT('',#1552);
#1552 = CARTESIAN_POINT('',(91.,-21.2,6.4));
#1553 = CIRCLE('',#1554,4.);
#1554 = AXIS2_PLACEMENT_3D('',#1555,#1556,#1557);
#1555 = CARTESIAN_POINT('',(91.,-18.,4.));
#1556 = DIRECTION('',(1.,0.,0.));
#1557 = DIRECTION('',(0.,1.,0.));
#1558 = ORIENTED_EDGE('',*,*,#1559,.T.);
#1559 = EDGE_CURVE('',#1551,#1560,#1562,.T.);
#1560 = VERTEX_POINT('',#1561);
#1561 = CARTESIAN_POINT('',(91.,-9.241257029991,22.344990626678));
#1562 = LINE('',#1563,#1564);
#1563 = CARTESIAN_POINT('',(91.,-21.2,6.4));
#1564 = VECTOR('',#1565,1.);
#1565 = DIRECTION('',(0.,0.6,0.8));
#1566 = ORIENTED_EDGE('',*,*,#1567,.F.);
#1567 = EDGE_CURVE('',#1568,#1560,#1570,.T.);
#1568 = VERTEX_POINT('',#1569);
#1569 = CARTESIAN_POINT('',(91.,-10.39230484541,24.));
#1570 = CIRCLE('',#1571,12.);
#1571 = AXIS2_PLACEMENT_3D('',#1572,#1573,#1574);
#1572 = CARTESIAN_POINT('',(91.,0.,30.));
#1573 = DIRECTION('',(1.,0.,0.));
#1574 = DIRECTION('',(0.,1.,0.));
#1575 = ORIENTED_EDGE('',*,*,#1576,.T.);
#1576 = EDGE_CURVE('',#1568,#1577,#1579,.T.);
#1577 = VERTEX_POINT('',#1578);
#1578 = CARTESIAN_POINT('',(91.,-18.,24.));
#1579 = LINE('',#1580,#1581);
#1580 = CARTESIAN_POINT('',(91.,18.,24.));
#1581 = VECTOR('',#1582,1.);
#1582 = DIRECTION('',(0.,-1.,0.));
#1583 = ORIENTED_EDGE('',*,*,#1584,.F.);
#1584 = EDGE_CURVE('',#1585,#1577,#1587,.T.);
#1585 = VERTEX_POINT('',#1586);
#1586 = CARTESIAN_POINT('',(91.,-18.,36.));
#1587 = CIRCLE('',#1588,6.);
#1588 = AXIS2_PLACEMENT_3D('',#1589,#1590,#1591);
#1589 = CARTESIAN_POINT('',(91.,-18.,30.));
#1590 = DIRECTION('',(1.,0.,0.));
#1591 = DIRECTION('',(0.,1.,0.));
#1592 = ORIENTED_EDGE('',*,*,#1593,.T.);
#1593 = EDGE_CURVE('',#1585,#1594,#1596,.T.);
#1594 = VERTEX_POINT('',#1595);
#1595 = CARTESIAN_POINT('',(91.,-10.39230484541,36.));
#1596 = LINE('',#1597,#1598);
#1597 = CARTESIAN_POINT('',(91.,-18.,36.));
#1598 = VECTOR('',#1599,1.);
#1599 = DIRECTION('',(0.,1.,0.));
#1600 = ORIENTED_EDGE('',*,*,#1601,.F.);
#1601 = EDGE_CURVE('',#1602,#1594,#1604,.T.);
#1602 = VERTEX_POINT('',#1603);
#1603 = CARTESIAN_POINT('',(91.,10.392304845413,36.));
#1604 = CIRCLE('',#1605,12.);
#1605 = AXIS2_PLACEMENT_3D('',#1606,#1607,#1608);
#1606 = CARTESIAN_POINT('',(91.,0.,30.));
#1607 = DIRECTION('',(1.,0.,0.));
#1608 = DIRECTION('',(0.,1.,0.));
#1609 = ORIENTED_EDGE('',*,*,#1610,.T.);
#1610 = EDGE_CURVE('',#1602,#1611,#1613,.T.);
#1611 = VERTEX_POINT('',#1612);
#1612 = CARTESIAN_POINT('',(91.,18.,36.));
#1613 = LINE('',#1614,#1615);
#1614 = CARTESIAN_POINT('',(91.,-18.,36.));
#1615 = VECTOR('',#1616,1.);
#1616 = DIRECTION('',(0.,1.,0.));
#1617 = ORIENTED_EDGE('',*,*,#1618,.F.);
#1618 = EDGE_CURVE('',#1477,#1611,#1619,.T.);
#1619 = CIRCLE('',#1620,6.);
#1620 = AXIS2_PLACEMENT_3D('',#1621,#1622,#1623);
#1621 = CARTESIAN_POINT('',(91.,18.,30.));
#1622 = DIRECTION('',(1.,0.,0.));
#1623 = DIRECTION('',(0.,1.,0.));
#1624 = FACE_BOUND('',#1625,.T.);
#1625 = EDGE_LOOP('',(#1626));
#1626 = ORIENTED_EDGE('',*,*,#1627,.T.);
#1627 = EDGE_CURVE('',#1628,#1628,#1630,.T.);
#1628 = VERTEX_POINT('',#1629);
#1629 = CARTESIAN_POINT('',(91.,18.,32.25));
#1630 = CIRCLE('',#1631,2.25);
#1631 = AXIS2_PLACEMENT_3D('',#1632,#1633,#1634);
#1632 = CARTESIAN_POINT('',(91.,18.,30.));
#1633 = DIRECTION('',(1.,0.,-0.));
#1634 = DIRECTION('',(0.,0.,1.));
#1635 = FACE_BOUND('',#1636,.T.);
#1636 = EDGE_LOOP('',(#1637));
#1637 = ORIENTED_EDGE('',*,*,#1638,.T.);
#1638 = EDGE_CURVE('',#1639,#1639,#1641,.T.);
#1639 = VERTEX_POINT('',#1640);
#1640 = CARTESIAN_POINT('',(91.,1.24913973513E-15,35.1));
#1641 = CIRCLE('',#1642,5.1);
#1642 = AXIS2_PLACEMENT_3D('',#1643,#1644,#1645);
#1643 = CARTESIAN_POINT('',(91.,0.,30.));
#1644 = DIRECTION('',(1.,0.,-0.));
#1645 = DIRECTION('',(0.,0.,1.));
#1646 = FACE_BOUND('',#1647,.T.);
#1647 = EDGE_LOOP('',(#1648));
#1648 = ORIENTED_EDGE('',*,*,#1649,.T.);
#1649 = EDGE_CURVE('',#1650,#1650,#1652,.T.);
#1650 = VERTEX_POINT('',#1651);
#1651 = CARTESIAN_POINT('',(91.,-18.,32.25));
#1652 = CIRCLE('',#1653,2.25);
#1653 = AXIS2_PLACEMENT_3D('',#1654,#1655,#1656);
#1654 = CARTESIAN_POINT('',(91.,-18.,30.));
#1655 = DIRECTION('',(1.,0.,-0.));
#1656 = DIRECTION('',(0.,0.,1.));
#1657 = FACE_BOUND('',#1658,.T.);
#1658 = EDGE_LOOP('',(#1659,#1669,#1677,#1685,#1694,#1703));
#1659 = ORIENTED_EDGE('',*,*,#1660,.T.);
#1660 = EDGE_CURVE('',#1661,#1663,#1665,.T.);
#1661 = VERTEX_POINT('',#1662);
#1662 = CARTESIAN_POINT('',(91.,-2.8,17.6));
#1663 = VERTEX_POINT('',#1664);
#1664 = CARTESIAN_POINT('',(91.,-13.,4.));
#1665 = LINE('',#1666,#1667);
#1666 = CARTESIAN_POINT('',(91.,-2.8,17.6));
#1667 = VECTOR('',#1668,1.);
#1668 = DIRECTION('',(0.,-0.6,-0.8));
#1669 = ORIENTED_EDGE('',*,*,#1670,.T.);
#1670 = EDGE_CURVE('',#1663,#1671,#1673,.T.);
#1671 = VERTEX_POINT('',#1672);
#1672 = CARTESIAN_POINT('',(91.,13.,4.));
#1673 = LINE('',#1674,#1675);
#1674 = CARTESIAN_POINT('',(91.,-18.,4.));
#1675 = VECTOR('',#1676,1.);
#1676 = DIRECTION('',(0.,1.,0.));
#1677 = ORIENTED_EDGE('',*,*,#1678,.T.);
#1678 = EDGE_CURVE('',#1671,#1679,#1681,.T.);
#1679 = VERTEX_POINT('',#1680);
#1680 = CARTESIAN_POINT('',(91.,2.8,17.6));
#1681 = LINE('',#1682,#1683);
#1682 = CARTESIAN_POINT('',(91.,14.8,1.6));
#1683 = VECTOR('',#1684,1.);
#1684 = DIRECTION('',(0.,-0.6,0.8));
#1685 = ORIENTED_EDGE('',*,*,#1686,.F.);
#1686 = EDGE_CURVE('',#1687,#1679,#1689,.T.);
#1687 = VERTEX_POINT('',#1688);
#1688 = CARTESIAN_POINT('',(91.,2.406191165111,18.243714699067));
#1689 = CIRCLE('',#1690,4.);
#1690 = AXIS2_PLACEMENT_3D('',#1691,#1692,#1693);
#1691 = CARTESIAN_POINT('',(91.,6.,20.));
#1692 = DIRECTION('',(1.,0.,0.));
#1693 = DIRECTION('',(0.,1.,0.));
#1694 = ORIENTED_EDGE('',*,*,#1695,.F.);
#1695 = EDGE_CURVE('',#1696,#1687,#1698,.T.);
#1696 = VERTEX_POINT('',#1697);
#1697 = CARTESIAN_POINT('',(91.,-2.406191165111,18.243714699067));
#1698 = CIRCLE('',#1699,12.);
#1699 = AXIS2_PLACEMENT_3D('',#1700,#1701,#1702);
#1700 = CARTESIAN_POINT('',(91.,0.,30.));
#1701 = DIRECTION('',(1.,0.,0.));
#1702 = DIRECTION('',(0.,1.,0.));
#1703 = ORIENTED_EDGE('',*,*,#1704,.F.);
#1704 = EDGE_CURVE('',#1661,#1696,#1705,.T.);
#1705 = CIRCLE('',#1706,4.);
#1706 = AXIS2_PLACEMENT_3D('',#1707,#1708,#1709);
#1707 = CARTESIAN_POINT('',(91.,-6.,20.));
#1708 = DIRECTION('',(1.,0.,0.));
#1709 = DIRECTION('',(0.,1.,0.));
#1710 = PLANE('',#1711);
#1711 = AXIS2_PLACEMENT_3D('',#1712,#1713,#1714);
#1712 = CARTESIAN_POINT('',(91.,9.737099920819E-02,18.69413746397));
#1713 = DIRECTION('',(-1.,-0.,-0.));
#1714 = DIRECTION('',(0.,0.,-1.));
#1715 = ADVANCED_FACE('',(#1716),#1727,.F.);
#1716 = FACE_BOUND('',#1717,.F.);
#1717 = EDGE_LOOP('',(#1718,#1719,#1720,#1726));
#1718 = ORIENTED_EDGE('',*,*,#223,.F.);
#1719 = ORIENTED_EDGE('',*,*,#1332,.F.);
#1720 = ORIENTED_EDGE('',*,*,#1721,.T.);
#1721 = EDGE_CURVE('',#1333,#1528,#1722,.T.);
#1722 = LINE('',#1723,#1724);
#1723 = CARTESIAN_POINT('',(3.,15.,4.));
#1724 = VECTOR('',#1725,1.);
#1725 = DIRECTION('',(1.,0.,0.));
#1726 = ORIENTED_EDGE('',*,*,#1535,.T.);
#1727 = PLANE('',#1728);
#1728 = AXIS2_PLACEMENT_3D('',#1729,#1730,#1731);
#1729 = CARTESIAN_POINT('',(3.,15.,0.));
#1730 = DIRECTION('',(0.,1.,0.));
#1731 = DIRECTION('',(0.,0.,1.));
#1732 = ADVANCED_FACE('',(#1733),#1752,.F.);
#1733 = FACE_BOUND('',#1734,.F.);
#1734 = EDGE_LOOP('',(#1735,#1744,#1750,#1751));
#1735 = ORIENTED_EDGE('',*,*,#1736,.F.);
#1736 = EDGE_CURVE('',#1737,#1737,#1739,.T.);
#1737 = VERTEX_POINT('',#1738);
#1738 = CARTESIAN_POINT('',(8.25,18.,4.));
#1739 = CIRCLE('',#1740,2.25);
#1740 = AXIS2_PLACEMENT_3D('',#1741,#1742,#1743);
#1741 = CARTESIAN_POINT('',(6.,18.,4.));
#1742 = DIRECTION('',(0.,0.,1.));
#1743 = DIRECTION('',(1.,0.,0.));
#1744 = ORIENTED_EDGE('',*,*,#1745,.F.);
#1745 = EDGE_CURVE('',#240,#1737,#1746,.T.);
#1746 = LINE('',#1747,#1748);
#1747 = CARTESIAN_POINT('',(8.25,18.,-1.));
#1748 = VECTOR('',#1749,1.);
#1749 = DIRECTION('',(0.,0.,1.));
#1750 = ORIENTED_EDGE('',*,*,#239,.T.);
#1751 = ORIENTED_EDGE('',*,*,#1745,.T.);
#1752 = CYLINDRICAL_SURFACE('',#1753,2.25);
#1753 = AXIS2_PLACEMENT_3D('',#1754,#1755,#1756);
#1754 = CARTESIAN_POINT('',(6.,18.,-1.));
#1755 = DIRECTION('',(0.,0.,1.));
#1756 = DIRECTION('',(1.,0.,0.));
#1757 = ADVANCED_FACE('',(#1758),#1774,.T.);
#1758 = FACE_BOUND('',#1759,.T.);
#1759 = EDGE_LOOP('',(#1760,#1761,#1767,#1768));
#1760 = ORIENTED_EDGE('',*,*,#1485,.F.);
#1761 = ORIENTED_EDGE('',*,*,#1762,.T.);
#1762 = EDGE_CURVE('',#1475,#328,#1763,.T.);
#1763 = LINE('',#1764,#1765);
#1764 = CARTESIAN_POINT('',(91.,18.,24.));
#1765 = VECTOR('',#1766,1.);
#1766 = DIRECTION('',(1.,0.,0.));
#1767 = ORIENTED_EDGE('',*,*,#327,.T.);
#1768 = ORIENTED_EDGE('',*,*,#1769,.F.);
#1769 = EDGE_CURVE('',#1486,#330,#1770,.T.);
#1770 = LINE('',#1771,#1772);
#1771 = CARTESIAN_POINT('',(91.,10.392304845413,24.));
#1772 = VECTOR('',#1773,1.);
#1773 = DIRECTION('',(1.,0.,0.));
#1774 = PLANE('',#1775);
#1775 = AXIS2_PLACEMENT_3D('',#1776,#1777,#1778);
#1776 = CARTESIAN_POINT('',(91.,18.,24.));
#1777 = DIRECTION('',(0.,0.,-1.));
#1778 = DIRECTION('',(0.,-1.,0.));
#1779 = ADVANCED_FACE('',(#1780),#1793,.T.);
#1780 = FACE_BOUND('',#1781,.T.);
#1781 = EDGE_LOOP('',(#1782,#1783,#1789,#1790,#1791,#1792));
#1782 = ORIENTED_EDGE('',*,*,#1618,.T.);
#1783 = ORIENTED_EDGE('',*,*,#1784,.T.);
#1784 = EDGE_CURVE('',#1611,#347,#1785,.T.);
#1785 = LINE('',#1786,#1787);
#1786 = CARTESIAN_POINT('',(91.,18.,36.));
#1787 = VECTOR('',#1788,1.);
#1788 = DIRECTION('',(1.,0.,0.));
#1789 = ORIENTED_EDGE('',*,*,#346,.F.);
#1790 = ORIENTED_EDGE('',*,*,#337,.F.);
#1791 = ORIENTED_EDGE('',*,*,#1762,.F.);
#1792 = ORIENTED_EDGE('',*,*,#1474,.T.);
#1793 = CYLINDRICAL_SURFACE('',#1794,6.);
#1794 = AXIS2_PLACEMENT_3D('',#1795,#1796,#1797);
#1795 = CARTESIAN_POINT('',(91.,18.,30.));
#1796 = DIRECTION('',(1.,0.,0.));
#1797 = DIRECTION('',(0.,1.,0.));
#1798 = ADVANCED_FACE('',(#1799),#1810,.T.);
#1799 = FACE_BOUND('',#1800,.T.);
#1800 = EDGE_LOOP('',(#1801,#1802,#1803,#1809));
#1801 = ORIENTED_EDGE('',*,*,#1769,.T.);
#1802 = ORIENTED_EDGE('',*,*,#482,.F.);
#1803 = ORIENTED_EDGE('',*,*,#1804,.F.);
#1804 = EDGE_CURVE('',#1494,#475,#1805,.T.);
#1805 = LINE('',#1806,#1807);
#1806 = CARTESIAN_POINT('',(91.,9.241257029991,22.344990626679));
#1807 = VECTOR('',#1808,1.);
#1808 = DIRECTION('',(1.,0.,0.));
#1809 = ORIENTED_EDGE('',*,*,#1493,.T.);
#1810 = CYLINDRICAL_SURFACE('',#1811,12.);
#1811 = AXIS2_PLACEMENT_3D('',#1812,#1813,#1814);
#1812 = CARTESIAN_POINT('',(91.,0.,30.));
#1813 = DIRECTION('',(1.,0.,0.));
#1814 = DIRECTION('',(0.,1.,0.));
#1815 = ADVANCED_FACE('',(#1816),#1827,.T.);
#1816 = FACE_BOUND('',#1817,.T.);
#1817 = EDGE_LOOP('',(#1818,#1819,#1820,#1821));
#1818 = ORIENTED_EDGE('',*,*,#1502,.F.);
#1819 = ORIENTED_EDGE('',*,*,#1804,.T.);
#1820 = ORIENTED_EDGE('',*,*,#474,.T.);
#1821 = ORIENTED_EDGE('',*,*,#1822,.F.);
#1822 = EDGE_CURVE('',#1503,#466,#1823,.T.);
#1823 = LINE('',#1824,#1825);
#1824 = CARTESIAN_POINT('',(91.,21.2,6.4));
#1825 = VECTOR('',#1826,1.);
#1826 = DIRECTION('',(1.,0.,0.));
#1827 = PLANE('',#1828);
#1828 = AXIS2_PLACEMENT_3D('',#1829,#1830,#1831);
#1829 = CARTESIAN_POINT('',(91.,9.2,22.4));
#1830 = DIRECTION('',(0.,0.8,0.6));
#1831 = DIRECTION('',(0.,0.6,-0.8));
#1832 = ADVANCED_FACE('',(#1833),#1844,.T.);
#1833 = FACE_BOUND('',#1834,.T.);
#1834 = EDGE_LOOP('',(#1835,#1836,#1842,#1843));
#1835 = ORIENTED_EDGE('',*,*,#1610,.F.);
#1836 = ORIENTED_EDGE('',*,*,#1837,.T.);
#1837 = EDGE_CURVE('',#1602,#356,#1838,.T.);
#1838 = LINE('',#1839,#1840);
#1839 = CARTESIAN_POINT('',(91.,10.392304845413,36.));
#1840 = VECTOR('',#1841,1.);
#1841 = DIRECTION('',(1.,0.,0.));
#1842 = ORIENTED_EDGE('',*,*,#355,.T.);
#1843 = ORIENTED_EDGE('',*,*,#1784,.F.);
#1844 = PLANE('',#1845);
#1845 = AXIS2_PLACEMENT_3D('',#1846,#1847,#1848);
#1846 = CARTESIAN_POINT('',(91.,-18.,36.));
#1847 = DIRECTION('',(0.,0.,1.));
#1848 = DIRECTION('',(0.,1.,0.));
#1849 = ADVANCED_FACE('',(#1850),#1858,.T.);
#1850 = FACE_BOUND('',#1851,.T.);
#1851 = EDGE_LOOP('',(#1852,#1853,#1854,#1855,#1856,#1857));
#1852 = ORIENTED_EDGE('',*,*,#456,.F.);
#1853 = ORIENTED_EDGE('',*,*,#1114,.F.);
#1854 = ORIENTED_EDGE('',*,*,#1519,.T.);
#1855 = ORIENTED_EDGE('',*,*,#1510,.T.);
#1856 = ORIENTED_EDGE('',*,*,#1822,.T.);
#1857 = ORIENTED_EDGE('',*,*,#465,.F.);
#1858 = CYLINDRICAL_SURFACE('',#1859,4.);
#1859 = AXIS2_PLACEMENT_3D('',#1860,#1861,#1862);
#1860 = CARTESIAN_POINT('',(91.,18.,4.));
#1861 = DIRECTION('',(1.,0.,0.));
#1862 = DIRECTION('',(0.,1.,0.));
#1863 = ADVANCED_FACE('',(#1864),#1875,.T.);
#1864 = FACE_BOUND('',#1865,.T.);
#1865 = EDGE_LOOP('',(#1866,#1867,#1868,#1869));
#1866 = ORIENTED_EDGE('',*,*,#363,.F.);
#1867 = ORIENTED_EDGE('',*,*,#1837,.F.);
#1868 = ORIENTED_EDGE('',*,*,#1601,.T.);
#1869 = ORIENTED_EDGE('',*,*,#1870,.T.);
#1870 = EDGE_CURVE('',#1594,#364,#1871,.T.);
#1871 = LINE('',#1872,#1873);
#1872 = CARTESIAN_POINT('',(91.,-10.39230484541,36.));
#1873 = VECTOR('',#1874,1.);
#1874 = DIRECTION('',(1.,0.,0.));
#1875 = CYLINDRICAL_SURFACE('',#1876,12.);
#1876 = AXIS2_PLACEMENT_3D('',#1877,#1878,#1879);
#1877 = CARTESIAN_POINT('',(91.,0.,30.));
#1878 = DIRECTION('',(1.,0.,0.));
#1879 = DIRECTION('',(0.,1.,0.));
#1880 = ADVANCED_FACE('',(#1881),#1892,.T.);
#1881 = FACE_BOUND('',#1882,.T.);
#1882 = EDGE_LOOP('',(#1883,#1884,#1890,#1891));
#1883 = ORIENTED_EDGE('',*,*,#1593,.F.);
#1884 = ORIENTED_EDGE('',*,*,#1885,.T.);
#1885 = EDGE_CURVE('',#1585,#373,#1886,.T.);
#1886 = LINE('',#1887,#1888);
#1887 = CARTESIAN_POINT('',(91.,-18.,36.));
#1888 = VECTOR('',#1889,1.);
#1889 = DIRECTION('',(1.,0.,0.));
#1890 = ORIENTED_EDGE('',*,*,#372,.T.);
#1891 = ORIENTED_EDGE('',*,*,#1870,.F.);
#1892 = PLANE('',#1893);
#1893 = AXIS2_PLACEMENT_3D('',#1894,#1895,#1896);
#1894 = CARTESIAN_POINT('',(91.,-18.,36.));
#1895 = DIRECTION('',(0.,0.,1.));
#1896 = DIRECTION('',(0.,1.,0.));
#1897 = ADVANCED_FACE('',(#1898),#1909,.T.);
#1898 = FACE_BOUND('',#1899,.T.);
#1899 = EDGE_LOOP('',(#1900,#1901,#1902,#1903));
#1900 = ORIENTED_EDGE('',*,*,#380,.F.);
#1901 = ORIENTED_EDGE('',*,*,#1885,.F.);
#1902 = ORIENTED_EDGE('',*,*,#1584,.T.);
#1903 = ORIENTED_EDGE('',*,*,#1904,.T.);
#1904 = EDGE_CURVE('',#1577,#381,#1905,.T.);
#1905 = LINE('',#1906,#1907);
#1906 = CARTESIAN_POINT('',(91.,-18.,24.));
#1907 = VECTOR('',#1908,1.);
#1908 = DIRECTION('',(1.,0.,0.));
#1909 = CYLINDRICAL_SURFACE('',#1910,6.);
#1910 = AXIS2_PLACEMENT_3D('',#1911,#1912,#1913);
#1911 = CARTESIAN_POINT('',(91.,-18.,30.));
#1912 = DIRECTION('',(1.,0.,0.));
#1913 = DIRECTION('',(0.,1.,0.));
#1914 = ADVANCED_FACE('',(#1915),#1926,.T.);
#1915 = FACE_BOUND('',#1916,.T.);
#1916 = EDGE_LOOP('',(#1917,#1918,#1924,#1925));
#1917 = ORIENTED_EDGE('',*,*,#1576,.F.);
#1918 = ORIENTED_EDGE('',*,*,#1919,.T.);
#1919 = EDGE_CURVE('',#1568,#390,#1920,.T.);
#1920 = LINE('',#1921,#1922);
#1921 = CARTESIAN_POINT('',(91.,-10.39230484541,24.));
#1922 = VECTOR('',#1923,1.);
#1923 = DIRECTION('',(1.,0.,0.));
#1924 = ORIENTED_EDGE('',*,*,#389,.T.);
#1925 = ORIENTED_EDGE('',*,*,#1904,.F.);
#1926 = PLANE('',#1927);
#1927 = AXIS2_PLACEMENT_3D('',#1928,#1929,#1930);
#1928 = CARTESIAN_POINT('',(91.,18.,24.));
#1929 = DIRECTION('',(0.,0.,-1.));
#1930 = DIRECTION('',(0.,-1.,0.));
#1931 = ADVANCED_FACE('',(#1932),#1943,.T.);
#1932 = FACE_BOUND('',#1933,.T.);
#1933 = EDGE_LOOP('',(#1934,#1935,#1936,#1937));
#1934 = ORIENTED_EDGE('',*,*,#397,.F.);
#1935 = ORIENTED_EDGE('',*,*,#1919,.F.);
#1936 = ORIENTED_EDGE('',*,*,#1567,.T.);
#1937 = ORIENTED_EDGE('',*,*,#1938,.T.);
#1938 = EDGE_CURVE('',#1560,#398,#1939,.T.);
#1939 = LINE('',#1940,#1941);
#1940 = CARTESIAN_POINT('',(91.,-9.241257029991,22.344990626679));
#1941 = VECTOR('',#1942,1.);
#1942 = DIRECTION('',(1.,0.,0.));
#1943 = CYLINDRICAL_SURFACE('',#1944,12.);
#1944 = AXIS2_PLACEMENT_3D('',#1945,#1946,#1947);
#1945 = CARTESIAN_POINT('',(91.,0.,30.));
#1946 = DIRECTION('',(1.,0.,0.));
#1947 = DIRECTION('',(0.,1.,0.));
#1948 = ADVANCED_FACE('',(#1949),#1960,.T.);
#1949 = FACE_BOUND('',#1950,.T.);
#1950 = EDGE_LOOP('',(#1951,#1952,#1958,#1959));
#1951 = ORIENTED_EDGE('',*,*,#1559,.F.);
#1952 = ORIENTED_EDGE('',*,*,#1953,.T.);
#1953 = EDGE_CURVE('',#1551,#407,#1954,.T.);
#1954 = LINE('',#1955,#1956);
#1955 = CARTESIAN_POINT('',(91.,-21.2,6.4));
#1956 = VECTOR('',#1957,1.);
#1957 = DIRECTION('',(1.,0.,0.));
#1958 = ORIENTED_EDGE('',*,*,#406,.T.);
#1959 = ORIENTED_EDGE('',*,*,#1938,.F.);
#1960 = PLANE('',#1961);
#1961 = AXIS2_PLACEMENT_3D('',#1962,#1963,#1964);
#1962 = CARTESIAN_POINT('',(91.,-21.2,6.4));
#1963 = DIRECTION('',(0.,-0.8,0.6));
#1964 = DIRECTION('',(0.,0.6,0.8));
#1965 = ADVANCED_FACE('',(#1966),#1972,.T.);
#1966 = FACE_BOUND('',#1967,.T.);
#1967 = EDGE_LOOP('',(#1968,#1969,#1970,#1971));
#1968 = ORIENTED_EDGE('',*,*,#414,.F.);
#1969 = ORIENTED_EDGE('',*,*,#1953,.F.);
#1970 = ORIENTED_EDGE('',*,*,#1550,.T.);
#1971 = ORIENTED_EDGE('',*,*,#689,.T.);
#1972 = CYLINDRICAL_SURFACE('',#1973,4.);
#1973 = AXIS2_PLACEMENT_3D('',#1974,#1975,#1976);
#1974 = CARTESIAN_POINT('',(91.,-18.,4.));
#1975 = DIRECTION('',(1.,0.,0.));
#1976 = DIRECTION('',(0.,1.,0.));
#1977 = ADVANCED_FACE('',(#1978,#1985),#1988,.T.);
#1978 = FACE_BOUND('',#1979,.T.);
#1979 = EDGE_LOOP('',(#1980,#1981,#1982,#1983,#1984));
#1980 = ORIENTED_EDGE('',*,*,#696,.T.);
#1981 = ORIENTED_EDGE('',*,*,#990,.T.);
#1982 = ORIENTED_EDGE('',*,*,#981,.T.);
#1983 = ORIENTED_EDGE('',*,*,#1058,.F.);
#1984 = ORIENTED_EDGE('',*,*,#431,.F.);
#1985 = FACE_BOUND('',#1986,.T.);
#1986 = EDGE_LOOP('',(#1987));
#1987 = ORIENTED_EDGE('',*,*,#1131,.F.);
#1988 = PLANE('',#1989);
#1989 = AXIS2_PLACEMENT_3D('',#1990,#1991,#1992);
#1990 = CARTESIAN_POINT('',(109.92175469621,-18.,4.));
#1991 = DIRECTION('',(0.,0.,1.));
#1992 = DIRECTION('',(1.,0.,0.));
#1993 = ADVANCED_FACE('',(#1994),#2005,.F.);
#1994 = FACE_BOUND('',#1995,.F.);
#1995 = EDGE_LOOP('',(#1996,#1997,#2003,#2004));
#1996 = ORIENTED_EDGE('',*,*,#491,.F.);
#1997 = ORIENTED_EDGE('',*,*,#1998,.F.);
#1998 = EDGE_CURVE('',#1628,#492,#1999,.T.);
#1999 = LINE('',#2000,#2001);
#2000 = CARTESIAN_POINT('',(-1.,18.,32.25));
#2001 = VECTOR('',#2002,1.);
#2002 = DIRECTION('',(1.,0.,0.));
#2003 = ORIENTED_EDGE('',*,*,#1627,.T.);
#2004 = ORIENTED_EDGE('',*,*,#1998,.T.);
#2005 = CYLINDRICAL_SURFACE('',#2006,2.25);
#2006 = AXIS2_PLACEMENT_3D('',#2007,#2008,#2009);
#2007 = CARTESIAN_POINT('',(-1.,18.,30.));
#2008 = DIRECTION('',(1.,0.,0.));
#2009 = DIRECTION('',(0.,0.,1.));
#2010 = ADVANCED_FACE('',(#2011),#2027,.T.);
#2011 = FACE_BOUND('',#2012,.T.);
#2012 = EDGE_LOOP('',(#2013,#2014,#2020,#2021));
#2013 = ORIENTED_EDGE('',*,*,#1678,.F.);
#2014 = ORIENTED_EDGE('',*,*,#2015,.F.);
#2015 = EDGE_CURVE('',#503,#1671,#2016,.T.);
#2016 = LINE('',#2017,#2018);
#2017 = CARTESIAN_POINT('',(91.,13.,4.));
#2018 = VECTOR('',#2019,1.);
#2019 = DIRECTION('',(-1.,0.,0.));
#2020 = ORIENTED_EDGE('',*,*,#502,.T.);
#2021 = ORIENTED_EDGE('',*,*,#2022,.F.);
#2022 = EDGE_CURVE('',#1679,#505,#2023,.T.);
#2023 = LINE('',#2024,#2025);
#2024 = CARTESIAN_POINT('',(91.,2.8,17.6));
#2025 = VECTOR('',#2026,1.);
#2026 = DIRECTION('',(1.,0.,0.));
#2027 = PLANE('',#2028);
#2028 = AXIS2_PLACEMENT_3D('',#2029,#2030,#2031);
#2029 = CARTESIAN_POINT('',(91.,14.8,1.6));
#2030 = DIRECTION('',(0.,-0.8,-0.6));
#2031 = DIRECTION('',(0.,-0.6,0.8));
#2032 = ADVANCED_FACE('',(#2033),#2044,.T.);
#2033 = FACE_BOUND('',#2034,.T.);
#2034 = EDGE_LOOP('',(#2035,#2036,#2042,#2043));
#2035 = ORIENTED_EDGE('',*,*,#1670,.F.);
#2036 = ORIENTED_EDGE('',*,*,#2037,.T.);
#2037 = EDGE_CURVE('',#1663,#513,#2038,.T.);
#2038 = LINE('',#2039,#2040);
#2039 = CARTESIAN_POINT('',(91.,-13.,4.));
#2040 = VECTOR('',#2041,1.);
#2041 = DIRECTION('',(1.,0.,0.));
#2042 = ORIENTED_EDGE('',*,*,#512,.T.);
#2043 = ORIENTED_EDGE('',*,*,#2015,.T.);
#2044 = PLANE('',#2045);
#2045 = AXIS2_PLACEMENT_3D('',#2046,#2047,#2048);
#2046 = CARTESIAN_POINT('',(91.,-18.,4.));
#2047 = DIRECTION('',(0.,0.,1.));
#2048 = DIRECTION('',(1.,0.,0.));
#2049 = ADVANCED_FACE('',(#2050),#2061,.T.);
#2050 = FACE_BOUND('',#2051,.T.);
#2051 = EDGE_LOOP('',(#2052,#2053,#2059,#2060));
#2052 = ORIENTED_EDGE('',*,*,#546,.F.);
#2053 = ORIENTED_EDGE('',*,*,#2054,.F.);
#2054 = EDGE_CURVE('',#1687,#538,#2055,.T.);
#2055 = LINE('',#2056,#2057);
#2056 = CARTESIAN_POINT('',(91.,2.406191165111,18.243714699067));
#2057 = VECTOR('',#2058,1.);
#2058 = DIRECTION('',(1.,0.,0.));
#2059 = ORIENTED_EDGE('',*,*,#1686,.T.);
#2060 = ORIENTED_EDGE('',*,*,#2022,.T.);
#2061 = CYLINDRICAL_SURFACE('',#2062,4.);
#2062 = AXIS2_PLACEMENT_3D('',#2063,#2064,#2065);
#2063 = CARTESIAN_POINT('',(91.,6.,20.));
#2064 = DIRECTION('',(1.,0.,0.));
#2065 = DIRECTION('',(0.,1.,0.));
#2066 = ADVANCED_FACE('',(#2067),#2078,.T.);
#2067 = FACE_BOUND('',#2068,.T.);
#2068 = EDGE_LOOP('',(#2069,#2070,#2076,#2077));
#2069 = ORIENTED_EDGE('',*,*,#1660,.F.);
#2070 = ORIENTED_EDGE('',*,*,#2071,.T.);
#2071 = EDGE_CURVE('',#1661,#521,#2072,.T.);
#2072 = LINE('',#2073,#2074);
#2073 = CARTESIAN_POINT('',(91.,-2.8,17.6));
#2074 = VECTOR('',#2075,1.);
#2075 = DIRECTION('',(1.,0.,0.));
#2076 = ORIENTED_EDGE('',*,*,#520,.T.);
#2077 = ORIENTED_EDGE('',*,*,#2037,.F.);
#2078 = PLANE('',#2079);
#2079 = AXIS2_PLACEMENT_3D('',#2080,#2081,#2082);
#2080 = CARTESIAN_POINT('',(91.,-2.8,17.6));
#2081 = DIRECTION('',(0.,0.8,-0.6));
#2082 = DIRECTION('',(0.,-0.6,-0.8));
#2083 = ADVANCED_FACE('',(#2084),#2095,.T.);
#2084 = FACE_BOUND('',#2085,.T.);
#2085 = EDGE_LOOP('',(#2086,#2087,#2088,#2094));
#2086 = ORIENTED_EDGE('',*,*,#2054,.T.);
#2087 = ORIENTED_EDGE('',*,*,#537,.F.);
#2088 = ORIENTED_EDGE('',*,*,#2089,.F.);
#2089 = EDGE_CURVE('',#1696,#529,#2090,.T.);
#2090 = LINE('',#2091,#2092);
#2091 = CARTESIAN_POINT('',(91.,-2.406191165111,18.243714699067));
#2092 = VECTOR('',#2093,1.);
#2093 = DIRECTION('',(1.,0.,0.));
#2094 = ORIENTED_EDGE('',*,*,#1695,.T.);
#2095 = CYLINDRICAL_SURFACE('',#2096,12.);
#2096 = AXIS2_PLACEMENT_3D('',#2097,#2098,#2099);
#2097 = CARTESIAN_POINT('',(91.,0.,30.));
#2098 = DIRECTION('',(1.,0.,0.));
#2099 = DIRECTION('',(0.,1.,0.));
#2100 = ADVANCED_FACE('',(#2101),#2107,.T.);
#2101 = FACE_BOUND('',#2102,.T.);
#2102 = EDGE_LOOP('',(#2103,#2104,#2105,#2106));
#2103 = ORIENTED_EDGE('',*,*,#1704,.T.);
#2104 = ORIENTED_EDGE('',*,*,#2089,.T.);
#2105 = ORIENTED_EDGE('',*,*,#528,.F.);
#2106 = ORIENTED_EDGE('',*,*,#2071,.F.);
#2107 = CYLINDRICAL_SURFACE('',#2108,4.);
#2108 = AXIS2_PLACEMENT_3D('',#2109,#2110,#2111);
#2109 = CARTESIAN_POINT('',(91.,-6.,20.));
#2110 = DIRECTION('',(1.,0.,0.));
#2111 = DIRECTION('',(0.,1.,0.));
#2112 = ADVANCED_FACE('',(#2113),#2132,.F.);
#2113 = FACE_BOUND('',#2114,.F.);
#2114 = EDGE_LOOP('',(#2115,#2116,#2124,#2131));
#2115 = ORIENTED_EDGE('',*,*,#555,.F.);
#2116 = ORIENTED_EDGE('',*,*,#2117,.F.);
#2117 = EDGE_CURVE('',#2118,#556,#2120,.T.);
#2118 = VERTEX_POINT('',#2119);
#2119 = CARTESIAN_POINT('',(97.,1.861463134704E-15,37.6));
#2120 = LINE('',#2121,#2122);
#2121 = CARTESIAN_POINT('',(97.,1.861463134704E-15,37.6));
#2122 = VECTOR('',#2123,1.);
#2123 = DIRECTION('',(1.,0.,0.));
#2124 = ORIENTED_EDGE('',*,*,#2125,.T.);
#2125 = EDGE_CURVE('',#2118,#2118,#2126,.T.);
#2126 = CIRCLE('',#2127,7.6);
#2127 = AXIS2_PLACEMENT_3D('',#2128,#2129,#2130);
#2128 = CARTESIAN_POINT('',(97.,0.,30.));
#2129 = DIRECTION('',(1.,0.,-0.));
#2130 = DIRECTION('',(0.,0.,1.));
#2131 = ORIENTED_EDGE('',*,*,#2117,.T.);
#2132 = CYLINDRICAL_SURFACE('',#2133,7.6);
#2133 = AXIS2_PLACEMENT_3D('',#2134,#2135,#2136);
#2134 = CARTESIAN_POINT('',(97.,0.,30.));
#2135 = DIRECTION('',(1.,0.,0.));
#2136 = DIRECTION('',(0.,0.,1.));
#2137 = ADVANCED_FACE('',(#2138),#2149,.F.);
#2138 = FACE_BOUND('',#2139,.F.);
#2139 = EDGE_LOOP('',(#2140,#2141,#2147,#2148));
#2140 = ORIENTED_EDGE('',*,*,#566,.F.);
#2141 = ORIENTED_EDGE('',*,*,#2142,.F.);
#2142 = EDGE_CURVE('',#1650,#567,#2143,.T.);
#2143 = LINE('',#2144,#2145);
#2144 = CARTESIAN_POINT('',(-1.,-18.,32.25));
#2145 = VECTOR('',#2146,1.);
#2146 = DIRECTION('',(1.,0.,0.));
#2147 = ORIENTED_EDGE('',*,*,#1649,.T.);
#2148 = ORIENTED_EDGE('',*,*,#2142,.T.);
#2149 = CYLINDRICAL_SURFACE('',#2150,2.25);
#2150 = AXIS2_PLACEMENT_3D('',#2151,#2152,#2153);
#2151 = CARTESIAN_POINT('',(-1.,-18.,30.));
#2152 = DIRECTION('',(1.,0.,0.));
#2153 = DIRECTION('',(0.,0.,1.));
#2154 = ADVANCED_FACE('',(#2155,#2161),#2164,.T.);
#2155 = FACE_BOUND('',#2156,.T.);
#2156 = EDGE_LOOP('',(#2157,#2158,#2159,#2160));
#2157 = ORIENTED_EDGE('',*,*,#583,.T.);
#2158 = ORIENTED_EDGE('',*,*,#641,.T.);
#2159 = ORIENTED_EDGE('',*,*,#796,.F.);
#2160 = ORIENTED_EDGE('',*,*,#617,.F.);
#2161 = FACE_BOUND('',#2162,.T.);
#2162 = EDGE_LOOP('',(#2163));
#2163 = ORIENTED_EDGE('',*,*,#1156,.F.);
#2164 = PLANE('',#2165);
#2165 = AXIS2_PLACEMENT_3D('',#2166,#2167,#2168);
#2166 = CARTESIAN_POINT('',(7.43447512577,-18.,4.));
#2167 = DIRECTION('',(0.,0.,1.));
#2168 = DIRECTION('',(1.,0.,0.));
#2169 = ADVANCED_FACE('',(#2170),#2176,.T.);
#2170 = FACE_BOUND('',#2171,.T.);
#2171 = EDGE_LOOP('',(#2172,#2173,#2174,#2175));
#2172 = ORIENTED_EDGE('',*,*,#1324,.F.);
#2173 = ORIENTED_EDGE('',*,*,#673,.T.);
#2174 = ORIENTED_EDGE('',*,*,#1543,.F.);
#2175 = ORIENTED_EDGE('',*,*,#1207,.F.);
#2176 = PLANE('',#2177);
#2177 = AXIS2_PLACEMENT_3D('',#2178,#2179,#2180);
#2178 = CARTESIAN_POINT('',(3.,-21.,4.));
#2179 = DIRECTION('',(0.,0.,1.));
#2180 = DIRECTION('',(1.,0.,0.));
#2181 = ADVANCED_FACE('',(#2182),#2193,.T.);
#2182 = FACE_BOUND('',#2183,.T.);
#2183 = EDGE_LOOP('',(#2184,#2185,#2191,#2192));
#2184 = ORIENTED_EDGE('',*,*,#1316,.F.);
#2185 = ORIENTED_EDGE('',*,*,#2186,.F.);
#2186 = EDGE_CURVE('',#804,#1309,#2187,.T.);
#2187 = LINE('',#2188,#2189);
#2188 = CARTESIAN_POINT('',(13.7,-21.2,6.4));
#2189 = VECTOR('',#2190,1.);
#2190 = DIRECTION('',(1.,0.,0.));
#2191 = ORIENTED_EDGE('',*,*,#803,.T.);
#2192 = ORIENTED_EDGE('',*,*,#657,.T.);
#2193 = CYLINDRICAL_SURFACE('',#2194,4.);
#2194 = AXIS2_PLACEMENT_3D('',#2195,#2196,#2197);
#2195 = CARTESIAN_POINT('',(13.7,-18.,4.));
#2196 = DIRECTION('',(1.,0.,0.));
#2197 = DIRECTION('',(0.,1.,0.));
#2198 = ADVANCED_FACE('',(#2199),#2217,.T.);
#2199 = FACE_BOUND('',#2200,.T.);
#2200 = EDGE_LOOP('',(#2201,#2202,#2208,#2209,#2210,#2216));
#2201 = ORIENTED_EDGE('',*,*,#871,.T.);
#2202 = ORIENTED_EDGE('',*,*,#2203,.T.);
#2203 = EDGE_CURVE('',#864,#1249,#2204,.T.);
#2204 = LINE('',#2205,#2206);
#2205 = CARTESIAN_POINT('',(13.7,18.,36.));
#2206 = VECTOR('',#2207,1.);
#2207 = DIRECTION('',(1.,0.,0.));
#2208 = ORIENTED_EDGE('',*,*,#1248,.F.);
#2209 = ORIENTED_EDGE('',*,*,#1239,.F.);
#2210 = ORIENTED_EDGE('',*,*,#2211,.F.);
#2211 = EDGE_CURVE('',#719,#1230,#2212,.T.);
#2212 = LINE('',#2213,#2214);
#2213 = CARTESIAN_POINT('',(13.7,18.,24.));
#2214 = VECTOR('',#2215,1.);
#2215 = DIRECTION('',(1.,0.,0.));
#2216 = ORIENTED_EDGE('',*,*,#718,.T.);
#2217 = CYLINDRICAL_SURFACE('',#2218,6.);
#2218 = AXIS2_PLACEMENT_3D('',#2219,#2220,#2221);
#2219 = CARTESIAN_POINT('',(13.7,18.,30.));
#2220 = DIRECTION('',(1.,0.,0.));
#2221 = DIRECTION('',(0.,1.,0.));
#2222 = ADVANCED_FACE('',(#2223),#2234,.T.);
#2223 = FACE_BOUND('',#2224,.T.);
#2224 = EDGE_LOOP('',(#2225,#2226,#2227,#2228));
#2225 = ORIENTED_EDGE('',*,*,#729,.F.);
#2226 = ORIENTED_EDGE('',*,*,#2211,.T.);
#2227 = ORIENTED_EDGE('',*,*,#1229,.T.);
#2228 = ORIENTED_EDGE('',*,*,#2229,.F.);
#2229 = EDGE_CURVE('',#730,#1232,#2230,.T.);
#2230 = LINE('',#2231,#2232);
#2231 = CARTESIAN_POINT('',(13.7,10.392304845413,24.));
#2232 = VECTOR('',#2233,1.);
#2233 = DIRECTION('',(1.,0.,0.));
#2234 = PLANE('',#2235);
#2235 = AXIS2_PLACEMENT_3D('',#2236,#2237,#2238);
#2236 = CARTESIAN_POINT('',(13.7,18.,24.));
#2237 = DIRECTION('',(0.,0.,-1.));
#2238 = DIRECTION('',(0.,-1.,0.));
#2239 = ADVANCED_FACE('',(#2240),#2251,.T.);
#2240 = FACE_BOUND('',#2241,.T.);
#2241 = EDGE_LOOP('',(#2242,#2243,#2244,#2250));
#2242 = ORIENTED_EDGE('',*,*,#2229,.T.);
#2243 = ORIENTED_EDGE('',*,*,#1373,.F.);
#2244 = ORIENTED_EDGE('',*,*,#2245,.F.);
#2245 = EDGE_CURVE('',#738,#1366,#2246,.T.);
#2246 = LINE('',#2247,#2248);
#2247 = CARTESIAN_POINT('',(13.7,9.241257029991,22.344990626679));
#2248 = VECTOR('',#2249,1.);
#2249 = DIRECTION('',(1.,0.,0.));
#2250 = ORIENTED_EDGE('',*,*,#737,.T.);
#2251 = CYLINDRICAL_SURFACE('',#2252,12.);
#2252 = AXIS2_PLACEMENT_3D('',#2253,#2254,#2255);
#2253 = CARTESIAN_POINT('',(13.7,0.,30.));
#2254 = DIRECTION('',(1.,0.,0.));
#2255 = DIRECTION('',(0.,1.,0.));
#2256 = ADVANCED_FACE('',(#2257),#2268,.T.);
#2257 = FACE_BOUND('',#2258,.T.);
#2258 = EDGE_LOOP('',(#2259,#2260,#2266,#2267));
#2259 = ORIENTED_EDGE('',*,*,#863,.F.);
#2260 = ORIENTED_EDGE('',*,*,#2261,.T.);
#2261 = EDGE_CURVE('',#855,#1258,#2262,.T.);
#2262 = LINE('',#2263,#2264);
#2263 = CARTESIAN_POINT('',(13.7,10.392304845413,36.));
#2264 = VECTOR('',#2265,1.);
#2265 = DIRECTION('',(1.,0.,0.));
#2266 = ORIENTED_EDGE('',*,*,#1257,.T.);
#2267 = ORIENTED_EDGE('',*,*,#2203,.F.);
#2268 = PLANE('',#2269);
#2269 = AXIS2_PLACEMENT_3D('',#2270,#2271,#2272);
#2270 = CARTESIAN_POINT('',(13.7,-18.,36.));
#2271 = DIRECTION('',(0.,0.,1.));
#2272 = DIRECTION('',(0.,1.,0.));
#2273 = ADVANCED_FACE('',(#2274),#2285,.T.);
#2274 = FACE_BOUND('',#2275,.T.);
#2275 = EDGE_LOOP('',(#2276,#2277,#2278,#2279));
#2276 = ORIENTED_EDGE('',*,*,#746,.F.);
#2277 = ORIENTED_EDGE('',*,*,#2245,.T.);
#2278 = ORIENTED_EDGE('',*,*,#1365,.T.);
#2279 = ORIENTED_EDGE('',*,*,#2280,.F.);
#2280 = EDGE_CURVE('',#747,#1357,#2281,.T.);
#2281 = LINE('',#2282,#2283);
#2282 = CARTESIAN_POINT('',(13.7,21.2,6.4));
#2283 = VECTOR('',#2284,1.);
#2284 = DIRECTION('',(1.,0.,0.));
#2285 = PLANE('',#2286);
#2286 = AXIS2_PLACEMENT_3D('',#2287,#2288,#2289);
#2287 = CARTESIAN_POINT('',(13.7,9.2,22.4));
#2288 = DIRECTION('',(0.,0.8,0.6));
#2289 = DIRECTION('',(0.,0.6,-0.8));
#2290 = ADVANCED_FACE('',(#2291),#2302,.T.);
#2291 = FACE_BOUND('',#2292,.T.);
#2292 = EDGE_LOOP('',(#2293,#2294,#2295,#2296));
#2293 = ORIENTED_EDGE('',*,*,#1265,.F.);
#2294 = ORIENTED_EDGE('',*,*,#2261,.F.);
#2295 = ORIENTED_EDGE('',*,*,#854,.T.);
#2296 = ORIENTED_EDGE('',*,*,#2297,.T.);
#2297 = EDGE_CURVE('',#847,#1266,#2298,.T.);
#2298 = LINE('',#2299,#2300);
#2299 = CARTESIAN_POINT('',(13.7,-10.39230484541,36.));
#2300 = VECTOR('',#2301,1.);
#2301 = DIRECTION('',(1.,0.,0.));
#2302 = CYLINDRICAL_SURFACE('',#2303,12.);
#2303 = AXIS2_PLACEMENT_3D('',#2304,#2305,#2306);
#2304 = CARTESIAN_POINT('',(13.7,0.,30.));
#2305 = DIRECTION('',(1.,0.,0.));
#2306 = DIRECTION('',(0.,1.,0.));
#2307 = ADVANCED_FACE('',(#2308),#2316,.T.);
#2308 = FACE_BOUND('',#2309,.T.);
#2309 = EDGE_LOOP('',(#2310,#2311,#2312,#2313,#2314,#2315));
#2310 = ORIENTED_EDGE('',*,*,#1347,.F.);
#2311 = ORIENTED_EDGE('',*,*,#1082,.F.);
#2312 = ORIENTED_EDGE('',*,*,#763,.T.);
#2313 = ORIENTED_EDGE('',*,*,#754,.T.);
#2314 = ORIENTED_EDGE('',*,*,#2280,.T.);
#2315 = ORIENTED_EDGE('',*,*,#1356,.F.);
#2316 = CYLINDRICAL_SURFACE('',#2317,4.);
#2317 = AXIS2_PLACEMENT_3D('',#2318,#2319,#2320);
#2318 = CARTESIAN_POINT('',(13.7,18.,4.));
#2319 = DIRECTION('',(1.,0.,0.));
#2320 = DIRECTION('',(0.,1.,0.));
#2321 = ADVANCED_FACE('',(#2322),#2333,.T.);
#2322 = FACE_BOUND('',#2323,.T.);
#2323 = EDGE_LOOP('',(#2324,#2325,#2331,#2332));
#2324 = ORIENTED_EDGE('',*,*,#846,.F.);
#2325 = ORIENTED_EDGE('',*,*,#2326,.T.);
#2326 = EDGE_CURVE('',#838,#1275,#2327,.T.);
#2327 = LINE('',#2328,#2329);
#2328 = CARTESIAN_POINT('',(13.7,-18.,36.));
#2329 = VECTOR('',#2330,1.);
#2330 = DIRECTION('',(1.,0.,0.));
#2331 = ORIENTED_EDGE('',*,*,#1274,.T.);
#2332 = ORIENTED_EDGE('',*,*,#2297,.F.);
#2333 = PLANE('',#2334);
#2334 = AXIS2_PLACEMENT_3D('',#2335,#2336,#2337);
#2335 = CARTESIAN_POINT('',(13.7,-18.,36.));
#2336 = DIRECTION('',(0.,0.,1.));
#2337 = DIRECTION('',(0.,1.,0.));
#2338 = ADVANCED_FACE('',(#2339),#2350,.T.);
#2339 = FACE_BOUND('',#2340,.T.);
#2340 = EDGE_LOOP('',(#2341,#2342,#2343,#2344));
#2341 = ORIENTED_EDGE('',*,*,#1282,.F.);
#2342 = ORIENTED_EDGE('',*,*,#2326,.F.);
#2343 = ORIENTED_EDGE('',*,*,#837,.T.);
#2344 = ORIENTED_EDGE('',*,*,#2345,.T.);
#2345 = EDGE_CURVE('',#830,#1283,#2346,.T.);
#2346 = LINE('',#2347,#2348);
#2347 = CARTESIAN_POINT('',(13.7,-18.,24.));
#2348 = VECTOR('',#2349,1.);
#2349 = DIRECTION('',(1.,0.,0.));
#2350 = CYLINDRICAL_SURFACE('',#2351,6.);
#2351 = AXIS2_PLACEMENT_3D('',#2352,#2353,#2354);
#2352 = CARTESIAN_POINT('',(13.7,-18.,30.));
#2353 = DIRECTION('',(1.,0.,0.));
#2354 = DIRECTION('',(0.,1.,0.));
#2355 = ADVANCED_FACE('',(#2356),#2367,.T.);
#2356 = FACE_BOUND('',#2357,.T.);
#2357 = EDGE_LOOP('',(#2358,#2359,#2365,#2366));
#2358 = ORIENTED_EDGE('',*,*,#829,.F.);
#2359 = ORIENTED_EDGE('',*,*,#2360,.T.);
#2360 = EDGE_CURVE('',#821,#1292,#2361,.T.);
#2361 = LINE('',#2362,#2363);
#2362 = CARTESIAN_POINT('',(13.7,-10.39230484541,24.));
#2363 = VECTOR('',#2364,1.);
#2364 = DIRECTION('',(1.,0.,0.));
#2365 = ORIENTED_EDGE('',*,*,#1291,.T.);
#2366 = ORIENTED_EDGE('',*,*,#2345,.F.);
#2367 = PLANE('',#2368);
#2368 = AXIS2_PLACEMENT_3D('',#2369,#2370,#2371);
#2369 = CARTESIAN_POINT('',(13.7,18.,24.));
#2370 = DIRECTION('',(0.,0.,-1.));
#2371 = DIRECTION('',(0.,-1.,0.));
#2372 = ADVANCED_FACE('',(#2373,#2379),#2382,.T.);
#2373 = FACE_BOUND('',#2374,.T.);
#2374 = EDGE_LOOP('',(#2375,#2376,#2377,#2378));
#2375 = ORIENTED_EDGE('',*,*,#1075,.F.);
#2376 = ORIENTED_EDGE('',*,*,#1031,.T.);
#2377 = ORIENTED_EDGE('',*,*,#1016,.T.);
#2378 = ORIENTED_EDGE('',*,*,#780,.T.);
#2379 = FACE_BOUND('',#2380,.T.);
#2380 = EDGE_LOOP('',(#2381));
#2381 = ORIENTED_EDGE('',*,*,#1736,.F.);
#2382 = PLANE('',#2383);
#2383 = AXIS2_PLACEMENT_3D('',#2384,#2385,#2386);
#2384 = CARTESIAN_POINT('',(7.43447512577,18.,4.));
#2385 = DIRECTION('',(0.,0.,1.));
#2386 = DIRECTION('',(1.,0.,0.));
#2387 = ADVANCED_FACE('',(#2388),#2399,.T.);
#2388 = FACE_BOUND('',#2389,.T.);
#2389 = EDGE_LOOP('',(#2390,#2391,#2392,#2393));
#2390 = ORIENTED_EDGE('',*,*,#1299,.F.);
#2391 = ORIENTED_EDGE('',*,*,#2360,.F.);
#2392 = ORIENTED_EDGE('',*,*,#820,.T.);
#2393 = ORIENTED_EDGE('',*,*,#2394,.T.);
#2394 = EDGE_CURVE('',#813,#1300,#2395,.T.);
#2395 = LINE('',#2396,#2397);
#2396 = CARTESIAN_POINT('',(13.7,-9.241257029991,22.344990626679));
#2397 = VECTOR('',#2398,1.);
#2398 = DIRECTION('',(1.,0.,0.));
#2399 = CYLINDRICAL_SURFACE('',#2400,12.);
#2400 = AXIS2_PLACEMENT_3D('',#2401,#2402,#2403);
#2401 = CARTESIAN_POINT('',(13.7,0.,30.));
#2402 = DIRECTION('',(1.,0.,0.));
#2403 = DIRECTION('',(0.,1.,0.));
#2404 = ADVANCED_FACE('',(#2405),#2411,.T.);
#2405 = FACE_BOUND('',#2406,.T.);
#2406 = EDGE_LOOP('',(#2407,#2408,#2409,#2410));
#2407 = ORIENTED_EDGE('',*,*,#812,.F.);
#2408 = ORIENTED_EDGE('',*,*,#2186,.T.);
#2409 = ORIENTED_EDGE('',*,*,#1308,.T.);
#2410 = ORIENTED_EDGE('',*,*,#2394,.F.);
#2411 = PLANE('',#2412);
#2412 = AXIS2_PLACEMENT_3D('',#2413,#2414,#2415);
#2413 = CARTESIAN_POINT('',(13.7,-21.2,6.4));
#2414 = DIRECTION('',(0.,-0.8,0.6));
#2415 = DIRECTION('',(0.,0.6,0.8));
#2416 = ADVANCED_FACE('',(#2417),#2428,.F.);
#2417 = FACE_BOUND('',#2418,.F.);
#2418 = EDGE_LOOP('',(#2419,#2420,#2426,#2427));
#2419 = ORIENTED_EDGE('',*,*,#1382,.F.);
#2420 = ORIENTED_EDGE('',*,*,#2421,.F.);
#2421 = EDGE_CURVE('',#881,#1383,#2422,.T.);
#2422 = LINE('',#2423,#2424);
#2423 = CARTESIAN_POINT('',(-1.,18.,32.25));
#2424 = VECTOR('',#2425,1.);
#2425 = DIRECTION('',(1.,0.,0.));
#2426 = ORIENTED_EDGE('',*,*,#880,.T.);
#2427 = ORIENTED_EDGE('',*,*,#2421,.T.);
#2428 = CYLINDRICAL_SURFACE('',#2429,2.25);
#2429 = AXIS2_PLACEMENT_3D('',#2430,#2431,#2432);
#2430 = CARTESIAN_POINT('',(-1.,18.,30.));
#2431 = DIRECTION('',(1.,0.,0.));
#2432 = DIRECTION('',(0.,0.,1.));
#2433 = ADVANCED_FACE('',(#2434),#2453,.F.);
#2434 = FACE_BOUND('',#2435,.F.);
#2435 = EDGE_LOOP('',(#2436,#2444,#2451,#2452));
#2436 = ORIENTED_EDGE('',*,*,#2437,.T.);
#2437 = EDGE_CURVE('',#892,#2438,#2440,.T.);
#2438 = VERTEX_POINT('',#2439);
#2439 = CARTESIAN_POINT('',(15.,1.861463134704E-15,37.6));
#2440 = LINE('',#2441,#2442);
#2441 = CARTESIAN_POINT('',(13.6,1.861463134704E-15,37.6));
#2442 = VECTOR('',#2443,1.);
#2443 = DIRECTION('',(1.,0.,0.));
#2444 = ORIENTED_EDGE('',*,*,#2445,.F.);
#2445 = EDGE_CURVE('',#2438,#2438,#2446,.T.);
#2446 = CIRCLE('',#2447,7.6);
#2447 = AXIS2_PLACEMENT_3D('',#2448,#2449,#2450);
#2448 = CARTESIAN_POINT('',(15.,0.,30.));
#2449 = DIRECTION('',(1.,0.,-0.));
#2450 = DIRECTION('',(0.,0.,1.));
#2451 = ORIENTED_EDGE('',*,*,#2437,.F.);
#2452 = ORIENTED_EDGE('',*,*,#891,.T.);
#2453 = CYLINDRICAL_SURFACE('',#2454,7.6);
#2454 = AXIS2_PLACEMENT_3D('',#2455,#2456,#2457);
#2455 = CARTESIAN_POINT('',(13.6,0.,30.));
#2456 = DIRECTION('',(1.,0.,0.));
#2457 = DIRECTION('',(0.,0.,1.));
#2458 = ADVANCED_FACE('',(#2459),#2470,.F.);
#2459 = FACE_BOUND('',#2460,.F.);
#2460 = EDGE_LOOP('',(#2461,#2462,#2468,#2469));
#2461 = ORIENTED_EDGE('',*,*,#1457,.F.);
#2462 = ORIENTED_EDGE('',*,*,#2463,.F.);
#2463 = EDGE_CURVE('',#903,#1458,#2464,.T.);
#2464 = LINE('',#2465,#2466);
#2465 = CARTESIAN_POINT('',(-1.,-18.,32.25));
#2466 = VECTOR('',#2467,1.);
#2467 = DIRECTION('',(1.,0.,0.));
#2468 = ORIENTED_EDGE('',*,*,#902,.T.);
#2469 = ORIENTED_EDGE('',*,*,#2463,.T.);
#2470 = CYLINDRICAL_SURFACE('',#2471,2.25);
#2471 = AXIS2_PLACEMENT_3D('',#2472,#2473,#2474);
#2472 = CARTESIAN_POINT('',(-1.,-18.,30.));
#2473 = DIRECTION('',(1.,0.,0.));
#2474 = DIRECTION('',(0.,0.,1.));
#2475 = ADVANCED_FACE('',(#2476),#2492,.T.);
#2476 = FACE_BOUND('',#2477,.T.);
#2477 = EDGE_LOOP('',(#2478,#2479,#2485,#2486));
#2478 = ORIENTED_EDGE('',*,*,#913,.F.);
#2479 = ORIENTED_EDGE('',*,*,#2480,.T.);
#2480 = EDGE_CURVE('',#914,#1412,#2481,.T.);
#2481 = LINE('',#2482,#2483);
#2482 = CARTESIAN_POINT('',(13.7,-2.8,17.6));
#2483 = VECTOR('',#2484,1.);
#2484 = DIRECTION('',(1.,0.,0.));
#2485 = ORIENTED_EDGE('',*,*,#1411,.T.);
#2486 = ORIENTED_EDGE('',*,*,#2487,.F.);
#2487 = EDGE_CURVE('',#916,#1404,#2488,.T.);
#2488 = LINE('',#2489,#2490);
#2489 = CARTESIAN_POINT('',(13.7,-13.,4.));
#2490 = VECTOR('',#2491,1.);
#2491 = DIRECTION('',(1.,0.,0.));
#2492 = PLANE('',#2493);
#2493 = AXIS2_PLACEMENT_3D('',#2494,#2495,#2496);
#2494 = CARTESIAN_POINT('',(13.7,-2.8,17.6));
#2495 = DIRECTION('',(0.,0.8,-0.6));
#2496 = DIRECTION('',(0.,-0.6,-0.8));
#2497 = ADVANCED_FACE('',(#2498),#2509,.T.);
#2498 = FACE_BOUND('',#2499,.T.);
#2499 = EDGE_LOOP('',(#2500,#2501,#2507,#2508));
#2500 = ORIENTED_EDGE('',*,*,#957,.T.);
#2501 = ORIENTED_EDGE('',*,*,#2502,.T.);
#2502 = EDGE_CURVE('',#949,#1420,#2503,.T.);
#2503 = LINE('',#2504,#2505);
#2504 = CARTESIAN_POINT('',(13.7,-2.406191165111,18.243714699067));
#2505 = VECTOR('',#2506,1.);
#2506 = DIRECTION('',(1.,0.,0.));
#2507 = ORIENTED_EDGE('',*,*,#1419,.F.);
#2508 = ORIENTED_EDGE('',*,*,#2480,.F.);
#2509 = CYLINDRICAL_SURFACE('',#2510,4.);
#2510 = AXIS2_PLACEMENT_3D('',#2511,#2512,#2513);
#2511 = CARTESIAN_POINT('',(13.7,-6.,20.));
#2512 = DIRECTION('',(1.,0.,0.));
#2513 = DIRECTION('',(0.,1.,0.));
#2514 = ADVANCED_FACE('',(#2515),#2526,.T.);
#2515 = FACE_BOUND('',#2516,.T.);
#2516 = EDGE_LOOP('',(#2517,#2518,#2519,#2520));
#2517 = ORIENTED_EDGE('',*,*,#923,.F.);
#2518 = ORIENTED_EDGE('',*,*,#2487,.T.);
#2519 = ORIENTED_EDGE('',*,*,#1403,.T.);
#2520 = ORIENTED_EDGE('',*,*,#2521,.T.);
#2521 = EDGE_CURVE('',#1394,#924,#2522,.T.);
#2522 = LINE('',#2523,#2524);
#2523 = CARTESIAN_POINT('',(13.7,13.,4.));
#2524 = VECTOR('',#2525,1.);
#2525 = DIRECTION('',(-1.,0.,0.));
#2526 = PLANE('',#2527);
#2527 = AXIS2_PLACEMENT_3D('',#2528,#2529,#2530);
#2528 = CARTESIAN_POINT('',(13.7,-18.,4.));
#2529 = DIRECTION('',(0.,0.,1.));
#2530 = DIRECTION('',(1.,0.,0.));
#2531 = ADVANCED_FACE('',(#2532),#2543,.T.);
#2532 = FACE_BOUND('',#2533,.T.);
#2533 = EDGE_LOOP('',(#2534,#2540,#2541,#2542));
#2534 = ORIENTED_EDGE('',*,*,#2535,.T.);
#2535 = EDGE_CURVE('',#940,#1429,#2536,.T.);
#2536 = LINE('',#2537,#2538);
#2537 = CARTESIAN_POINT('',(13.7,2.406191165111,18.243714699067));
#2538 = VECTOR('',#2539,1.);
#2539 = DIRECTION('',(1.,0.,0.));
#2540 = ORIENTED_EDGE('',*,*,#1428,.F.);
#2541 = ORIENTED_EDGE('',*,*,#2502,.F.);
#2542 = ORIENTED_EDGE('',*,*,#948,.T.);
#2543 = CYLINDRICAL_SURFACE('',#2544,12.);
#2544 = AXIS2_PLACEMENT_3D('',#2545,#2546,#2547);
#2545 = CARTESIAN_POINT('',(13.7,0.,30.));
#2546 = DIRECTION('',(1.,0.,0.));
#2547 = DIRECTION('',(0.,1.,0.));
#2548 = ADVANCED_FACE('',(#2549),#2560,.T.);
#2549 = FACE_BOUND('',#2550,.T.);
#2550 = EDGE_LOOP('',(#2551,#2552,#2553,#2554));
#2551 = ORIENTED_EDGE('',*,*,#931,.F.);
#2552 = ORIENTED_EDGE('',*,*,#2521,.F.);
#2553 = ORIENTED_EDGE('',*,*,#1393,.T.);
#2554 = ORIENTED_EDGE('',*,*,#2555,.F.);
#2555 = EDGE_CURVE('',#932,#1396,#2556,.T.);
#2556 = LINE('',#2557,#2558);
#2557 = CARTESIAN_POINT('',(13.7,2.8,17.6));
#2558 = VECTOR('',#2559,1.);
#2559 = DIRECTION('',(1.,0.,0.));
#2560 = PLANE('',#2561);
#2561 = AXIS2_PLACEMENT_3D('',#2562,#2563,#2564);
#2562 = CARTESIAN_POINT('',(13.7,14.8,1.6));
#2563 = DIRECTION('',(0.,-0.8,-0.6));
#2564 = DIRECTION('',(0.,-0.6,0.8));
#2565 = ADVANCED_FACE('',(#2566),#2572,.T.);
#2566 = FACE_BOUND('',#2567,.T.);
#2567 = EDGE_LOOP('',(#2568,#2569,#2570,#2571));
#2568 = ORIENTED_EDGE('',*,*,#1437,.F.);
#2569 = ORIENTED_EDGE('',*,*,#2535,.F.);
#2570 = ORIENTED_EDGE('',*,*,#939,.T.);
#2571 = ORIENTED_EDGE('',*,*,#2555,.T.);
#2572 = CYLINDRICAL_SURFACE('',#2573,4.);
#2573 = AXIS2_PLACEMENT_3D('',#2574,#2575,#2576);
#2574 = CARTESIAN_POINT('',(13.7,6.,20.));
#2575 = DIRECTION('',(1.,0.,0.));
#2576 = DIRECTION('',(0.,1.,0.));
#2577 = ADVANCED_FACE('',(#2578),#2584,.T.);
#2578 = FACE_BOUND('',#2579,.T.);
#2579 = EDGE_LOOP('',(#2580,#2581,#2582,#2583));
#2580 = ORIENTED_EDGE('',*,*,#1340,.F.);
#2581 = ORIENTED_EDGE('',*,*,#1721,.T.);
#2582 = ORIENTED_EDGE('',*,*,#1527,.T.);
#2583 = ORIENTED_EDGE('',*,*,#1098,.F.);
#2584 = PLANE('',#2585);
#2585 = AXIS2_PLACEMENT_3D('',#2586,#2587,#2588);
#2586 = CARTESIAN_POINT('',(3.,15.,4.));
#2587 = DIRECTION('',(0.,0.,1.));
#2588 = DIRECTION('',(1.,0.,0.));
#2589 = ADVANCED_FACE('',(#2590),#2609,.F.);
#2590 = FACE_BOUND('',#2591,.F.);
#2591 = EDGE_LOOP('',(#2592,#2601,#2607,#2608));
#2592 = ORIENTED_EDGE('',*,*,#2593,.T.);
#2593 = EDGE_CURVE('',#2594,#2594,#2596,.T.);
#2594 = VERTEX_POINT('',#2595);
#2595 = CARTESIAN_POINT('',(19.2,1.24913973513E-15,35.1));
#2596 = CIRCLE('',#2597,5.1);
#2597 = AXIS2_PLACEMENT_3D('',#2598,#2599,#2600);
#2598 = CARTESIAN_POINT('',(19.2,0.,30.));
#2599 = DIRECTION('',(1.,0.,-0.));
#2600 = DIRECTION('',(0.,0.,1.));
#2601 = ORIENTED_EDGE('',*,*,#2602,.T.);
#2602 = EDGE_CURVE('',#2594,#1447,#2603,.T.);
#2603 = LINE('',#2604,#2605);
#2604 = CARTESIAN_POINT('',(-1.,1.24913973513E-15,35.1));
#2605 = VECTOR('',#2606,1.);
#2606 = DIRECTION('',(1.,0.,0.));
#2607 = ORIENTED_EDGE('',*,*,#1446,.F.);
#2608 = ORIENTED_EDGE('',*,*,#2602,.F.);
#2609 = CYLINDRICAL_SURFACE('',#2610,5.1);
#2610 = AXIS2_PLACEMENT_3D('',#2611,#2612,#2613);
#2611 = CARTESIAN_POINT('',(-1.,0.,30.));
#2612 = DIRECTION('',(1.,0.,0.));
#2613 = DIRECTION('',(0.,0.,1.));
#2614 = ADVANCED_FACE('',(#2615),#2634,.F.);
#2615 = FACE_BOUND('',#2616,.F.);
#2616 = EDGE_LOOP('',(#2617,#2626,#2632,#2633));
#2617 = ORIENTED_EDGE('',*,*,#2618,.F.);
#2618 = EDGE_CURVE('',#2619,#2619,#2621,.T.);
#2619 = VERTEX_POINT('',#2620);
#2620 = CARTESIAN_POINT('',(92.8,1.24913973513E-15,35.1));
#2621 = CIRCLE('',#2622,5.1);
#2622 = AXIS2_PLACEMENT_3D('',#2623,#2624,#2625);
#2623 = CARTESIAN_POINT('',(92.8,0.,30.));
#2624 = DIRECTION('',(1.,0.,-0.));
#2625 = DIRECTION('',(0.,0.,1.));
#2626 = ORIENTED_EDGE('',*,*,#2627,.F.);
#2627 = EDGE_CURVE('',#1639,#2619,#2628,.T.);
#2628 = LINE('',#2629,#2630);
#2629 = CARTESIAN_POINT('',(-1.,1.24913973513E-15,35.1));
#2630 = VECTOR('',#2631,1.);
#2631 = DIRECTION('',(1.,0.,0.));
#2632 = ORIENTED_EDGE('',*,*,#1638,.T.);
#2633 = ORIENTED_EDGE('',*,*,#2627,.T.);
#2634 = CYLINDRICAL_SURFACE('',#2635,5.1);
#2635 = AXIS2_PLACEMENT_3D('',#2636,#2637,#2638);
#2636 = CARTESIAN_POINT('',(-1.,0.,30.));
#2637 = DIRECTION('',(1.,0.,0.));
#2638 = DIRECTION('',(0.,0.,1.));
#2639 = ADVANCED_FACE('',(#2640,#2643),#2654,.T.);
#2640 = FACE_BOUND('',#2641,.T.);
#2641 = EDGE_LOOP('',(#2642));
#2642 = ORIENTED_EDGE('',*,*,#2125,.T.);
#2643 = FACE_BOUND('',#2644,.T.);
#2644 = EDGE_LOOP('',(#2645));
#2645 = ORIENTED_EDGE('',*,*,#2646,.F.);
#2646 = EDGE_CURVE('',#2647,#2647,#2649,.T.);
#2647 = VERTEX_POINT('',#2648);
#2648 = CARTESIAN_POINT('',(97.,1.738998454789E-15,37.1));
#2649 = CIRCLE('',#2650,7.1);
#2650 = AXIS2_PLACEMENT_3D('',#2651,#2652,#2653);
#2651 = CARTESIAN_POINT('',(97.,0.,30.));
#2652 = DIRECTION('',(1.,0.,-0.));
#2653 = DIRECTION('',(0.,0.,1.));
#2654 = PLANE('',#2655);
#2655 = AXIS2_PLACEMENT_3D('',#2656,#2657,#2658);
#2656 = CARTESIAN_POINT('',(97.,0.,30.));
#2657 = DIRECTION('',(1.,0.,0.));
#2658 = DIRECTION('',(0.,0.,1.));
#2659 = ADVANCED_FACE('',(#2660,#2663),#2674,.F.);
#2660 = FACE_BOUND('',#2661,.F.);
#2661 = EDGE_LOOP('',(#2662));
#2662 = ORIENTED_EDGE('',*,*,#2445,.T.);
#2663 = FACE_BOUND('',#2664,.F.);
#2664 = EDGE_LOOP('',(#2665));
#2665 = ORIENTED_EDGE('',*,*,#2666,.F.);
#2666 = EDGE_CURVE('',#2667,#2667,#2669,.T.);
#2667 = VERTEX_POINT('',#2668);
#2668 = CARTESIAN_POINT('',(15.,1.738998454789E-15,37.1));
#2669 = CIRCLE('',#2670,7.1);
#2670 = AXIS2_PLACEMENT_3D('',#2671,#2672,#2673);
#2671 = CARTESIAN_POINT('',(15.,0.,30.));
#2672 = DIRECTION('',(1.,0.,-0.));
#2673 = DIRECTION('',(0.,0.,1.));
#2674 = PLANE('',#2675);
#2675 = AXIS2_PLACEMENT_3D('',#2676,#2677,#2678);
#2676 = CARTESIAN_POINT('',(15.,0.,30.));
#2677 = DIRECTION('',(1.,0.,0.));
#2678 = DIRECTION('',(0.,0.,1.));
#2679 = ADVANCED_FACE('',(#2680,#2691),#2694,.F.);
#2680 = FACE_BOUND('',#2681,.F.);
#2681 = EDGE_LOOP('',(#2682));
#2682 = ORIENTED_EDGE('',*,*,#2683,.T.);
#2683 = EDGE_CURVE('',#2684,#2684,#2686,.T.);
#2684 = VERTEX_POINT('',#2685);
#2685 = CARTESIAN_POINT('',(19.2,1.738998454789E-15,37.1));
#2686 = CIRCLE('',#2687,7.1);
#2687 = AXIS2_PLACEMENT_3D('',#2688,#2689,#2690);
#2688 = CARTESIAN_POINT('',(19.2,0.,30.));
#2689 = DIRECTION('',(1.,0.,-0.));
#2690 = DIRECTION('',(0.,0.,1.));
#2691 = FACE_BOUND('',#2692,.F.);
#2692 = EDGE_LOOP('',(#2693));
#2693 = ORIENTED_EDGE('',*,*,#2593,.F.);
#2694 = PLANE('',#2695);
#2695 = AXIS2_PLACEMENT_3D('',#2696,#2697,#2698);
#2696 = CARTESIAN_POINT('',(19.2,0.,30.));
#2697 = DIRECTION('',(1.,0.,0.));
#2698 = DIRECTION('',(0.,0.,1.));
#2699 = ADVANCED_FACE('',(#2700,#2711),#2714,.T.);
#2700 = FACE_BOUND('',#2701,.T.);
#2701 = EDGE_LOOP('',(#2702));
#2702 = ORIENTED_EDGE('',*,*,#2703,.T.);
#2703 = EDGE_CURVE('',#2704,#2704,#2706,.T.);
#2704 = VERTEX_POINT('',#2705);
#2705 = CARTESIAN_POINT('',(92.8,1.738998454789E-15,37.1));
#2706 = CIRCLE('',#2707,7.1);
#2707 = AXIS2_PLACEMENT_3D('',#2708,#2709,#2710);
#2708 = CARTESIAN_POINT('',(92.8,0.,30.));
#2709 = DIRECTION('',(1.,0.,-0.));
#2710 = DIRECTION('',(0.,0.,1.));
#2711 = FACE_BOUND('',#2712,.T.);
#2712 = EDGE_LOOP('',(#2713));
#2713 = ORIENTED_EDGE('',*,*,#2618,.F.);
#2714 = PLANE('',#2715);
#2715 = AXIS2_PLACEMENT_3D('',#2716,#2717,#2718);
#2716 = CARTESIAN_POINT('',(92.8,0.,30.));
#2717 = DIRECTION('',(1.,0.,0.));
#2718 = DIRECTION('',(0.,0.,1.));
#2719 = ADVANCED_FACE('',(#2720),#2731,.F.);
#2720 = FACE_BOUND('',#2721,.F.);
#2721 = EDGE_LOOP('',(#2722,#2723,#2729,#2730));
#2722 = ORIENTED_EDGE('',*,*,#2646,.F.);
#2723 = ORIENTED_EDGE('',*,*,#2724,.F.);
#2724 = EDGE_CURVE('',#2704,#2647,#2725,.T.);
#2725 = LINE('',#2726,#2727);
#2726 = CARTESIAN_POINT('',(92.8,1.738998454789E-15,37.1));
#2727 = VECTOR('',#2728,1.);
#2728 = DIRECTION('',(1.,0.,0.));
#2729 = ORIENTED_EDGE('',*,*,#2703,.T.);
#2730 = ORIENTED_EDGE('',*,*,#2724,.T.);
#2731 = CYLINDRICAL_SURFACE('',#2732,7.1);
#2732 = AXIS2_PLACEMENT_3D('',#2733,#2734,#2735);
#2733 = CARTESIAN_POINT('',(92.8,0.,30.));
#2734 = DIRECTION('',(1.,0.,0.));
#2735 = DIRECTION('',(0.,0.,1.));
#2736 = ADVANCED_FACE('',(#2737),#2748,.F.);
#2737 = FACE_BOUND('',#2738,.F.);
#2738 = EDGE_LOOP('',(#2739,#2740,#2746,#2747));
#2739 = ORIENTED_EDGE('',*,*,#2683,.F.);
#2740 = ORIENTED_EDGE('',*,*,#2741,.F.);
#2741 = EDGE_CURVE('',#2667,#2684,#2742,.T.);
#2742 = LINE('',#2743,#2744);
#2743 = CARTESIAN_POINT('',(15.,1.738998454789E-15,37.1));
#2744 = VECTOR('',#2745,1.);
#2745 = DIRECTION('',(1.,0.,0.));
#2746 = ORIENTED_EDGE('',*,*,#2666,.T.);
#2747 = ORIENTED_EDGE('',*,*,#2741,.T.);
#2748 = CYLINDRICAL_SURFACE('',#2749,7.1);
#2749 = AXIS2_PLACEMENT_3D('',#2750,#2751,#2752);
#2750 = CARTESIAN_POINT('',(15.,0.,30.));
#2751 = DIRECTION('',(1.,0.,0.));
#2752 = DIRECTION('',(0.,0.,1.));
#2753 = MANIFOLD_SOLID_BREP('',#2754);
#2754 = CLOSED_SHELL('',(#2755,#2788,#2808,#2828));
#2755 = ADVANCED_FACE('',(#2756),#2783,.T.);
#2756 = FACE_BOUND('',#2757,.T.);
#2757 = EDGE_LOOP('',(#2758,#2767,#2775,#2782));
#2758 = ORIENTED_EDGE('',*,*,#2759,.F.);
#2759 = EDGE_CURVE('',#2760,#2760,#2762,.T.);
#2760 = VERTEX_POINT('',#2761);
#2761 = CARTESIAN_POINT('',(14.,4.255,30.));
#2762 = CIRCLE('',#2763,4.255);
#2763 = AXIS2_PLACEMENT_3D('',#2764,#2765,#2766);
#2764 = CARTESIAN_POINT('',(14.,0.,30.));
#2765 = DIRECTION('',(-1.,0.,0.));
#2766 = DIRECTION('',(0.,1.,0.));
#2767 = ORIENTED_EDGE('',*,*,#2768,.F.);
#2768 = EDGE_CURVE('',#2769,#2760,#2771,.T.);
#2769 = VERTEX_POINT('',#2770);
#2770 = CARTESIAN_POINT('',(19.,4.255,30.));
#2771 = LINE('',#2772,#2773);
#2772 = CARTESIAN_POINT('',(19.,4.255,30.));
#2773 = VECTOR('',#2774,1.);
#2774 = DIRECTION('',(-1.,0.,0.));
#2775 = ORIENTED_EDGE('',*,*,#2776,.T.);
#2776 = EDGE_CURVE('',#2769,#2769,#2777,.T.);
#2777 = CIRCLE('',#2778,4.255);
#2778 = AXIS2_PLACEMENT_3D('',#2779,#2780,#2781);
#2779 = CARTESIAN_POINT('',(19.,0.,30.));
#2780 = DIRECTION('',(-1.,0.,0.));
#2781 = DIRECTION('',(0.,1.,0.));
#2782 = ORIENTED_EDGE('',*,*,#2768,.T.);
#2783 = CYLINDRICAL_SURFACE('',#2784,4.255);
#2784 = AXIS2_PLACEMENT_3D('',#2785,#2786,#2787);
#2785 = CARTESIAN_POINT('',(19.,0.,30.));
#2786 = DIRECTION('',(-1.,0.,0.));
#2787 = DIRECTION('',(0.,1.,0.));
#2788 = ADVANCED_FACE('',(#2789,#2792),#2803,.T.);
#2789 = FACE_BOUND('',#2790,.T.);
#2790 = EDGE_LOOP('',(#2791));
#2791 = ORIENTED_EDGE('',*,*,#2759,.T.);
#2792 = FACE_BOUND('',#2793,.T.);
#2793 = EDGE_LOOP('',(#2794));
#2794 = ORIENTED_EDGE('',*,*,#2795,.F.);
#2795 = EDGE_CURVE('',#2796,#2796,#2798,.T.);
#2796 = VERTEX_POINT('',#2797);
#2797 = CARTESIAN_POINT('',(14.,3.,30.));
#2798 = CIRCLE('',#2799,3.);
#2799 = AXIS2_PLACEMENT_3D('',#2800,#2801,#2802);
#2800 = CARTESIAN_POINT('',(14.,0.,30.));
#2801 = DIRECTION('',(-1.,0.,0.));
#2802 = DIRECTION('',(0.,1.,0.));
#2803 = PLANE('',#2804);
#2804 = AXIS2_PLACEMENT_3D('',#2805,#2806,#2807);
#2805 = CARTESIAN_POINT('',(14.,0.,30.));
#2806 = DIRECTION('',(-1.,0.,0.));
#2807 = DIRECTION('',(0.,1.,0.));
#2808 = ADVANCED_FACE('',(#2809,#2812),#2823,.F.);
#2809 = FACE_BOUND('',#2810,.F.);
#2810 = EDGE_LOOP('',(#2811));
#2811 = ORIENTED_EDGE('',*,*,#2776,.T.);
#2812 = FACE_BOUND('',#2813,.F.);
#2813 = EDGE_LOOP('',(#2814));
#2814 = ORIENTED_EDGE('',*,*,#2815,.F.);
#2815 = EDGE_CURVE('',#2816,#2816,#2818,.T.);
#2816 = VERTEX_POINT('',#2817);
#2817 = CARTESIAN_POINT('',(19.,3.,30.));
#2818 = CIRCLE('',#2819,3.);
#2819 = AXIS2_PLACEMENT_3D('',#2820,#2821,#2822);
#2820 = CARTESIAN_POINT('',(19.,0.,30.));
#2821 = DIRECTION('',(-1.,0.,0.));
#2822 = DIRECTION('',(0.,1.,0.));
#2823 = PLANE('',#2824);
#2824 = AXIS2_PLACEMENT_3D('',#2825,#2826,#2827);
#2825 = CARTESIAN_POINT('',(19.,0.,30.));
#2826 = DIRECTION('',(-1.,0.,0.));
#2827 = DIRECTION('',(0.,1.,0.));
#2828 = ADVANCED_FACE('',(#2829),#2840,.F.);
#2829 = FACE_BOUND('',#2830,.F.);
#2830 = EDGE_LOOP('',(#2831,#2832,#2838,#2839));
#2831 = ORIENTED_EDGE('',*,*,#2795,.F.);
#2832 = ORIENTED_EDGE('',*,*,#2833,.F.);
#2833 = EDGE_CURVE('',#2816,#2796,#2834,.T.);
#2834 = LINE('',#2835,#2836);
#2835 = CARTESIAN_POINT('',(20.,3.,30.));
#2836 = VECTOR('',#2837,1.);
#2837 = DIRECTION('',(-1.,0.,0.));
#2838 = ORIENTED_EDGE('',*,*,#2815,.T.);
#2839 = ORIENTED_EDGE('',*,*,#2833,.T.);
#2840 = CYLINDRICAL_SURFACE('',#2841,3.);
#2841 = AXIS2_PLACEMENT_3D('',#2842,#2843,#2844);
#2842 = CARTESIAN_POINT('',(20.,0.,30.));
#2843 = DIRECTION('',(-1.,0.,0.));
#2844 = DIRECTION('',(0.,1.,0.));
#2845 = MANIFOLD_SOLID_BREP('',#2846);
#2846 = CLOSED_SHELL('',(#2847,#2880,#2900,#2920,#2945,#2970,#2990));
#2847 = ADVANCED_FACE('',(#2848),#2875,.T.);
#2848 = FACE_BOUND('',#2849,.T.);
#2849 = EDGE_LOOP('',(#2850,#2859,#2867,#2874));
#2850 = ORIENTED_EDGE('',*,*,#2851,.F.);
#2851 = EDGE_CURVE('',#2852,#2852,#2854,.T.);
#2852 = VERTEX_POINT('',#2853);
#2853 = CARTESIAN_POINT('',(15.,7.,30.));
#2854 = CIRCLE('',#2855,7.);
#2855 = AXIS2_PLACEMENT_3D('',#2856,#2857,#2858);
#2856 = CARTESIAN_POINT('',(15.,0.,30.));
#2857 = DIRECTION('',(-1.,0.,0.));
#2858 = DIRECTION('',(0.,1.,0.));
#2859 = ORIENTED_EDGE('',*,*,#2860,.F.);
#2860 = EDGE_CURVE('',#2861,#2852,#2863,.T.);
#2861 = VERTEX_POINT('',#2862);
#2862 = CARTESIAN_POINT('',(19.,7.,30.));
#2863 = LINE('',#2864,#2865);
#2864 = CARTESIAN_POINT('',(19.,7.,30.));
#2865 = VECTOR('',#2866,1.);
#2866 = DIRECTION('',(-1.,0.,0.));
#2867 = ORIENTED_EDGE('',*,*,#2868,.T.);
#2868 = EDGE_CURVE('',#2861,#2861,#2869,.T.);
#2869 = CIRCLE('',#2870,7.);
#2870 = AXIS2_PLACEMENT_3D('',#2871,#2872,#2873);
#2871 = CARTESIAN_POINT('',(19.,0.,30.));
#2872 = DIRECTION('',(-1.,0.,0.));
#2873 = DIRECTION('',(0.,1.,0.));
#2874 = ORIENTED_EDGE('',*,*,#2860,.T.);
#2875 = CYLINDRICAL_SURFACE('',#2876,7.);
#2876 = AXIS2_PLACEMENT_3D('',#2877,#2878,#2879);
#2877 = CARTESIAN_POINT('',(19.,0.,30.));
#2878 = DIRECTION('',(-1.,0.,0.));
#2879 = DIRECTION('',(0.,1.,0.));
#2880 = ADVANCED_FACE('',(#2881,#2892),#2895,.F.);
#2881 = FACE_BOUND('',#2882,.F.);
#2882 = EDGE_LOOP('',(#2883));
#2883 = ORIENTED_EDGE('',*,*,#2884,.T.);
#2884 = EDGE_CURVE('',#2885,#2885,#2887,.T.);
#2885 = VERTEX_POINT('',#2886);
#2886 = CARTESIAN_POINT('',(15.,7.5,30.));
#2887 = CIRCLE('',#2888,7.5);
#2888 = AXIS2_PLACEMENT_3D('',#2889,#2890,#2891);
#2889 = CARTESIAN_POINT('',(15.,0.,30.));
#2890 = DIRECTION('',(-1.,0.,0.));
#2891 = DIRECTION('',(0.,1.,0.));
#2892 = FACE_BOUND('',#2893,.F.);
#2893 = EDGE_LOOP('',(#2894));
#2894 = ORIENTED_EDGE('',*,*,#2851,.F.);
#2895 = PLANE('',#2896);
#2896 = AXIS2_PLACEMENT_3D('',#2897,#2898,#2899);
#2897 = CARTESIAN_POINT('',(15.,0.,30.));
#2898 = DIRECTION('',(-1.,0.,0.));
#2899 = DIRECTION('',(0.,1.,0.));
#2900 = ADVANCED_FACE('',(#2901,#2904),#2915,.F.);
#2901 = FACE_BOUND('',#2902,.F.);
#2902 = EDGE_LOOP('',(#2903));
#2903 = ORIENTED_EDGE('',*,*,#2868,.T.);
#2904 = FACE_BOUND('',#2905,.F.);
#2905 = EDGE_LOOP('',(#2906));
#2906 = ORIENTED_EDGE('',*,*,#2907,.F.);
#2907 = EDGE_CURVE('',#2908,#2908,#2910,.T.);
#2908 = VERTEX_POINT('',#2909);
#2909 = CARTESIAN_POINT('',(19.,6.2,30.));
#2910 = CIRCLE('',#2911,6.2);
#2911 = AXIS2_PLACEMENT_3D('',#2912,#2913,#2914);
#2912 = CARTESIAN_POINT('',(19.,0.,30.));
#2913 = DIRECTION('',(-1.,0.,0.));
#2914 = DIRECTION('',(0.,1.,0.));
#2915 = PLANE('',#2916);
#2916 = AXIS2_PLACEMENT_3D('',#2917,#2918,#2919);
#2917 = CARTESIAN_POINT('',(19.,0.,30.));
#2918 = DIRECTION('',(-1.,0.,0.));
#2919 = DIRECTION('',(0.,1.,0.));
#2920 = ADVANCED_FACE('',(#2921),#2940,.T.);
#2921 = FACE_BOUND('',#2922,.T.);
#2922 = EDGE_LOOP('',(#2923,#2932,#2938,#2939));
#2923 = ORIENTED_EDGE('',*,*,#2924,.F.);
#2924 = EDGE_CURVE('',#2925,#2925,#2927,.T.);
#2925 = VERTEX_POINT('',#2926);
#2926 = CARTESIAN_POINT('',(14.,7.5,30.));
#2927 = CIRCLE('',#2928,7.5);
#2928 = AXIS2_PLACEMENT_3D('',#2929,#2930,#2931);
#2929 = CARTESIAN_POINT('',(14.,0.,30.));
#2930 = DIRECTION('',(-1.,0.,0.));
#2931 = DIRECTION('',(0.,1.,0.));
#2932 = ORIENTED_EDGE('',*,*,#2933,.F.);
#2933 = EDGE_CURVE('',#2885,#2925,#2934,.T.);
#2934 = LINE('',#2935,#2936);
#2935 = CARTESIAN_POINT('',(15.,7.5,30.));
#2936 = VECTOR('',#2937,1.);
#2937 = DIRECTION('',(-1.,0.,0.));
#2938 = ORIENTED_EDGE('',*,*,#2884,.T.);
#2939 = ORIENTED_EDGE('',*,*,#2933,.T.);
#2940 = CYLINDRICAL_SURFACE('',#2941,7.5);
#2941 = AXIS2_PLACEMENT_3D('',#2942,#2943,#2944);
#2942 = CARTESIAN_POINT('',(15.,0.,30.));
#2943 = DIRECTION('',(-1.,0.,0.));
#2944 = DIRECTION('',(0.,1.,0.));
#2945 = ADVANCED_FACE('',(#2946),#2965,.F.);
#2946 = FACE_BOUND('',#2947,.F.);
#2947 = EDGE_LOOP('',(#2948,#2957,#2963,#2964));
#2948 = ORIENTED_EDGE('',*,*,#2949,.F.);
#2949 = EDGE_CURVE('',#2950,#2950,#2952,.T.);
#2950 = VERTEX_POINT('',#2951);
#2951 = CARTESIAN_POINT('',(15.,6.2,30.));
#2952 = CIRCLE('',#2953,6.2);
#2953 = AXIS2_PLACEMENT_3D('',#2954,#2955,#2956);
#2954 = CARTESIAN_POINT('',(15.,0.,30.));
#2955 = DIRECTION('',(-1.,0.,0.));
#2956 = DIRECTION('',(0.,1.,0.));
#2957 = ORIENTED_EDGE('',*,*,#2958,.F.);
#2958 = EDGE_CURVE('',#2908,#2950,#2959,.T.);
#2959 = LINE('',#2960,#2961);
#2960 = CARTESIAN_POINT('',(20.,6.2,30.));
#2961 = VECTOR('',#2962,1.);
#2962 = DIRECTION('',(-1.,0.,0.));
#2963 = ORIENTED_EDGE('',*,*,#2907,.T.);
#2964 = ORIENTED_EDGE('',*,*,#2958,.T.);
#2965 = CYLINDRICAL_SURFACE('',#2966,6.2);
#2966 = AXIS2_PLACEMENT_3D('',#2967,#2968,#2969);
#2967 = CARTESIAN_POINT('',(20.,0.,30.));
#2968 = DIRECTION('',(-1.,0.,0.));
#2969 = DIRECTION('',(0.,1.,0.));
#2970 = ADVANCED_FACE('',(#2971,#2974),#2985,.T.);
#2971 = FACE_BOUND('',#2972,.T.);
#2972 = EDGE_LOOP('',(#2973));
#2973 = ORIENTED_EDGE('',*,*,#2924,.T.);
#2974 = FACE_BOUND('',#2975,.T.);
#2975 = EDGE_LOOP('',(#2976));
#2976 = ORIENTED_EDGE('',*,*,#2977,.F.);
#2977 = EDGE_CURVE('',#2978,#2978,#2980,.T.);
#2978 = VERTEX_POINT('',#2979);
#2979 = CARTESIAN_POINT('',(14.,6.2,30.));
#2980 = CIRCLE('',#2981,6.2);
#2981 = AXIS2_PLACEMENT_3D('',#2982,#2983,#2984);
#2982 = CARTESIAN_POINT('',(14.,0.,30.));
#2983 = DIRECTION('',(-1.,0.,0.));
#2984 = DIRECTION('',(0.,1.,0.));
#2985 = PLANE('',#2986);
#2986 = AXIS2_PLACEMENT_3D('',#2987,#2988,#2989);
#2987 = CARTESIAN_POINT('',(14.,0.,30.));
#2988 = DIRECTION('',(-1.,0.,0.));
#2989 = DIRECTION('',(0.,1.,0.));
#2990 = ADVANCED_FACE('',(#2991),#3002,.F.);
#2991 = FACE_BOUND('',#2992,.F.);
#2992 = EDGE_LOOP('',(#2993,#2994,#3000,#3001));
#2993 = ORIENTED_EDGE('',*,*,#2977,.F.);
#2994 = ORIENTED_EDGE('',*,*,#2995,.F.);
#2995 = EDGE_CURVE('',#2950,#2978,#2996,.T.);
#2996 = LINE('',#2997,#2998);
#2997 = CARTESIAN_POINT('',(16.,6.2,30.));
#2998 = VECTOR('',#2999,1.);
#2999 = DIRECTION('',(-1.,0.,0.));
#3000 = ORIENTED_EDGE('',*,*,#2949,.T.);
#3001 = ORIENTED_EDGE('',*,*,#2995,.T.);
#3002 = CYLINDRICAL_SURFACE('',#3003,6.2);
#3003 = AXIS2_PLACEMENT_3D('',#3004,#3005,#3006);
#3004 = CARTESIAN_POINT('',(16.,0.,30.));
#3005 = DIRECTION('',(-1.,0.,0.));
#3006 = DIRECTION('',(0.,1.,0.));
#3007 = MANIFOLD_SOLID_BREP('',#3008);
#3008 = CLOSED_SHELL('',(#3009,#3042,#3062,#3082));
#3009 = ADVANCED_FACE('',(#3010),#3037,.T.);
#3010 = FACE_BOUND('',#3011,.T.);
#3011 = EDGE_LOOP('',(#3012,#3021,#3029,#3036));
#3012 = ORIENTED_EDGE('',*,*,#3013,.F.);
#3013 = EDGE_CURVE('',#3014,#3014,#3016,.T.);
#3014 = VERTEX_POINT('',#3015);
#3015 = CARTESIAN_POINT('',(18.58,6.19,30.));
#3016 = CIRCLE('',#3017,6.19);
#3017 = AXIS2_PLACEMENT_3D('',#3018,#3019,#3020);
#3018 = CARTESIAN_POINT('',(18.58,0.,30.));
#3019 = DIRECTION('',(-1.,0.,0.));
#3020 = DIRECTION('',(0.,1.,0.));
#3021 = ORIENTED_EDGE('',*,*,#3022,.F.);
#3022 = EDGE_CURVE('',#3023,#3014,#3025,.T.);
#3023 = VERTEX_POINT('',#3024);
#3024 = CARTESIAN_POINT('',(18.7,6.19,30.));
#3025 = LINE('',#3026,#3027);
#3026 = CARTESIAN_POINT('',(18.7,6.19,30.));
#3027 = VECTOR('',#3028,1.);
#3028 = DIRECTION('',(-1.,0.,0.));
#3029 = ORIENTED_EDGE('',*,*,#3030,.T.);
#3030 = EDGE_CURVE('',#3023,#3023,#3031,.T.);
#3031 = CIRCLE('',#3032,6.19);
#3032 = AXIS2_PLACEMENT_3D('',#3033,#3034,#3035);
#3033 = CARTESIAN_POINT('',(18.7,0.,30.));
#3034 = DIRECTION('',(-1.,0.,0.));
#3035 = DIRECTION('',(0.,1.,0.));
#3036 = ORIENTED_EDGE('',*,*,#3022,.T.);
#3037 = CYLINDRICAL_SURFACE('',#3038,6.19);
#3038 = AXIS2_PLACEMENT_3D('',#3039,#3040,#3041);
#3039 = CARTESIAN_POINT('',(18.7,0.,30.));
#3040 = DIRECTION('',(-1.,0.,0.));
#3041 = DIRECTION('',(0.,1.,0.));
#3042 = ADVANCED_FACE('',(#3043,#3046),#3057,.T.);
#3043 = FACE_BOUND('',#3044,.T.);
#3044 = EDGE_LOOP('',(#3045));
#3045 = ORIENTED_EDGE('',*,*,#3013,.T.);
#3046 = FACE_BOUND('',#3047,.T.);
#3047 = EDGE_LOOP('',(#3048));
#3048 = ORIENTED_EDGE('',*,*,#3049,.F.);
#3049 = EDGE_CURVE('',#3050,#3050,#3052,.T.);
#3050 = VERTEX_POINT('',#3051);
#3051 = CARTESIAN_POINT('',(18.58,4.43,30.));
#3052 = CIRCLE('',#3053,4.43);
#3053 = AXIS2_PLACEMENT_3D('',#3054,#3055,#3056);
#3054 = CARTESIAN_POINT('',(18.58,0.,30.));
#3055 = DIRECTION('',(-1.,0.,0.));
#3056 = DIRECTION('',(0.,1.,0.));
#3057 = PLANE('',#3058);
#3058 = AXIS2_PLACEMENT_3D('',#3059,#3060,#3061);
#3059 = CARTESIAN_POINT('',(18.58,0.,30.));
#3060 = DIRECTION('',(-1.,0.,0.));
#3061 = DIRECTION('',(0.,1.,0.));
#3062 = ADVANCED_FACE('',(#3063,#3066),#3077,.F.);
#3063 = FACE_BOUND('',#3064,.F.);
#3064 = EDGE_LOOP('',(#3065));
#3065 = ORIENTED_EDGE('',*,*,#3030,.T.);
#3066 = FACE_BOUND('',#3067,.F.);
#3067 = EDGE_LOOP('',(#3068));
#3068 = ORIENTED_EDGE('',*,*,#3069,.F.);
#3069 = EDGE_CURVE('',#3070,#3070,#3072,.T.);
#3070 = VERTEX_POINT('',#3071);
#3071 = CARTESIAN_POINT('',(18.7,4.43,30.));
#3072 = CIRCLE('',#3073,4.43);
#3073 = AXIS2_PLACEMENT_3D('',#3074,#3075,#3076);
#3074 = CARTESIAN_POINT('',(18.7,0.,30.));
#3075 = DIRECTION('',(-1.,0.,0.));
#3076 = DIRECTION('',(0.,1.,0.));
#3077 = PLANE('',#3078);
#3078 = AXIS2_PLACEMENT_3D('',#3079,#3080,#3081);
#3079 = CARTESIAN_POINT('',(18.7,0.,30.));
#3080 = DIRECTION('',(-1.,0.,0.));
#3081 = DIRECTION('',(0.,1.,0.));
#3082 = ADVANCED_FACE('',(#3083),#3094,.F.);
#3083 = FACE_BOUND('',#3084,.F.);
#3084 = EDGE_LOOP('',(#3085,#3086,#3092,#3093));
#3085 = ORIENTED_EDGE('',*,*,#3049,.F.);
#3086 = ORIENTED_EDGE('',*,*,#3087,.F.);
#3087 = EDGE_CURVE('',#3070,#3050,#3088,.T.);
#3088 = LINE('',#3089,#3090);
#3089 = CARTESIAN_POINT('',(19.7,4.43,30.));
#3090 = VECTOR('',#3091,1.);
#3091 = DIRECTION('',(-1.,0.,0.));
#3092 = ORIENTED_EDGE('',*,*,#3069,.T.);
#3093 = ORIENTED_EDGE('',*,*,#3087,.T.);
#3094 = CYLINDRICAL_SURFACE('',#3095,4.43);
#3095 = AXIS2_PLACEMENT_3D('',#3096,#3097,#3098);
#3096 = CARTESIAN_POINT('',(19.7,0.,30.));
#3097 = DIRECTION('',(-1.,0.,0.));
#3098 = DIRECTION('',(0.,1.,0.));
#3099 = MANIFOLD_SOLID_BREP('',#3100);
#3100 = CLOSED_SHELL('',(#3101,#3134,#3154,#3174));
#3101 = ADVANCED_FACE('',(#3102),#3129,.T.);
#3102 = FACE_BOUND('',#3103,.T.);
#3103 = EDGE_LOOP('',(#3104,#3113,#3121,#3128));
#3104 = ORIENTED_EDGE('',*,*,#3105,.F.);
#3105 = EDGE_CURVE('',#3106,#3106,#3108,.T.);
#3106 = VERTEX_POINT('',#3107);
#3107 = CARTESIAN_POINT('',(14.3,6.19,30.));
#3108 = CIRCLE('',#3109,6.19);
#3109 = AXIS2_PLACEMENT_3D('',#3110,#3111,#3112);
#3110 = CARTESIAN_POINT('',(14.3,0.,30.));
#3111 = DIRECTION('',(-1.,0.,0.));
#3112 = DIRECTION('',(0.,1.,0.));
#3113 = ORIENTED_EDGE('',*,*,#3114,.F.);
#3114 = EDGE_CURVE('',#3115,#3106,#3117,.T.);
#3115 = VERTEX_POINT('',#3116);
#3116 = CARTESIAN_POINT('',(14.42,6.19,30.));
#3117 = LINE('',#3118,#3119);
#3118 = CARTESIAN_POINT('',(14.42,6.19,30.));
#3119 = VECTOR('',#3120,1.);
#3120 = DIRECTION('',(-1.,0.,0.));
#3121 = ORIENTED_EDGE('',*,*,#3122,.T.);
#3122 = EDGE_CURVE('',#3115,#3115,#3123,.T.);
#3123 = CIRCLE('',#3124,6.19);
#3124 = AXIS2_PLACEMENT_3D('',#3125,#3126,#3127);
#3125 = CARTESIAN_POINT('',(14.42,0.,30.));
#3126 = DIRECTION('',(-1.,0.,0.));
#3127 = DIRECTION('',(0.,1.,0.));
#3128 = ORIENTED_EDGE('',*,*,#3114,.T.);
#3129 = CYLINDRICAL_SURFACE('',#3130,6.19);
#3130 = AXIS2_PLACEMENT_3D('',#3131,#3132,#3133);
#3131 = CARTESIAN_POINT('',(14.42,0.,30.));
#3132 = DIRECTION('',(-1.,0.,0.));
#3133 = DIRECTION('',(0.,1.,0.));
#3134 = ADVANCED_FACE('',(#3135,#3138),#3149,.T.);
#3135 = FACE_BOUND('',#3136,.T.);
#3136 = EDGE_LOOP('',(#3137));
#3137 = ORIENTED_EDGE('',*,*,#3105,.T.);
#3138 = FACE_BOUND('',#3139,.T.);
#3139 = EDGE_LOOP('',(#3140));
#3140 = ORIENTED_EDGE('',*,*,#3141,.F.);
#3141 = EDGE_CURVE('',#3142,#3142,#3144,.T.);
#3142 = VERTEX_POINT('',#3143);
#3143 = CARTESIAN_POINT('',(14.3,4.43,30.));
#3144 = CIRCLE('',#3145,4.43);
#3145 = AXIS2_PLACEMENT_3D('',#3146,#3147,#3148);
#3146 = CARTESIAN_POINT('',(14.3,0.,30.));
#3147 = DIRECTION('',(-1.,0.,0.));
#3148 = DIRECTION('',(0.,1.,0.));
#3149 = PLANE('',#3150);
#3150 = AXIS2_PLACEMENT_3D('',#3151,#3152,#3153);
#3151 = CARTESIAN_POINT('',(14.3,0.,30.));
#3152 = DIRECTION('',(-1.,0.,0.));
#3153 = DIRECTION('',(0.,1.,0.));
#3154 = ADVANCED_FACE('',(#3155,#3158),#3169,.F.);
#3155 = FACE_BOUND('',#3156,.F.);
#3156 = EDGE_LOOP('',(#3157));
#3157 = ORIENTED_EDGE('',*,*,#3122,.T.);
#3158 = FACE_BOUND('',#3159,.F.);
#3159 = EDGE_LOOP('',(#3160));
#3160 = ORIENTED_EDGE('',*,*,#3161,.F.);
#3161 = EDGE_CURVE('',#3162,#3162,#3164,.T.);
#3162 = VERTEX_POINT('',#3163);
#3163 = CARTESIAN_POINT('',(14.42,4.43,30.));
#3164 = CIRCLE('',#3165,4.43);
#3165 = AXIS2_PLACEMENT_3D('',#3166,#3167,#3168);
#3166 = CARTESIAN_POINT('',(14.42,0.,30.));
#3167 = DIRECTION('',(-1.,0.,0.));
#3168 = DIRECTION('',(0.,1.,0.));
#3169 = PLANE('',#3170);
#3170 = AXIS2_PLACEMENT_3D('',#3171,#3172,#3173);
#3171 = CARTESIAN_POINT('',(14.42,0.,30.));
#3172 = DIRECTION('',(-1.,0.,0.));
#3173 = DIRECTION('',(0.,1.,0.));
#3174 = ADVANCED_FACE('',(#3175),#3186,.F.);
#3175 = FACE_BOUND('',#3176,.F.);
#3176 = EDGE_LOOP('',(#3177,#3178,#3184,#3185));
#3177 = ORIENTED_EDGE('',*,*,#3141,.F.);
#3178 = ORIENTED_EDGE('',*,*,#3179,.F.);
#3179 = EDGE_CURVE('',#3162,#3142,#3180,.T.);
#3180 = LINE('',#3181,#3182);
#3181 = CARTESIAN_POINT('',(15.42,4.43,30.));
#3182 = VECTOR('',#3183,1.);
#3183 = DIRECTION('',(-1.,0.,0.));
#3184 = ORIENTED_EDGE('',*,*,#3161,.T.);
#3185 = ORIENTED_EDGE('',*,*,#3179,.T.);
#3186 = CYLINDRICAL_SURFACE('',#3187,4.43);
#3187 = AXIS2_PLACEMENT_3D('',#3188,#3189,#3190);
#3188 = CARTESIAN_POINT('',(15.42,0.,30.));
#3189 = DIRECTION('',(-1.,0.,0.));
#3190 = DIRECTION('',(0.,1.,0.));
#3191 = MANIFOLD_SOLID_BREP('',#3192);
#3192 = CLOSED_SHELL('',(#3193,#3226,#3246,#3266));
#3193 = ADVANCED_FACE('',(#3194),#3221,.T.);
#3194 = FACE_BOUND('',#3195,.T.);
#3195 = EDGE_LOOP('',(#3196,#3205,#3213,#3220));
#3196 = ORIENTED_EDGE('',*,*,#3197,.F.);
#3197 = EDGE_CURVE('',#3198,#3198,#3200,.T.);
#3198 = VERTEX_POINT('',#3199);
#3199 = CARTESIAN_POINT('',(99.,4.255,30.));
#3200 = CIRCLE('',#3201,4.255);
#3201 = AXIS2_PLACEMENT_3D('',#3202,#3203,#3204);
#3202 = CARTESIAN_POINT('',(99.,0.,30.));
#3203 = DIRECTION('',(1.,0.,0.));
#3204 = DIRECTION('',(0.,1.,0.));
#3205 = ORIENTED_EDGE('',*,*,#3206,.F.);
#3206 = EDGE_CURVE('',#3207,#3198,#3209,.T.);
#3207 = VERTEX_POINT('',#3208);
#3208 = CARTESIAN_POINT('',(94.,4.255,30.));
#3209 = LINE('',#3210,#3211);
#3210 = CARTESIAN_POINT('',(94.,4.255,30.));
#3211 = VECTOR('',#3212,1.);
#3212 = DIRECTION('',(1.,0.,0.));
#3213 = ORIENTED_EDGE('',*,*,#3214,.T.);
#3214 = EDGE_CURVE('',#3207,#3207,#3215,.T.);
#3215 = CIRCLE('',#3216,4.255);
#3216 = AXIS2_PLACEMENT_3D('',#3217,#3218,#3219);
#3217 = CARTESIAN_POINT('',(94.,0.,30.));
#3218 = DIRECTION('',(1.,0.,0.));
#3219 = DIRECTION('',(0.,1.,0.));
#3220 = ORIENTED_EDGE('',*,*,#3206,.T.);
#3221 = CYLINDRICAL_SURFACE('',#3222,4.255);
#3222 = AXIS2_PLACEMENT_3D('',#3223,#3224,#3225);
#3223 = CARTESIAN_POINT('',(94.,0.,30.));
#3224 = DIRECTION('',(1.,0.,0.));
#3225 = DIRECTION('',(0.,1.,0.));
#3226 = ADVANCED_FACE('',(#3227,#3230),#3241,.T.);
#3227 = FACE_BOUND('',#3228,.T.);
#3228 = EDGE_LOOP('',(#3229));
#3229 = ORIENTED_EDGE('',*,*,#3197,.T.);
#3230 = FACE_BOUND('',#3231,.T.);
#3231 = EDGE_LOOP('',(#3232));
#3232 = ORIENTED_EDGE('',*,*,#3233,.F.);
#3233 = EDGE_CURVE('',#3234,#3234,#3236,.T.);
#3234 = VERTEX_POINT('',#3235);
#3235 = CARTESIAN_POINT('',(99.,3.,30.));
#3236 = CIRCLE('',#3237,3.);
#3237 = AXIS2_PLACEMENT_3D('',#3238,#3239,#3240);
#3238 = CARTESIAN_POINT('',(99.,0.,30.));
#3239 = DIRECTION('',(1.,0.,0.));
#3240 = DIRECTION('',(0.,1.,0.));
#3241 = PLANE('',#3242);
#3242 = AXIS2_PLACEMENT_3D('',#3243,#3244,#3245);
#3243 = CARTESIAN_POINT('',(99.,0.,30.));
#3244 = DIRECTION('',(1.,0.,0.));
#3245 = DIRECTION('',(0.,1.,0.));
#3246 = ADVANCED_FACE('',(#3247,#3250),#3261,.F.);
#3247 = FACE_BOUND('',#3248,.F.);
#3248 = EDGE_LOOP('',(#3249));
#3249 = ORIENTED_EDGE('',*,*,#3214,.T.);
#3250 = FACE_BOUND('',#3251,.F.);
#3251 = EDGE_LOOP('',(#3252));
#3252 = ORIENTED_EDGE('',*,*,#3253,.F.);
#3253 = EDGE_CURVE('',#3254,#3254,#3256,.T.);
#3254 = VERTEX_POINT('',#3255);
#3255 = CARTESIAN_POINT('',(94.,3.,30.));
#3256 = CIRCLE('',#3257,3.);
#3257 = AXIS2_PLACEMENT_3D('',#3258,#3259,#3260);
#3258 = CARTESIAN_POINT('',(94.,0.,30.));
#3259 = DIRECTION('',(1.,0.,0.));
#3260 = DIRECTION('',(0.,1.,0.));
#3261 = PLANE('',#3262);
#3262 = AXIS2_PLACEMENT_3D('',#3263,#3264,#3265);
#3263 = CARTESIAN_POINT('',(94.,0.,30.));
#3264 = DIRECTION('',(1.,0.,0.));
#3265 = DIRECTION('',(0.,1.,0.));
#3266 = ADVANCED_FACE('',(#3267),#3278,.F.);
#3267 = FACE_BOUND('',#3268,.F.);
#3268 = EDGE_LOOP('',(#3269,#3270,#3276,#3277));
#3269 = ORIENTED_EDGE('',*,*,#3233,.F.);
#3270 = ORIENTED_EDGE('',*,*,#3271,.F.);
#3271 = EDGE_CURVE('',#3254,#3234,#3272,.T.);
#3272 = LINE('',#3273,#3274);
#3273 = CARTESIAN_POINT('',(93.,3.,30.));
#3274 = VECTOR('',#3275,1.);
#3275 = DIRECTION('',(1.,0.,0.));
#3276 = ORIENTED_EDGE('',*,*,#3253,.T.);
#3277 = ORIENTED_EDGE('',*,*,#3271,.T.);
#3278 = CYLINDRICAL_SURFACE('',#3279,3.);
#3279 = AXIS2_PLACEMENT_3D('',#3280,#3281,#3282);
#3280 = CARTESIAN_POINT('',(93.,0.,30.));
#3281 = DIRECTION('',(1.,0.,0.));
#3282 = DIRECTION('',(0.,1.,0.));
#3283 = MANIFOLD_SOLID_BREP('',#3284);
#3284 = CLOSED_SHELL('',(#3285,#3318,#3338,#3358,#3383,#3408,#3428));
#3285 = ADVANCED_FACE('',(#3286),#3313,.T.);
#3286 = FACE_BOUND('',#3287,.T.);
#3287 = EDGE_LOOP('',(#3288,#3297,#3305,#3312));
#3288 = ORIENTED_EDGE('',*,*,#3289,.F.);
#3289 = EDGE_CURVE('',#3290,#3290,#3292,.T.);
#3290 = VERTEX_POINT('',#3291);
#3291 = CARTESIAN_POINT('',(98.,7.,30.));
#3292 = CIRCLE('',#3293,7.);
#3293 = AXIS2_PLACEMENT_3D('',#3294,#3295,#3296);
#3294 = CARTESIAN_POINT('',(98.,0.,30.));
#3295 = DIRECTION('',(1.,0.,0.));
#3296 = DIRECTION('',(0.,1.,0.));
#3297 = ORIENTED_EDGE('',*,*,#3298,.F.);
#3298 = EDGE_CURVE('',#3299,#3290,#3301,.T.);
#3299 = VERTEX_POINT('',#3300);
#3300 = CARTESIAN_POINT('',(94.,7.,30.));
#3301 = LINE('',#3302,#3303);
#3302 = CARTESIAN_POINT('',(94.,7.,30.));
#3303 = VECTOR('',#3304,1.);
#3304 = DIRECTION('',(1.,0.,0.));
#3305 = ORIENTED_EDGE('',*,*,#3306,.T.);
#3306 = EDGE_CURVE('',#3299,#3299,#3307,.T.);
#3307 = CIRCLE('',#3308,7.);
#3308 = AXIS2_PLACEMENT_3D('',#3309,#3310,#3311);
#3309 = CARTESIAN_POINT('',(94.,0.,30.));
#3310 = DIRECTION('',(1.,0.,0.));
#3311 = DIRECTION('',(0.,1.,0.));
#3312 = ORIENTED_EDGE('',*,*,#3298,.T.);
#3313 = CYLINDRICAL_SURFACE('',#3314,7.);
#3314 = AXIS2_PLACEMENT_3D('',#3315,#3316,#3317);
#3315 = CARTESIAN_POINT('',(94.,0.,30.));
#3316 = DIRECTION('',(1.,0.,0.));
#3317 = DIRECTION('',(0.,1.,0.));
#3318 = ADVANCED_FACE('',(#3319,#3330),#3333,.F.);
#3319 = FACE_BOUND('',#3320,.F.);
#3320 = EDGE_LOOP('',(#3321));
#3321 = ORIENTED_EDGE('',*,*,#3322,.T.);
#3322 = EDGE_CURVE('',#3323,#3323,#3325,.T.);
#3323 = VERTEX_POINT('',#3324);
#3324 = CARTESIAN_POINT('',(98.,7.5,30.));
#3325 = CIRCLE('',#3326,7.5);
#3326 = AXIS2_PLACEMENT_3D('',#3327,#3328,#3329);
#3327 = CARTESIAN_POINT('',(98.,0.,30.));
#3328 = DIRECTION('',(1.,0.,0.));
#3329 = DIRECTION('',(0.,1.,0.));
#3330 = FACE_BOUND('',#3331,.F.);
#3331 = EDGE_LOOP('',(#3332));
#3332 = ORIENTED_EDGE('',*,*,#3289,.F.);
#3333 = PLANE('',#3334);
#3334 = AXIS2_PLACEMENT_3D('',#3335,#3336,#3337);
#3335 = CARTESIAN_POINT('',(98.,0.,30.));
#3336 = DIRECTION('',(1.,0.,0.));
#3337 = DIRECTION('',(0.,1.,0.));
#3338 = ADVANCED_FACE('',(#3339,#3342),#3353,.F.);
#3339 = FACE_BOUND('',#3340,.F.);
#3340 = EDGE_LOOP('',(#3341));
#3341 = ORIENTED_EDGE('',*,*,#3306,.T.);
#3342 = FACE_BOUND('',#3343,.F.);
#3343 = EDGE_LOOP('',(#3344));
#3344 = ORIENTED_EDGE('',*,*,#3345,.F.);
#3345 = EDGE_CURVE('',#3346,#3346,#3348,.T.);
#3346 = VERTEX_POINT('',#3347);
#3347 = CARTESIAN_POINT('',(94.,6.2,30.));
#3348 = CIRCLE('',#3349,6.2);
#3349 = AXIS2_PLACEMENT_3D('',#3350,#3351,#3352);
#3350 = CARTESIAN_POINT('',(94.,0.,30.));
#3351 = DIRECTION('',(1.,0.,0.));
#3352 = DIRECTION('',(0.,1.,0.));
#3353 = PLANE('',#3354);
#3354 = AXIS2_PLACEMENT_3D('',#3355,#3356,#3357);
#3355 = CARTESIAN_POINT('',(94.,0.,30.));
#3356 = DIRECTION('',(1.,0.,0.));
#3357 = DIRECTION('',(0.,1.,0.));
#3358 = ADVANCED_FACE('',(#3359),#3378,.T.);
#3359 = FACE_BOUND('',#3360,.T.);
#3360 = EDGE_LOOP('',(#3361,#3370,#3376,#3377));
#3361 = ORIENTED_EDGE('',*,*,#3362,.F.);
#3362 = EDGE_CURVE('',#3363,#3363,#3365,.T.);
#3363 = VERTEX_POINT('',#3364);
#3364 = CARTESIAN_POINT('',(99.,7.5,30.));
#3365 = CIRCLE('',#3366,7.5);
#3366 = AXIS2_PLACEMENT_3D('',#3367,#3368,#3369);
#3367 = CARTESIAN_POINT('',(99.,0.,30.));
#3368 = DIRECTION('',(1.,0.,0.));
#3369 = DIRECTION('',(0.,1.,0.));
#3370 = ORIENTED_EDGE('',*,*,#3371,.F.);
#3371 = EDGE_CURVE('',#3323,#3363,#3372,.T.);
#3372 = LINE('',#3373,#3374);
#3373 = CARTESIAN_POINT('',(98.,7.5,30.));
#3374 = VECTOR('',#3375,1.);
#3375 = DIRECTION('',(1.,0.,0.));
#3376 = ORIENTED_EDGE('',*,*,#3322,.T.);
#3377 = ORIENTED_EDGE('',*,*,#3371,.T.);
#3378 = CYLINDRICAL_SURFACE('',#3379,7.5);
#3379 = AXIS2_PLACEMENT_3D('',#3380,#3381,#3382);
#3380 = CARTESIAN_POINT('',(98.,0.,30.));
#3381 = DIRECTION('',(1.,0.,0.));
#3382 = DIRECTION('',(0.,1.,0.));
#3383 = ADVANCED_FACE('',(#3384),#3403,.F.);
#3384 = FACE_BOUND('',#3385,.F.);
#3385 = EDGE_LOOP('',(#3386,#3395,#3401,#3402));
#3386 = ORIENTED_EDGE('',*,*,#3387,.F.);
#3387 = EDGE_CURVE('',#3388,#3388,#3390,.T.);
#3388 = VERTEX_POINT('',#3389);
#3389 = CARTESIAN_POINT('',(98.,6.2,30.));
#3390 = CIRCLE('',#3391,6.2);
#3391 = AXIS2_PLACEMENT_3D('',#3392,#3393,#3394);
#3392 = CARTESIAN_POINT('',(98.,0.,30.));
#3393 = DIRECTION('',(1.,0.,0.));
#3394 = DIRECTION('',(0.,1.,0.));
#3395 = ORIENTED_EDGE('',*,*,#3396,.F.);
#3396 = EDGE_CURVE('',#3346,#3388,#3397,.T.);
#3397 = LINE('',#3398,#3399);
#3398 = CARTESIAN_POINT('',(93.,6.2,30.));
#3399 = VECTOR('',#3400,1.);
#3400 = DIRECTION('',(1.,0.,0.));
#3401 = ORIENTED_EDGE('',*,*,#3345,.T.);
#3402 = ORIENTED_EDGE('',*,*,#3396,.T.);
#3403 = CYLINDRICAL_SURFACE('',#3404,6.2);
#3404 = AXIS2_PLACEMENT_3D('',#3405,#3406,#3407);
#3405 = CARTESIAN_POINT('',(93.,0.,30.));
#3406 = DIRECTION('',(1.,0.,0.));
#3407 = DIRECTION('',(0.,1.,0.));
#3408 = ADVANCED_FACE('',(#3409,#3412),#3423,.T.);
#3409 = FACE_BOUND('',#3410,.T.);
#3410 = EDGE_LOOP('',(#3411));
#3411 = ORIENTED_EDGE('',*,*,#3362,.T.);
#3412 = FACE_BOUND('',#3413,.T.);
#3413 = EDGE_LOOP('',(#3414));
#3414 = ORIENTED_EDGE('',*,*,#3415,.F.);
#3415 = EDGE_CURVE('',#3416,#3416,#3418,.T.);
#3416 = VERTEX_POINT('',#3417);
#3417 = CARTESIAN_POINT('',(99.,6.2,30.));
#3418 = CIRCLE('',#3419,6.2);
#3419 = AXIS2_PLACEMENT_3D('',#3420,#3421,#3422);
#3420 = CARTESIAN_POINT('',(99.,0.,30.));
#3421 = DIRECTION('',(1.,0.,0.));
#3422 = DIRECTION('',(0.,1.,0.));
#3423 = PLANE('',#3424);
#3424 = AXIS2_PLACEMENT_3D('',#3425,#3426,#3427);
#3425 = CARTESIAN_POINT('',(99.,0.,30.));
#3426 = DIRECTION('',(1.,0.,0.));
#3427 = DIRECTION('',(0.,1.,0.));
#3428 = ADVANCED_FACE('',(#3429),#3440,.F.);
#3429 = FACE_BOUND('',#3430,.F.);
#3430 = EDGE_LOOP('',(#3431,#3432,#3438,#3439));
#3431 = ORIENTED_EDGE('',*,*,#3415,.F.);
#3432 = ORIENTED_EDGE('',*,*,#3433,.F.);
#3433 = EDGE_CURVE('',#3388,#3416,#3434,.T.);
#3434 = LINE('',#3435,#3436);
#3435 = CARTESIAN_POINT('',(97.,6.2,30.));
#3436 = VECTOR('',#3437,1.);
#3437 = DIRECTION('',(1.,0.,0.));
#3438 = ORIENTED_EDGE('',*,*,#3387,.T.);
#3439 = ORIENTED_EDGE('',*,*,#3433,.T.);
#3440 = CYLINDRICAL_SURFACE('',#3441,6.2);
#3441 = AXIS2_PLACEMENT_3D('',#3442,#3443,#3444);
#3442 = CARTESIAN_POINT('',(97.,0.,30.));
#3443 = DIRECTION('',(1.,0.,0.));
#3444 = DIRECTION('',(0.,1.,0.));
#3445 = MANIFOLD_SOLID_BREP('',#3446);
#3446 = CLOSED_SHELL('',(#3447,#3480,#3500,#3520));
#3447 = ADVANCED_FACE('',(#3448),#3475,.T.);
#3448 = FACE_BOUND('',#3449,.T.);
#3449 = EDGE_LOOP('',(#3450,#3459,#3467,#3474));
#3450 = ORIENTED_EDGE('',*,*,#3451,.F.);
#3451 = EDGE_CURVE('',#3452,#3452,#3454,.T.);
#3452 = VERTEX_POINT('',#3453);
#3453 = CARTESIAN_POINT('',(94.42,6.19,30.));
#3454 = CIRCLE('',#3455,6.19);
#3455 = AXIS2_PLACEMENT_3D('',#3456,#3457,#3458);
#3456 = CARTESIAN_POINT('',(94.42,0.,30.));
#3457 = DIRECTION('',(1.,0.,0.));
#3458 = DIRECTION('',(0.,1.,0.));
#3459 = ORIENTED_EDGE('',*,*,#3460,.F.);
#3460 = EDGE_CURVE('',#3461,#3452,#3463,.T.);
#3461 = VERTEX_POINT('',#3462);
#3462 = CARTESIAN_POINT('',(94.3,6.19,30.));
#3463 = LINE('',#3464,#3465);
#3464 = CARTESIAN_POINT('',(94.3,6.19,30.));
#3465 = VECTOR('',#3466,1.);
#3466 = DIRECTION('',(1.,0.,0.));
#3467 = ORIENTED_EDGE('',*,*,#3468,.T.);
#3468 = EDGE_CURVE('',#3461,#3461,#3469,.T.);
#3469 = CIRCLE('',#3470,6.19);
#3470 = AXIS2_PLACEMENT_3D('',#3471,#3472,#3473);
#3471 = CARTESIAN_POINT('',(94.3,0.,30.));
#3472 = DIRECTION('',(1.,0.,0.));
#3473 = DIRECTION('',(0.,1.,0.));
#3474 = ORIENTED_EDGE('',*,*,#3460,.T.);
#3475 = CYLINDRICAL_SURFACE('',#3476,6.19);
#3476 = AXIS2_PLACEMENT_3D('',#3477,#3478,#3479);
#3477 = CARTESIAN_POINT('',(94.3,0.,30.));
#3478 = DIRECTION('',(1.,0.,0.));
#3479 = DIRECTION('',(0.,1.,0.));
#3480 = ADVANCED_FACE('',(#3481,#3484),#3495,.T.);
#3481 = FACE_BOUND('',#3482,.T.);
#3482 = EDGE_LOOP('',(#3483));
#3483 = ORIENTED_EDGE('',*,*,#3451,.T.);
#3484 = FACE_BOUND('',#3485,.T.);
#3485 = EDGE_LOOP('',(#3486));
#3486 = ORIENTED_EDGE('',*,*,#3487,.F.);
#3487 = EDGE_CURVE('',#3488,#3488,#3490,.T.);
#3488 = VERTEX_POINT('',#3489);
#3489 = CARTESIAN_POINT('',(94.42,4.43,30.));
#3490 = CIRCLE('',#3491,4.43);
#3491 = AXIS2_PLACEMENT_3D('',#3492,#3493,#3494);
#3492 = CARTESIAN_POINT('',(94.42,0.,30.));
#3493 = DIRECTION('',(1.,0.,0.));
#3494 = DIRECTION('',(0.,1.,0.));
#3495 = PLANE('',#3496);
#3496 = AXIS2_PLACEMENT_3D('',#3497,#3498,#3499);
#3497 = CARTESIAN_POINT('',(94.42,0.,30.));
#3498 = DIRECTION('',(1.,0.,0.));
#3499 = DIRECTION('',(0.,1.,0.));
#3500 = ADVANCED_FACE('',(#3501,#3504),#3515,.F.);
#3501 = FACE_BOUND('',#3502,.F.);
#3502 = EDGE_LOOP('',(#3503));
#3503 = ORIENTED_EDGE('',*,*,#3468,.T.);
#3504 = FACE_BOUND('',#3505,.F.);
#3505 = EDGE_LOOP('',(#3506));
#3506 = ORIENTED_EDGE('',*,*,#3507,.F.);
#3507 = EDGE_CURVE('',#3508,#3508,#3510,.T.);
#3508 = VERTEX_POINT('',#3509);
#3509 = CARTESIAN_POINT('',(94.3,4.43,30.));
#3510 = CIRCLE('',#3511,4.43);
#3511 = AXIS2_PLACEMENT_3D('',#3512,#3513,#3514);
#3512 = CARTESIAN_POINT('',(94.3,0.,30.));
#3513 = DIRECTION('',(1.,0.,0.));
#3514 = DIRECTION('',(0.,1.,0.));
#3515 = PLANE('',#3516);
#3516 = AXIS2_PLACEMENT_3D('',#3517,#3518,#3519);
#3517 = CARTESIAN_POINT('',(94.3,0.,30.));
#3518 = DIRECTION('',(1.,0.,0.));
#3519 = DIRECTION('',(0.,1.,0.));
#3520 = ADVANCED_FACE('',(#3521),#3532,.F.);
#3521 = FACE_BOUND('',#3522,.F.);
#3522 = EDGE_LOOP('',(#3523,#3524,#3530,#3531));
#3523 = ORIENTED_EDGE('',*,*,#3487,.F.);
#3524 = ORIENTED_EDGE('',*,*,#3525,.F.);
#3525 = EDGE_CURVE('',#3508,#3488,#3526,.T.);
#3526 = LINE('',#3527,#3528);
#3527 = CARTESIAN_POINT('',(93.3,4.43,30.));
#3528 = VECTOR('',#3529,1.);
#3529 = DIRECTION('',(1.,0.,0.));
#3530 = ORIENTED_EDGE('',*,*,#3507,.T.);
#3531 = ORIENTED_EDGE('',*,*,#3525,.T.);
#3532 = CYLINDRICAL_SURFACE('',#3533,4.43);
#3533 = AXIS2_PLACEMENT_3D('',#3534,#3535,#3536);
#3534 = CARTESIAN_POINT('',(93.3,0.,30.));
#3535 = DIRECTION('',(1.,0.,0.));
#3536 = DIRECTION('',(0.,1.,0.));
#3537 = MANIFOLD_SOLID_BREP('',#3538);
#3538 = CLOSED_SHELL('',(#3539,#3572,#3592,#3612));
#3539 = ADVANCED_FACE('',(#3540),#3567,.T.);
#3540 = FACE_BOUND('',#3541,.T.);
#3541 = EDGE_LOOP('',(#3542,#3551,#3559,#3566));
#3542 = ORIENTED_EDGE('',*,*,#3543,.F.);
#3543 = EDGE_CURVE('',#3544,#3544,#3546,.T.);
#3544 = VERTEX_POINT('',#3545);
#3545 = CARTESIAN_POINT('',(98.7,6.19,30.));
#3546 = CIRCLE('',#3547,6.19);
#3547 = AXIS2_PLACEMENT_3D('',#3548,#3549,#3550);
#3548 = CARTESIAN_POINT('',(98.7,0.,30.));
#3549 = DIRECTION('',(1.,0.,0.));
#3550 = DIRECTION('',(0.,1.,0.));
#3551 = ORIENTED_EDGE('',*,*,#3552,.F.);
#3552 = EDGE_CURVE('',#3553,#3544,#3555,.T.);
#3553 = VERTEX_POINT('',#3554);
#3554 = CARTESIAN_POINT('',(98.58,6.19,30.));
#3555 = LINE('',#3556,#3557);
#3556 = CARTESIAN_POINT('',(98.58,6.19,30.));
#3557 = VECTOR('',#3558,1.);
#3558 = DIRECTION('',(1.,0.,0.));
#3559 = ORIENTED_EDGE('',*,*,#3560,.T.);
#3560 = EDGE_CURVE('',#3553,#3553,#3561,.T.);
#3561 = CIRCLE('',#3562,6.19);
#3562 = AXIS2_PLACEMENT_3D('',#3563,#3564,#3565);
#3563 = CARTESIAN_POINT('',(98.58,0.,30.));
#3564 = DIRECTION('',(1.,0.,0.));
#3565 = DIRECTION('',(0.,1.,0.));
#3566 = ORIENTED_EDGE('',*,*,#3552,.T.);
#3567 = CYLINDRICAL_SURFACE('',#3568,6.19);
#3568 = AXIS2_PLACEMENT_3D('',#3569,#3570,#3571);
#3569 = CARTESIAN_POINT('',(98.58,0.,30.));
#3570 = DIRECTION('',(1.,0.,0.));
#3571 = DIRECTION('',(0.,1.,0.));
#3572 = ADVANCED_FACE('',(#3573,#3576),#3587,.T.);
#3573 = FACE_BOUND('',#3574,.T.);
#3574 = EDGE_LOOP('',(#3575));
#3575 = ORIENTED_EDGE('',*,*,#3543,.T.);
#3576 = FACE_BOUND('',#3577,.T.);
#3577 = EDGE_LOOP('',(#3578));
#3578 = ORIENTED_EDGE('',*,*,#3579,.F.);
#3579 = EDGE_CURVE('',#3580,#3580,#3582,.T.);
#3580 = VERTEX_POINT('',#3581);
#3581 = CARTESIAN_POINT('',(98.7,4.43,30.));
#3582 = CIRCLE('',#3583,4.43);
#3583 = AXIS2_PLACEMENT_3D('',#3584,#3585,#3586);
#3584 = CARTESIAN_POINT('',(98.7,0.,30.));
#3585 = DIRECTION('',(1.,0.,0.));
#3586 = DIRECTION('',(0.,1.,0.));
#3587 = PLANE('',#3588);
#3588 = AXIS2_PLACEMENT_3D('',#3589,#3590,#3591);
#3589 = CARTESIAN_POINT('',(98.7,0.,30.));
#3590 = DIRECTION('',(1.,0.,0.));
#3591 = DIRECTION('',(0.,1.,0.));
#3592 = ADVANCED_FACE('',(#3593,#3596),#3607,.F.);
#3593 = FACE_BOUND('',#3594,.F.);
#3594 = EDGE_LOOP('',(#3595));
#3595 = ORIENTED_EDGE('',*,*,#3560,.T.);
#3596 = FACE_BOUND('',#3597,.F.);
#3597 = EDGE_LOOP('',(#3598));
#3598 = ORIENTED_EDGE('',*,*,#3599,.F.);
#3599 = EDGE_CURVE('',#3600,#3600,#3602,.T.);
#3600 = VERTEX_POINT('',#3601);
#3601 = CARTESIAN_POINT('',(98.58,4.43,30.));
#3602 = CIRCLE('',#3603,4.43);
#3603 = AXIS2_PLACEMENT_3D('',#3604,#3605,#3606);
#3604 = CARTESIAN_POINT('',(98.58,0.,30.));
#3605 = DIRECTION('',(1.,0.,0.));
#3606 = DIRECTION('',(0.,1.,0.));
#3607 = PLANE('',#3608);
#3608 = AXIS2_PLACEMENT_3D('',#3609,#3610,#3611);
#3609 = CARTESIAN_POINT('',(98.58,0.,30.));
#3610 = DIRECTION('',(1.,0.,0.));
#3611 = DIRECTION('',(0.,1.,0.));
#3612 = ADVANCED_FACE('',(#3613),#3624,.F.);
#3613 = FACE_BOUND('',#3614,.F.);
#3614 = EDGE_LOOP('',(#3615,#3616,#3622,#3623));
#3615 = ORIENTED_EDGE('',*,*,#3579,.F.);
#3616 = ORIENTED_EDGE('',*,*,#3617,.F.);
#3617 = EDGE_CURVE('',#3600,#3580,#3618,.T.);
#3618 = LINE('',#3619,#3620);
#3619 = CARTESIAN_POINT('',(97.58,4.43,30.));
#3620 = VECTOR('',#3621,1.);
#3621 = DIRECTION('',(1.,0.,0.));
#3622 = ORIENTED_EDGE('',*,*,#3599,.T.);
#3623 = ORIENTED_EDGE('',*,*,#3617,.T.);
#3624 = CYLINDRICAL_SURFACE('',#3625,4.43);
#3625 = AXIS2_PLACEMENT_3D('',#3626,#3627,#3628);
#3626 = CARTESIAN_POINT('',(97.58,0.,30.));
#3627 = DIRECTION('',(1.,0.,0.));
#3628 = DIRECTION('',(0.,1.,0.));
#3629 = MANIFOLD_SOLID_BREP('',#3630);
#3630 = CLOSED_SHELL('',(#3631,#3671,#3704,#3735,#3768,#3808,#3841,#3863
    ,#3963,#3988,#4033,#4078,#4122));
#3631 = ADVANCED_FACE('',(#3632),#3666,.T.);
#3632 = FACE_BOUND('',#3633,.T.);
#3633 = EDGE_LOOP('',(#3634,#3644,#3652,#3660));
#3634 = ORIENTED_EDGE('',*,*,#3635,.F.);
#3635 = EDGE_CURVE('',#3636,#3638,#3640,.T.);
#3636 = VERTEX_POINT('',#3637);
#3637 = CARTESIAN_POINT('',(10.7,18.,24.));
#3638 = VERTEX_POINT('',#3639);
#3639 = CARTESIAN_POINT('',(10.7,10.392304845413,24.));
#3640 = LINE('',#3641,#3642);
#3641 = CARTESIAN_POINT('',(10.7,18.,24.));
#3642 = VECTOR('',#3643,1.);
#3643 = DIRECTION('',(0.,-1.,0.));
#3644 = ORIENTED_EDGE('',*,*,#3645,.T.);
#3645 = EDGE_CURVE('',#3636,#3646,#3648,.T.);
#3646 = VERTEX_POINT('',#3647);
#3647 = CARTESIAN_POINT('',(13.7,18.,24.));
#3648 = LINE('',#3649,#3650);
#3649 = CARTESIAN_POINT('',(10.7,18.,24.));
#3650 = VECTOR('',#3651,1.);
#3651 = DIRECTION('',(1.,0.,0.));
#3652 = ORIENTED_EDGE('',*,*,#3653,.T.);
#3653 = EDGE_CURVE('',#3646,#3654,#3656,.T.);
#3654 = VERTEX_POINT('',#3655);
#3655 = CARTESIAN_POINT('',(13.7,10.392304845413,24.));
#3656 = LINE('',#3657,#3658);
#3657 = CARTESIAN_POINT('',(13.7,18.,24.));
#3658 = VECTOR('',#3659,1.);
#3659 = DIRECTION('',(0.,-1.,0.));
#3660 = ORIENTED_EDGE('',*,*,#3661,.F.);
#3661 = EDGE_CURVE('',#3638,#3654,#3662,.T.);
#3662 = LINE('',#3663,#3664);
#3663 = CARTESIAN_POINT('',(10.7,10.392304845413,24.));
#3664 = VECTOR('',#3665,1.);
#3665 = DIRECTION('',(1.,0.,0.));
#3666 = PLANE('',#3667);
#3667 = AXIS2_PLACEMENT_3D('',#3668,#3669,#3670);
#3668 = CARTESIAN_POINT('',(10.7,18.,24.));
#3669 = DIRECTION('',(0.,0.,-1.));
#3670 = DIRECTION('',(0.,-1.,0.));
#3671 = ADVANCED_FACE('',(#3672),#3699,.T.);
#3672 = FACE_BOUND('',#3673,.T.);
#3673 = EDGE_LOOP('',(#3674,#3675,#3684,#3692));
#3674 = ORIENTED_EDGE('',*,*,#3661,.T.);
#3675 = ORIENTED_EDGE('',*,*,#3676,.F.);
#3676 = EDGE_CURVE('',#3677,#3654,#3679,.T.);
#3677 = VERTEX_POINT('',#3678);
#3678 = CARTESIAN_POINT('',(13.7,-10.39230484541,24.));
#3679 = CIRCLE('',#3680,12.);
#3680 = AXIS2_PLACEMENT_3D('',#3681,#3682,#3683);
#3681 = CARTESIAN_POINT('',(13.7,0.,30.));
#3682 = DIRECTION('',(1.,0.,0.));
#3683 = DIRECTION('',(0.,1.,0.));
#3684 = ORIENTED_EDGE('',*,*,#3685,.F.);
#3685 = EDGE_CURVE('',#3686,#3677,#3688,.T.);
#3686 = VERTEX_POINT('',#3687);
#3687 = CARTESIAN_POINT('',(10.7,-10.39230484541,24.));
#3688 = LINE('',#3689,#3690);
#3689 = CARTESIAN_POINT('',(10.7,-10.39230484541,24.));
#3690 = VECTOR('',#3691,1.);
#3691 = DIRECTION('',(1.,0.,0.));
#3692 = ORIENTED_EDGE('',*,*,#3693,.T.);
#3693 = EDGE_CURVE('',#3686,#3638,#3694,.T.);
#3694 = CIRCLE('',#3695,12.);
#3695 = AXIS2_PLACEMENT_3D('',#3696,#3697,#3698);
#3696 = CARTESIAN_POINT('',(10.7,0.,30.));
#3697 = DIRECTION('',(1.,0.,0.));
#3698 = DIRECTION('',(0.,1.,0.));
#3699 = CYLINDRICAL_SURFACE('',#3700,12.);
#3700 = AXIS2_PLACEMENT_3D('',#3701,#3702,#3703);
#3701 = CARTESIAN_POINT('',(10.7,0.,30.));
#3702 = DIRECTION('',(1.,0.,0.));
#3703 = DIRECTION('',(0.,1.,0.));
#3704 = ADVANCED_FACE('',(#3705),#3730,.T.);
#3705 = FACE_BOUND('',#3706,.T.);
#3706 = EDGE_LOOP('',(#3707,#3715,#3716,#3724));
#3707 = ORIENTED_EDGE('',*,*,#3708,.F.);
#3708 = EDGE_CURVE('',#3686,#3709,#3711,.T.);
#3709 = VERTEX_POINT('',#3710);
#3710 = CARTESIAN_POINT('',(10.7,-18.,24.));
#3711 = LINE('',#3712,#3713);
#3712 = CARTESIAN_POINT('',(10.7,18.,24.));
#3713 = VECTOR('',#3714,1.);
#3714 = DIRECTION('',(0.,-1.,0.));
#3715 = ORIENTED_EDGE('',*,*,#3685,.T.);
#3716 = ORIENTED_EDGE('',*,*,#3717,.T.);
#3717 = EDGE_CURVE('',#3677,#3718,#3720,.T.);
#3718 = VERTEX_POINT('',#3719);
#3719 = CARTESIAN_POINT('',(13.7,-18.,24.));
#3720 = LINE('',#3721,#3722);
#3721 = CARTESIAN_POINT('',(13.7,18.,24.));
#3722 = VECTOR('',#3723,1.);
#3723 = DIRECTION('',(0.,-1.,0.));
#3724 = ORIENTED_EDGE('',*,*,#3725,.F.);
#3725 = EDGE_CURVE('',#3709,#3718,#3726,.T.);
#3726 = LINE('',#3727,#3728);
#3727 = CARTESIAN_POINT('',(10.7,-18.,24.));
#3728 = VECTOR('',#3729,1.);
#3729 = DIRECTION('',(1.,0.,0.));
#3730 = PLANE('',#3731);
#3731 = AXIS2_PLACEMENT_3D('',#3732,#3733,#3734);
#3732 = CARTESIAN_POINT('',(10.7,18.,24.));
#3733 = DIRECTION('',(0.,0.,-1.));
#3734 = DIRECTION('',(0.,-1.,0.));
#3735 = ADVANCED_FACE('',(#3736),#3763,.T.);
#3736 = FACE_BOUND('',#3737,.T.);
#3737 = EDGE_LOOP('',(#3738,#3747,#3755,#3762));
#3738 = ORIENTED_EDGE('',*,*,#3739,.F.);
#3739 = EDGE_CURVE('',#3740,#3718,#3742,.T.);
#3740 = VERTEX_POINT('',#3741);
#3741 = CARTESIAN_POINT('',(13.7,-18.,36.));
#3742 = CIRCLE('',#3743,6.);
#3743 = AXIS2_PLACEMENT_3D('',#3744,#3745,#3746);
#3744 = CARTESIAN_POINT('',(13.7,-18.,30.));
#3745 = DIRECTION('',(1.,0.,0.));
#3746 = DIRECTION('',(0.,1.,0.));
#3747 = ORIENTED_EDGE('',*,*,#3748,.F.);
#3748 = EDGE_CURVE('',#3749,#3740,#3751,.T.);
#3749 = VERTEX_POINT('',#3750);
#3750 = CARTESIAN_POINT('',(10.7,-18.,36.));
#3751 = LINE('',#3752,#3753);
#3752 = CARTESIAN_POINT('',(10.7,-18.,36.));
#3753 = VECTOR('',#3754,1.);
#3754 = DIRECTION('',(1.,0.,0.));
#3755 = ORIENTED_EDGE('',*,*,#3756,.T.);
#3756 = EDGE_CURVE('',#3749,#3709,#3757,.T.);
#3757 = CIRCLE('',#3758,6.);
#3758 = AXIS2_PLACEMENT_3D('',#3759,#3760,#3761);
#3759 = CARTESIAN_POINT('',(10.7,-18.,30.));
#3760 = DIRECTION('',(1.,0.,0.));
#3761 = DIRECTION('',(0.,1.,0.));
#3762 = ORIENTED_EDGE('',*,*,#3725,.T.);
#3763 = CYLINDRICAL_SURFACE('',#3764,6.);
#3764 = AXIS2_PLACEMENT_3D('',#3765,#3766,#3767);
#3765 = CARTESIAN_POINT('',(10.7,-18.,30.));
#3766 = DIRECTION('',(1.,0.,0.));
#3767 = DIRECTION('',(0.,1.,0.));
#3768 = ADVANCED_FACE('',(#3769),#3803,.T.);
#3769 = FACE_BOUND('',#3770,.T.);
#3770 = EDGE_LOOP('',(#3771,#3781,#3789,#3797));
#3771 = ORIENTED_EDGE('',*,*,#3772,.F.);
#3772 = EDGE_CURVE('',#3773,#3775,#3777,.T.);
#3773 = VERTEX_POINT('',#3774);
#3774 = CARTESIAN_POINT('',(10.7,10.392304845413,36.));
#3775 = VERTEX_POINT('',#3776);
#3776 = CARTESIAN_POINT('',(10.7,18.,36.));
#3777 = LINE('',#3778,#3779);
#3778 = CARTESIAN_POINT('',(10.7,-18.,36.));
#3779 = VECTOR('',#3780,1.);
#3780 = DIRECTION('',(0.,1.,0.));
#3781 = ORIENTED_EDGE('',*,*,#3782,.T.);
#3782 = EDGE_CURVE('',#3773,#3783,#3785,.T.);
#3783 = VERTEX_POINT('',#3784);
#3784 = CARTESIAN_POINT('',(13.7,10.392304845413,36.));
#3785 = LINE('',#3786,#3787);
#3786 = CARTESIAN_POINT('',(10.7,10.392304845413,36.));
#3787 = VECTOR('',#3788,1.);
#3788 = DIRECTION('',(1.,0.,0.));
#3789 = ORIENTED_EDGE('',*,*,#3790,.T.);
#3790 = EDGE_CURVE('',#3783,#3791,#3793,.T.);
#3791 = VERTEX_POINT('',#3792);
#3792 = CARTESIAN_POINT('',(13.7,18.,36.));
#3793 = LINE('',#3794,#3795);
#3794 = CARTESIAN_POINT('',(13.7,-18.,36.));
#3795 = VECTOR('',#3796,1.);
#3796 = DIRECTION('',(0.,1.,0.));
#3797 = ORIENTED_EDGE('',*,*,#3798,.F.);
#3798 = EDGE_CURVE('',#3775,#3791,#3799,.T.);
#3799 = LINE('',#3800,#3801);
#3800 = CARTESIAN_POINT('',(10.7,18.,36.));
#3801 = VECTOR('',#3802,1.);
#3802 = DIRECTION('',(1.,0.,0.));
#3803 = PLANE('',#3804);
#3804 = AXIS2_PLACEMENT_3D('',#3805,#3806,#3807);
#3805 = CARTESIAN_POINT('',(10.7,-18.,36.));
#3806 = DIRECTION('',(0.,0.,1.));
#3807 = DIRECTION('',(0.,1.,0.));
#3808 = ADVANCED_FACE('',(#3809),#3836,.T.);
#3809 = FACE_BOUND('',#3810,.T.);
#3810 = EDGE_LOOP('',(#3811,#3820,#3821,#3830));
#3811 = ORIENTED_EDGE('',*,*,#3812,.F.);
#3812 = EDGE_CURVE('',#3783,#3813,#3815,.T.);
#3813 = VERTEX_POINT('',#3814);
#3814 = CARTESIAN_POINT('',(13.7,-10.39230484541,36.));
#3815 = CIRCLE('',#3816,12.);
#3816 = AXIS2_PLACEMENT_3D('',#3817,#3818,#3819);
#3817 = CARTESIAN_POINT('',(13.7,0.,30.));
#3818 = DIRECTION('',(1.,0.,0.));
#3819 = DIRECTION('',(0.,1.,0.));
#3820 = ORIENTED_EDGE('',*,*,#3782,.F.);
#3821 = ORIENTED_EDGE('',*,*,#3822,.T.);
#3822 = EDGE_CURVE('',#3773,#3823,#3825,.T.);
#3823 = VERTEX_POINT('',#3824);
#3824 = CARTESIAN_POINT('',(10.7,-10.39230484541,36.));
#3825 = CIRCLE('',#3826,12.);
#3826 = AXIS2_PLACEMENT_3D('',#3827,#3828,#3829);
#3827 = CARTESIAN_POINT('',(10.7,0.,30.));
#3828 = DIRECTION('',(1.,0.,0.));
#3829 = DIRECTION('',(0.,1.,0.));
#3830 = ORIENTED_EDGE('',*,*,#3831,.T.);
#3831 = EDGE_CURVE('',#3823,#3813,#3832,.T.);
#3832 = LINE('',#3833,#3834);
#3833 = CARTESIAN_POINT('',(10.7,-10.39230484541,36.));
#3834 = VECTOR('',#3835,1.);
#3835 = DIRECTION('',(1.,0.,0.));
#3836 = CYLINDRICAL_SURFACE('',#3837,12.);
#3837 = AXIS2_PLACEMENT_3D('',#3838,#3839,#3840);
#3838 = CARTESIAN_POINT('',(10.7,0.,30.));
#3839 = DIRECTION('',(1.,0.,0.));
#3840 = DIRECTION('',(0.,1.,0.));
#3841 = ADVANCED_FACE('',(#3842),#3858,.T.);
#3842 = FACE_BOUND('',#3843,.T.);
#3843 = EDGE_LOOP('',(#3844,#3850,#3851,#3857));
#3844 = ORIENTED_EDGE('',*,*,#3845,.F.);
#3845 = EDGE_CURVE('',#3749,#3823,#3846,.T.);
#3846 = LINE('',#3847,#3848);
#3847 = CARTESIAN_POINT('',(10.7,-18.,36.));
#3848 = VECTOR('',#3849,1.);
#3849 = DIRECTION('',(0.,1.,0.));
#3850 = ORIENTED_EDGE('',*,*,#3748,.T.);
#3851 = ORIENTED_EDGE('',*,*,#3852,.T.);
#3852 = EDGE_CURVE('',#3740,#3813,#3853,.T.);
#3853 = LINE('',#3854,#3855);
#3854 = CARTESIAN_POINT('',(13.7,-18.,36.));
#3855 = VECTOR('',#3856,1.);
#3856 = DIRECTION('',(0.,1.,0.));
#3857 = ORIENTED_EDGE('',*,*,#3831,.F.);
#3858 = PLANE('',#3859);
#3859 = AXIS2_PLACEMENT_3D('',#3860,#3861,#3862);
#3860 = CARTESIAN_POINT('',(10.7,-18.,36.));
#3861 = DIRECTION('',(0.,0.,1.));
#3862 = DIRECTION('',(0.,1.,0.));
#3863 = ADVANCED_FACE('',(#3864,#3889,#3900,#3929),#3958,.T.);
#3864 = FACE_BOUND('',#3865,.T.);
#3865 = EDGE_LOOP('',(#3866,#3867,#3868,#3869,#3870,#3871,#3872,#3873,
    #3882));
#3866 = ORIENTED_EDGE('',*,*,#3635,.T.);
#3867 = ORIENTED_EDGE('',*,*,#3693,.F.);
#3868 = ORIENTED_EDGE('',*,*,#3708,.T.);
#3869 = ORIENTED_EDGE('',*,*,#3756,.F.);
#3870 = ORIENTED_EDGE('',*,*,#3845,.T.);
#3871 = ORIENTED_EDGE('',*,*,#3822,.F.);
#3872 = ORIENTED_EDGE('',*,*,#3772,.T.);
#3873 = ORIENTED_EDGE('',*,*,#3874,.F.);
#3874 = EDGE_CURVE('',#3875,#3775,#3877,.T.);
#3875 = VERTEX_POINT('',#3876);
#3876 = CARTESIAN_POINT('',(10.7,24.,30.));
#3877 = CIRCLE('',#3878,6.);
#3878 = AXIS2_PLACEMENT_3D('',#3879,#3880,#3881);
#3879 = CARTESIAN_POINT('',(10.7,18.,30.));
#3880 = DIRECTION('',(1.,0.,0.));
#3881 = DIRECTION('',(0.,1.,0.));
#3882 = ORIENTED_EDGE('',*,*,#3883,.F.);
#3883 = EDGE_CURVE('',#3636,#3875,#3884,.T.);
#3884 = CIRCLE('',#3885,6.);
#3885 = AXIS2_PLACEMENT_3D('',#3886,#3887,#3888);
#3886 = CARTESIAN_POINT('',(10.7,18.,30.));
#3887 = DIRECTION('',(1.,0.,0.));
#3888 = DIRECTION('',(0.,1.,0.));
#3889 = FACE_BOUND('',#3890,.T.);
#3890 = EDGE_LOOP('',(#3891));
#3891 = ORIENTED_EDGE('',*,*,#3892,.T.);
#3892 = EDGE_CURVE('',#3893,#3893,#3895,.T.);
#3893 = VERTEX_POINT('',#3894);
#3894 = CARTESIAN_POINT('',(10.7,5.1,30.));
#3895 = CIRCLE('',#3896,5.1);
#3896 = AXIS2_PLACEMENT_3D('',#3897,#3898,#3899);
#3897 = CARTESIAN_POINT('',(10.7,0.,30.));
#3898 = DIRECTION('',(1.,0.,0.));
#3899 = DIRECTION('',(0.,1.,0.));
#3900 = FACE_BOUND('',#3901,.T.);
#3901 = EDGE_LOOP('',(#3902,#3913,#3922));
#3902 = ORIENTED_EDGE('',*,*,#3903,.T.);
#3903 = EDGE_CURVE('',#3904,#3906,#3908,.T.);
#3904 = VERTEX_POINT('',#3905);
#3905 = CARTESIAN_POINT('',(10.7,18.,32.25));
#3906 = VERTEX_POINT('',#3907);
#3907 = CARTESIAN_POINT('',(10.7,18.,27.75));
#3908 = CIRCLE('',#3909,2.25);
#3909 = AXIS2_PLACEMENT_3D('',#3910,#3911,#3912);
#3910 = CARTESIAN_POINT('',(10.7,18.,30.));
#3911 = DIRECTION('',(1.,0.,0.));
#3912 = DIRECTION('',(0.,1.,0.));
#3913 = ORIENTED_EDGE('',*,*,#3914,.T.);
#3914 = EDGE_CURVE('',#3906,#3915,#3917,.T.);
#3915 = VERTEX_POINT('',#3916);
#3916 = CARTESIAN_POINT('',(10.7,20.25,30.));
#3917 = CIRCLE('',#3918,2.25);
#3918 = AXIS2_PLACEMENT_3D('',#3919,#3920,#3921);
#3919 = CARTESIAN_POINT('',(10.7,18.,30.));
#3920 = DIRECTION('',(1.,0.,0.));
#3921 = DIRECTION('',(0.,1.,0.));
#3922 = ORIENTED_EDGE('',*,*,#3923,.T.);
#3923 = EDGE_CURVE('',#3915,#3904,#3924,.T.);
#3924 = CIRCLE('',#3925,2.25);
#3925 = AXIS2_PLACEMENT_3D('',#3926,#3927,#3928);
#3926 = CARTESIAN_POINT('',(10.7,18.,30.));
#3927 = DIRECTION('',(1.,0.,0.));
#3928 = DIRECTION('',(0.,1.,0.));
#3929 = FACE_BOUND('',#3930,.T.);
#3930 = EDGE_LOOP('',(#3931,#3942,#3951));
#3931 = ORIENTED_EDGE('',*,*,#3932,.T.);
#3932 = EDGE_CURVE('',#3933,#3935,#3937,.T.);
#3933 = VERTEX_POINT('',#3934);
#3934 = CARTESIAN_POINT('',(10.7,-15.75,30.));
#3935 = VERTEX_POINT('',#3936);
#3936 = CARTESIAN_POINT('',(10.7,-18.,32.25));
#3937 = CIRCLE('',#3938,2.25);
#3938 = AXIS2_PLACEMENT_3D('',#3939,#3940,#3941);
#3939 = CARTESIAN_POINT('',(10.7,-18.,30.));
#3940 = DIRECTION('',(1.,0.,0.));
#3941 = DIRECTION('',(0.,1.,0.));
#3942 = ORIENTED_EDGE('',*,*,#3943,.T.);
#3943 = EDGE_CURVE('',#3935,#3944,#3946,.T.);
#3944 = VERTEX_POINT('',#3945);
#3945 = CARTESIAN_POINT('',(10.7,-18.,27.75));
#3946 = CIRCLE('',#3947,2.25);
#3947 = AXIS2_PLACEMENT_3D('',#3948,#3949,#3950);
#3948 = CARTESIAN_POINT('',(10.7,-18.,30.));
#3949 = DIRECTION('',(1.,0.,0.));
#3950 = DIRECTION('',(0.,1.,0.));
#3951 = ORIENTED_EDGE('',*,*,#3952,.T.);
#3952 = EDGE_CURVE('',#3944,#3933,#3953,.T.);
#3953 = CIRCLE('',#3954,2.25);
#3954 = AXIS2_PLACEMENT_3D('',#3955,#3956,#3957);
#3955 = CARTESIAN_POINT('',(10.7,-18.,30.));
#3956 = DIRECTION('',(1.,0.,0.));
#3957 = DIRECTION('',(0.,1.,0.));
#3958 = PLANE('',#3959);
#3959 = AXIS2_PLACEMENT_3D('',#3960,#3961,#3962);
#3960 = CARTESIAN_POINT('',(10.7,0.160100144495,30.));
#3961 = DIRECTION('',(-1.,-0.,-0.));
#3962 = DIRECTION('',(0.,-1.,0.));
#3963 = ADVANCED_FACE('',(#3964),#3983,.F.);
#3964 = FACE_BOUND('',#3965,.F.);
#3965 = EDGE_LOOP('',(#3966,#3975,#3981,#3982));
#3966 = ORIENTED_EDGE('',*,*,#3967,.F.);
#3967 = EDGE_CURVE('',#3968,#3968,#3970,.T.);
#3968 = VERTEX_POINT('',#3969);
#3969 = CARTESIAN_POINT('',(13.7,5.1,30.));
#3970 = CIRCLE('',#3971,5.1);
#3971 = AXIS2_PLACEMENT_3D('',#3972,#3973,#3974);
#3972 = CARTESIAN_POINT('',(13.7,0.,30.));
#3973 = DIRECTION('',(1.,0.,0.));
#3974 = DIRECTION('',(0.,1.,0.));
#3975 = ORIENTED_EDGE('',*,*,#3976,.F.);
#3976 = EDGE_CURVE('',#3893,#3968,#3977,.T.);
#3977 = LINE('',#3978,#3979);
#3978 = CARTESIAN_POINT('',(9.7,5.1,30.));
#3979 = VECTOR('',#3980,1.);
#3980 = DIRECTION('',(1.,0.,0.));
#3981 = ORIENTED_EDGE('',*,*,#3892,.T.);
#3982 = ORIENTED_EDGE('',*,*,#3976,.T.);
#3983 = CYLINDRICAL_SURFACE('',#3984,5.1);
#3984 = AXIS2_PLACEMENT_3D('',#3985,#3986,#3987);
#3985 = CARTESIAN_POINT('',(9.7,0.,30.));
#3986 = DIRECTION('',(1.,0.,0.));
#3987 = DIRECTION('',(0.,1.,0.));
#3988 = ADVANCED_FACE('',(#3989),#4028,.F.);
#3989 = FACE_BOUND('',#3990,.F.);
#3990 = EDGE_LOOP('',(#3991,#4002,#4008,#4009,#4010,#4011,#4012,#4021));
#3991 = ORIENTED_EDGE('',*,*,#3992,.F.);
#3992 = EDGE_CURVE('',#3993,#3995,#3997,.T.);
#3993 = VERTEX_POINT('',#3994);
#3994 = CARTESIAN_POINT('',(13.7,20.25,30.));
#3995 = VERTEX_POINT('',#3996);
#3996 = CARTESIAN_POINT('',(13.7,18.,32.25));
#3997 = CIRCLE('',#3998,2.25);
#3998 = AXIS2_PLACEMENT_3D('',#3999,#4000,#4001);
#3999 = CARTESIAN_POINT('',(13.7,18.,30.));
#4000 = DIRECTION('',(1.,0.,0.));
#4001 = DIRECTION('',(0.,1.,0.));
#4002 = ORIENTED_EDGE('',*,*,#4003,.F.);
#4003 = EDGE_CURVE('',#3915,#3993,#4004,.T.);
#4004 = LINE('',#4005,#4006);
#4005 = CARTESIAN_POINT('',(9.7,20.25,30.));
#4006 = VECTOR('',#4007,1.);
#4007 = DIRECTION('',(1.,0.,0.));
#4008 = ORIENTED_EDGE('',*,*,#3923,.T.);
#4009 = ORIENTED_EDGE('',*,*,#3903,.T.);
#4010 = ORIENTED_EDGE('',*,*,#3914,.T.);
#4011 = ORIENTED_EDGE('',*,*,#4003,.T.);
#4012 = ORIENTED_EDGE('',*,*,#4013,.F.);
#4013 = EDGE_CURVE('',#4014,#3993,#4016,.T.);
#4014 = VERTEX_POINT('',#4015);
#4015 = CARTESIAN_POINT('',(13.7,18.,27.75));
#4016 = CIRCLE('',#4017,2.25);
#4017 = AXIS2_PLACEMENT_3D('',#4018,#4019,#4020);
#4018 = CARTESIAN_POINT('',(13.7,18.,30.));
#4019 = DIRECTION('',(1.,0.,0.));
#4020 = DIRECTION('',(0.,1.,0.));
#4021 = ORIENTED_EDGE('',*,*,#4022,.F.);
#4022 = EDGE_CURVE('',#3995,#4014,#4023,.T.);
#4023 = CIRCLE('',#4024,2.25);
#4024 = AXIS2_PLACEMENT_3D('',#4025,#4026,#4027);
#4025 = CARTESIAN_POINT('',(13.7,18.,30.));
#4026 = DIRECTION('',(1.,0.,0.));
#4027 = DIRECTION('',(0.,1.,0.));
#4028 = CYLINDRICAL_SURFACE('',#4029,2.25);
#4029 = AXIS2_PLACEMENT_3D('',#4030,#4031,#4032);
#4030 = CARTESIAN_POINT('',(9.7,18.,30.));
#4031 = DIRECTION('',(1.,0.,0.));
#4032 = DIRECTION('',(0.,1.,0.));
#4033 = ADVANCED_FACE('',(#4034),#4073,.F.);
#4034 = FACE_BOUND('',#4035,.F.);
#4035 = EDGE_LOOP('',(#4036,#4047,#4053,#4054,#4055,#4056,#4057,#4066));
#4036 = ORIENTED_EDGE('',*,*,#4037,.F.);
#4037 = EDGE_CURVE('',#4038,#4040,#4042,.T.);
#4038 = VERTEX_POINT('',#4039);
#4039 = CARTESIAN_POINT('',(13.7,-15.75,30.));
#4040 = VERTEX_POINT('',#4041);
#4041 = CARTESIAN_POINT('',(13.7,-18.,32.25));
#4042 = CIRCLE('',#4043,2.25);
#4043 = AXIS2_PLACEMENT_3D('',#4044,#4045,#4046);
#4044 = CARTESIAN_POINT('',(13.7,-18.,30.));
#4045 = DIRECTION('',(1.,0.,0.));
#4046 = DIRECTION('',(0.,1.,0.));
#4047 = ORIENTED_EDGE('',*,*,#4048,.F.);
#4048 = EDGE_CURVE('',#3933,#4038,#4049,.T.);
#4049 = LINE('',#4050,#4051);
#4050 = CARTESIAN_POINT('',(9.7,-15.75,30.));
#4051 = VECTOR('',#4052,1.);
#4052 = DIRECTION('',(1.,0.,0.));
#4053 = ORIENTED_EDGE('',*,*,#3932,.T.);
#4054 = ORIENTED_EDGE('',*,*,#3943,.T.);
#4055 = ORIENTED_EDGE('',*,*,#3952,.T.);
#4056 = ORIENTED_EDGE('',*,*,#4048,.T.);
#4057 = ORIENTED_EDGE('',*,*,#4058,.F.);
#4058 = EDGE_CURVE('',#4059,#4038,#4061,.T.);
#4059 = VERTEX_POINT('',#4060);
#4060 = CARTESIAN_POINT('',(13.7,-18.,27.75));
#4061 = CIRCLE('',#4062,2.25);
#4062 = AXIS2_PLACEMENT_3D('',#4063,#4064,#4065);
#4063 = CARTESIAN_POINT('',(13.7,-18.,30.));
#4064 = DIRECTION('',(1.,0.,0.));
#4065 = DIRECTION('',(0.,1.,0.));
#4066 = ORIENTED_EDGE('',*,*,#4067,.F.);
#4067 = EDGE_CURVE('',#4040,#4059,#4068,.T.);
#4068 = CIRCLE('',#4069,2.25);
#4069 = AXIS2_PLACEMENT_3D('',#4070,#4071,#4072);
#4070 = CARTESIAN_POINT('',(13.7,-18.,30.));
#4071 = DIRECTION('',(1.,0.,0.));
#4072 = DIRECTION('',(0.,1.,0.));
#4073 = CYLINDRICAL_SURFACE('',#4074,2.25);
#4074 = AXIS2_PLACEMENT_3D('',#4075,#4076,#4077);
#4075 = CARTESIAN_POINT('',(9.7,-18.,30.));
#4076 = DIRECTION('',(1.,0.,0.));
#4077 = DIRECTION('',(0.,1.,0.));
#4078 = ADVANCED_FACE('',(#4079,#4104,#4107,#4112),#4117,.T.);
#4079 = FACE_BOUND('',#4080,.T.);
#4080 = EDGE_LOOP('',(#4081,#4082,#4091,#4098,#4099,#4100,#4101,#4102,
    #4103));
#4081 = ORIENTED_EDGE('',*,*,#3653,.F.);
#4082 = ORIENTED_EDGE('',*,*,#4083,.T.);
#4083 = EDGE_CURVE('',#3646,#4084,#4086,.T.);
#4084 = VERTEX_POINT('',#4085);
#4085 = CARTESIAN_POINT('',(13.7,24.,30.));
#4086 = CIRCLE('',#4087,6.);
#4087 = AXIS2_PLACEMENT_3D('',#4088,#4089,#4090);
#4088 = CARTESIAN_POINT('',(13.7,18.,30.));
#4089 = DIRECTION('',(1.,0.,0.));
#4090 = DIRECTION('',(0.,1.,0.));
#4091 = ORIENTED_EDGE('',*,*,#4092,.T.);
#4092 = EDGE_CURVE('',#4084,#3791,#4093,.T.);
#4093 = CIRCLE('',#4094,6.);
#4094 = AXIS2_PLACEMENT_3D('',#4095,#4096,#4097);
#4095 = CARTESIAN_POINT('',(13.7,18.,30.));
#4096 = DIRECTION('',(1.,0.,0.));
#4097 = DIRECTION('',(0.,1.,0.));
#4098 = ORIENTED_EDGE('',*,*,#3790,.F.);
#4099 = ORIENTED_EDGE('',*,*,#3812,.T.);
#4100 = ORIENTED_EDGE('',*,*,#3852,.F.);
#4101 = ORIENTED_EDGE('',*,*,#3739,.T.);
#4102 = ORIENTED_EDGE('',*,*,#3717,.F.);
#4103 = ORIENTED_EDGE('',*,*,#3676,.T.);
#4104 = FACE_BOUND('',#4105,.T.);
#4105 = EDGE_LOOP('',(#4106));
#4106 = ORIENTED_EDGE('',*,*,#3967,.F.);
#4107 = FACE_BOUND('',#4108,.T.);
#4108 = EDGE_LOOP('',(#4109,#4110,#4111));
#4109 = ORIENTED_EDGE('',*,*,#4022,.F.);
#4110 = ORIENTED_EDGE('',*,*,#3992,.F.);
#4111 = ORIENTED_EDGE('',*,*,#4013,.F.);
#4112 = FACE_BOUND('',#4113,.T.);
#4113 = EDGE_LOOP('',(#4114,#4115,#4116));
#4114 = ORIENTED_EDGE('',*,*,#4037,.F.);
#4115 = ORIENTED_EDGE('',*,*,#4058,.F.);
#4116 = ORIENTED_EDGE('',*,*,#4067,.F.);
#4117 = PLANE('',#4118);
#4118 = AXIS2_PLACEMENT_3D('',#4119,#4120,#4121);
#4119 = CARTESIAN_POINT('',(13.7,0.160100144495,30.));
#4120 = DIRECTION('',(1.,0.,0.));
#4121 = DIRECTION('',(0.,1.,0.));
#4122 = ADVANCED_FACE('',(#4123),#4131,.T.);
#4123 = FACE_BOUND('',#4124,.T.);
#4124 = EDGE_LOOP('',(#4125,#4126,#4127,#4128,#4129,#4130));
#4125 = ORIENTED_EDGE('',*,*,#3874,.T.);
#4126 = ORIENTED_EDGE('',*,*,#3798,.T.);
#4127 = ORIENTED_EDGE('',*,*,#4092,.F.);
#4128 = ORIENTED_EDGE('',*,*,#4083,.F.);
#4129 = ORIENTED_EDGE('',*,*,#3645,.F.);
#4130 = ORIENTED_EDGE('',*,*,#3883,.T.);
#4131 = CYLINDRICAL_SURFACE('',#4132,6.);
#4132 = AXIS2_PLACEMENT_3D('',#4133,#4134,#4135);
#4133 = CARTESIAN_POINT('',(10.7,18.,30.));
#4134 = DIRECTION('',(1.,0.,0.));
#4135 = DIRECTION('',(0.,1.,0.));
#4136 = MANIFOLD_SOLID_BREP('',#4137);
#4137 = CLOSED_SHELL('',(#4138,#4178,#4211,#4242,#4275,#4315,#4348,#4370
    ,#4470,#4495,#4540,#4585,#4629));
#4138 = ADVANCED_FACE('',(#4139),#4173,.T.);
#4139 = FACE_BOUND('',#4140,.T.);
#4140 = EDGE_LOOP('',(#4141,#4151,#4159,#4167));
#4141 = ORIENTED_EDGE('',*,*,#4142,.F.);
#4142 = EDGE_CURVE('',#4143,#4145,#4147,.T.);
#4143 = VERTEX_POINT('',#4144);
#4144 = CARTESIAN_POINT('',(100.,18.,24.));
#4145 = VERTEX_POINT('',#4146);
#4146 = CARTESIAN_POINT('',(100.,10.392304845413,24.));
#4147 = LINE('',#4148,#4149);
#4148 = CARTESIAN_POINT('',(100.,18.,24.));
#4149 = VECTOR('',#4150,1.);
#4150 = DIRECTION('',(0.,-1.,0.));
#4151 = ORIENTED_EDGE('',*,*,#4152,.T.);
#4152 = EDGE_CURVE('',#4143,#4153,#4155,.T.);
#4153 = VERTEX_POINT('',#4154);
#4154 = CARTESIAN_POINT('',(103.,18.,24.));
#4155 = LINE('',#4156,#4157);
#4156 = CARTESIAN_POINT('',(100.,18.,24.));
#4157 = VECTOR('',#4158,1.);
#4158 = DIRECTION('',(1.,0.,0.));
#4159 = ORIENTED_EDGE('',*,*,#4160,.T.);
#4160 = EDGE_CURVE('',#4153,#4161,#4163,.T.);
#4161 = VERTEX_POINT('',#4162);
#4162 = CARTESIAN_POINT('',(103.,10.392304845413,24.));
#4163 = LINE('',#4164,#4165);
#4164 = CARTESIAN_POINT('',(103.,18.,24.));
#4165 = VECTOR('',#4166,1.);
#4166 = DIRECTION('',(0.,-1.,0.));
#4167 = ORIENTED_EDGE('',*,*,#4168,.F.);
#4168 = EDGE_CURVE('',#4145,#4161,#4169,.T.);
#4169 = LINE('',#4170,#4171);
#4170 = CARTESIAN_POINT('',(100.,10.392304845413,24.));
#4171 = VECTOR('',#4172,1.);
#4172 = DIRECTION('',(1.,0.,0.));
#4173 = PLANE('',#4174);
#4174 = AXIS2_PLACEMENT_3D('',#4175,#4176,#4177);
#4175 = CARTESIAN_POINT('',(100.,18.,24.));
#4176 = DIRECTION('',(0.,0.,-1.));
#4177 = DIRECTION('',(0.,-1.,0.));
#4178 = ADVANCED_FACE('',(#4179),#4206,.T.);
#4179 = FACE_BOUND('',#4180,.T.);
#4180 = EDGE_LOOP('',(#4181,#4182,#4191,#4199));
#4181 = ORIENTED_EDGE('',*,*,#4168,.T.);
#4182 = ORIENTED_EDGE('',*,*,#4183,.F.);
#4183 = EDGE_CURVE('',#4184,#4161,#4186,.T.);
#4184 = VERTEX_POINT('',#4185);
#4185 = CARTESIAN_POINT('',(103.,-10.39230484541,24.));
#4186 = CIRCLE('',#4187,12.);
#4187 = AXIS2_PLACEMENT_3D('',#4188,#4189,#4190);
#4188 = CARTESIAN_POINT('',(103.,0.,30.));
#4189 = DIRECTION('',(1.,0.,0.));
#4190 = DIRECTION('',(0.,1.,0.));
#4191 = ORIENTED_EDGE('',*,*,#4192,.F.);
#4192 = EDGE_CURVE('',#4193,#4184,#4195,.T.);
#4193 = VERTEX_POINT('',#4194);
#4194 = CARTESIAN_POINT('',(100.,-10.39230484541,24.));
#4195 = LINE('',#4196,#4197);
#4196 = CARTESIAN_POINT('',(100.,-10.39230484541,24.));
#4197 = VECTOR('',#4198,1.);
#4198 = DIRECTION('',(1.,0.,0.));
#4199 = ORIENTED_EDGE('',*,*,#4200,.T.);
#4200 = EDGE_CURVE('',#4193,#4145,#4201,.T.);
#4201 = CIRCLE('',#4202,12.);
#4202 = AXIS2_PLACEMENT_3D('',#4203,#4204,#4205);
#4203 = CARTESIAN_POINT('',(100.,0.,30.));
#4204 = DIRECTION('',(1.,0.,0.));
#4205 = DIRECTION('',(0.,1.,0.));
#4206 = CYLINDRICAL_SURFACE('',#4207,12.);
#4207 = AXIS2_PLACEMENT_3D('',#4208,#4209,#4210);
#4208 = CARTESIAN_POINT('',(100.,0.,30.));
#4209 = DIRECTION('',(1.,0.,0.));
#4210 = DIRECTION('',(0.,1.,0.));
#4211 = ADVANCED_FACE('',(#4212),#4237,.T.);
#4212 = FACE_BOUND('',#4213,.T.);
#4213 = EDGE_LOOP('',(#4214,#4222,#4223,#4231));
#4214 = ORIENTED_EDGE('',*,*,#4215,.F.);
#4215 = EDGE_CURVE('',#4193,#4216,#4218,.T.);
#4216 = VERTEX_POINT('',#4217);
#4217 = CARTESIAN_POINT('',(100.,-18.,24.));
#4218 = LINE('',#4219,#4220);
#4219 = CARTESIAN_POINT('',(100.,18.,24.));
#4220 = VECTOR('',#4221,1.);
#4221 = DIRECTION('',(0.,-1.,0.));
#4222 = ORIENTED_EDGE('',*,*,#4192,.T.);
#4223 = ORIENTED_EDGE('',*,*,#4224,.T.);
#4224 = EDGE_CURVE('',#4184,#4225,#4227,.T.);
#4225 = VERTEX_POINT('',#4226);
#4226 = CARTESIAN_POINT('',(103.,-18.,24.));
#4227 = LINE('',#4228,#4229);
#4228 = CARTESIAN_POINT('',(103.,18.,24.));
#4229 = VECTOR('',#4230,1.);
#4230 = DIRECTION('',(0.,-1.,0.));
#4231 = ORIENTED_EDGE('',*,*,#4232,.F.);
#4232 = EDGE_CURVE('',#4216,#4225,#4233,.T.);
#4233 = LINE('',#4234,#4235);
#4234 = CARTESIAN_POINT('',(100.,-18.,24.));
#4235 = VECTOR('',#4236,1.);
#4236 = DIRECTION('',(1.,0.,0.));
#4237 = PLANE('',#4238);
#4238 = AXIS2_PLACEMENT_3D('',#4239,#4240,#4241);
#4239 = CARTESIAN_POINT('',(100.,18.,24.));
#4240 = DIRECTION('',(0.,0.,-1.));
#4241 = DIRECTION('',(0.,-1.,0.));
#4242 = ADVANCED_FACE('',(#4243),#4270,.T.);
#4243 = FACE_BOUND('',#4244,.T.);
#4244 = EDGE_LOOP('',(#4245,#4254,#4262,#4269));
#4245 = ORIENTED_EDGE('',*,*,#4246,.F.);
#4246 = EDGE_CURVE('',#4247,#4225,#4249,.T.);
#4247 = VERTEX_POINT('',#4248);
#4248 = CARTESIAN_POINT('',(103.,-18.,36.));
#4249 = CIRCLE('',#4250,6.);
#4250 = AXIS2_PLACEMENT_3D('',#4251,#4252,#4253);
#4251 = CARTESIAN_POINT('',(103.,-18.,30.));
#4252 = DIRECTION('',(1.,0.,0.));
#4253 = DIRECTION('',(0.,1.,0.));
#4254 = ORIENTED_EDGE('',*,*,#4255,.F.);
#4255 = EDGE_CURVE('',#4256,#4247,#4258,.T.);
#4256 = VERTEX_POINT('',#4257);
#4257 = CARTESIAN_POINT('',(100.,-18.,36.));
#4258 = LINE('',#4259,#4260);
#4259 = CARTESIAN_POINT('',(100.,-18.,36.));
#4260 = VECTOR('',#4261,1.);
#4261 = DIRECTION('',(1.,0.,0.));
#4262 = ORIENTED_EDGE('',*,*,#4263,.T.);
#4263 = EDGE_CURVE('',#4256,#4216,#4264,.T.);
#4264 = CIRCLE('',#4265,6.);
#4265 = AXIS2_PLACEMENT_3D('',#4266,#4267,#4268);
#4266 = CARTESIAN_POINT('',(100.,-18.,30.));
#4267 = DIRECTION('',(1.,0.,0.));
#4268 = DIRECTION('',(0.,1.,0.));
#4269 = ORIENTED_EDGE('',*,*,#4232,.T.);
#4270 = CYLINDRICAL_SURFACE('',#4271,6.);
#4271 = AXIS2_PLACEMENT_3D('',#4272,#4273,#4274);
#4272 = CARTESIAN_POINT('',(100.,-18.,30.));
#4273 = DIRECTION('',(1.,0.,0.));
#4274 = DIRECTION('',(0.,1.,0.));
#4275 = ADVANCED_FACE('',(#4276),#4310,.T.);
#4276 = FACE_BOUND('',#4277,.T.);
#4277 = EDGE_LOOP('',(#4278,#4288,#4296,#4304));
#4278 = ORIENTED_EDGE('',*,*,#4279,.F.);
#4279 = EDGE_CURVE('',#4280,#4282,#4284,.T.);
#4280 = VERTEX_POINT('',#4281);
#4281 = CARTESIAN_POINT('',(100.,10.392304845413,36.));
#4282 = VERTEX_POINT('',#4283);
#4283 = CARTESIAN_POINT('',(100.,18.,36.));
#4284 = LINE('',#4285,#4286);
#4285 = CARTESIAN_POINT('',(100.,-18.,36.));
#4286 = VECTOR('',#4287,1.);
#4287 = DIRECTION('',(0.,1.,0.));
#4288 = ORIENTED_EDGE('',*,*,#4289,.T.);
#4289 = EDGE_CURVE('',#4280,#4290,#4292,.T.);
#4290 = VERTEX_POINT('',#4291);
#4291 = CARTESIAN_POINT('',(103.,10.392304845413,36.));
#4292 = LINE('',#4293,#4294);
#4293 = CARTESIAN_POINT('',(100.,10.392304845413,36.));
#4294 = VECTOR('',#4295,1.);
#4295 = DIRECTION('',(1.,0.,0.));
#4296 = ORIENTED_EDGE('',*,*,#4297,.T.);
#4297 = EDGE_CURVE('',#4290,#4298,#4300,.T.);
#4298 = VERTEX_POINT('',#4299);
#4299 = CARTESIAN_POINT('',(103.,18.,36.));
#4300 = LINE('',#4301,#4302);
#4301 = CARTESIAN_POINT('',(103.,-18.,36.));
#4302 = VECTOR('',#4303,1.);
#4303 = DIRECTION('',(0.,1.,0.));
#4304 = ORIENTED_EDGE('',*,*,#4305,.F.);
#4305 = EDGE_CURVE('',#4282,#4298,#4306,.T.);
#4306 = LINE('',#4307,#4308);
#4307 = CARTESIAN_POINT('',(100.,18.,36.));
#4308 = VECTOR('',#4309,1.);
#4309 = DIRECTION('',(1.,0.,0.));
#4310 = PLANE('',#4311);
#4311 = AXIS2_PLACEMENT_3D('',#4312,#4313,#4314);
#4312 = CARTESIAN_POINT('',(100.,-18.,36.));
#4313 = DIRECTION('',(0.,0.,1.));
#4314 = DIRECTION('',(0.,1.,0.));
#4315 = ADVANCED_FACE('',(#4316),#4343,.T.);
#4316 = FACE_BOUND('',#4317,.T.);
#4317 = EDGE_LOOP('',(#4318,#4327,#4328,#4337));
#4318 = ORIENTED_EDGE('',*,*,#4319,.F.);
#4319 = EDGE_CURVE('',#4290,#4320,#4322,.T.);
#4320 = VERTEX_POINT('',#4321);
#4321 = CARTESIAN_POINT('',(103.,-10.39230484541,36.));
#4322 = CIRCLE('',#4323,12.);
#4323 = AXIS2_PLACEMENT_3D('',#4324,#4325,#4326);
#4324 = CARTESIAN_POINT('',(103.,0.,30.));
#4325 = DIRECTION('',(1.,0.,0.));
#4326 = DIRECTION('',(0.,1.,0.));
#4327 = ORIENTED_EDGE('',*,*,#4289,.F.);
#4328 = ORIENTED_EDGE('',*,*,#4329,.T.);
#4329 = EDGE_CURVE('',#4280,#4330,#4332,.T.);
#4330 = VERTEX_POINT('',#4331);
#4331 = CARTESIAN_POINT('',(100.,-10.39230484541,36.));
#4332 = CIRCLE('',#4333,12.);
#4333 = AXIS2_PLACEMENT_3D('',#4334,#4335,#4336);
#4334 = CARTESIAN_POINT('',(100.,0.,30.));
#4335 = DIRECTION('',(1.,0.,0.));
#4336 = DIRECTION('',(0.,1.,0.));
#4337 = ORIENTED_EDGE('',*,*,#4338,.T.);
#4338 = EDGE_CURVE('',#4330,#4320,#4339,.T.);
#4339 = LINE('',#4340,#4341);
#4340 = CARTESIAN_POINT('',(100.,-10.39230484541,36.));
#4341 = VECTOR('',#4342,1.);
#4342 = DIRECTION('',(1.,0.,0.));
#4343 = CYLINDRICAL_SURFACE('',#4344,12.);
#4344 = AXIS2_PLACEMENT_3D('',#4345,#4346,#4347);
#4345 = CARTESIAN_POINT('',(100.,0.,30.));
#4346 = DIRECTION('',(1.,0.,0.));
#4347 = DIRECTION('',(0.,1.,0.));
#4348 = ADVANCED_FACE('',(#4349),#4365,.T.);
#4349 = FACE_BOUND('',#4350,.T.);
#4350 = EDGE_LOOP('',(#4351,#4357,#4358,#4364));
#4351 = ORIENTED_EDGE('',*,*,#4352,.F.);
#4352 = EDGE_CURVE('',#4256,#4330,#4353,.T.);
#4353 = LINE('',#4354,#4355);
#4354 = CARTESIAN_POINT('',(100.,-18.,36.));
#4355 = VECTOR('',#4356,1.);
#4356 = DIRECTION('',(0.,1.,0.));
#4357 = ORIENTED_EDGE('',*,*,#4255,.T.);
#4358 = ORIENTED_EDGE('',*,*,#4359,.T.);
#4359 = EDGE_CURVE('',#4247,#4320,#4360,.T.);
#4360 = LINE('',#4361,#4362);
#4361 = CARTESIAN_POINT('',(103.,-18.,36.));
#4362 = VECTOR('',#4363,1.);
#4363 = DIRECTION('',(0.,1.,0.));
#4364 = ORIENTED_EDGE('',*,*,#4338,.F.);
#4365 = PLANE('',#4366);
#4366 = AXIS2_PLACEMENT_3D('',#4367,#4368,#4369);
#4367 = CARTESIAN_POINT('',(100.,-18.,36.));
#4368 = DIRECTION('',(0.,0.,1.));
#4369 = DIRECTION('',(0.,1.,0.));
#4370 = ADVANCED_FACE('',(#4371,#4396,#4407,#4436),#4465,.T.);
#4371 = FACE_BOUND('',#4372,.T.);
#4372 = EDGE_LOOP('',(#4373,#4374,#4375,#4376,#4377,#4378,#4379,#4380,
    #4389));
#4373 = ORIENTED_EDGE('',*,*,#4142,.T.);
#4374 = ORIENTED_EDGE('',*,*,#4200,.F.);
#4375 = ORIENTED_EDGE('',*,*,#4215,.T.);
#4376 = ORIENTED_EDGE('',*,*,#4263,.F.);
#4377 = ORIENTED_EDGE('',*,*,#4352,.T.);
#4378 = ORIENTED_EDGE('',*,*,#4329,.F.);
#4379 = ORIENTED_EDGE('',*,*,#4279,.T.);
#4380 = ORIENTED_EDGE('',*,*,#4381,.F.);
#4381 = EDGE_CURVE('',#4382,#4282,#4384,.T.);
#4382 = VERTEX_POINT('',#4383);
#4383 = CARTESIAN_POINT('',(100.,24.,30.));
#4384 = CIRCLE('',#4385,6.);
#4385 = AXIS2_PLACEMENT_3D('',#4386,#4387,#4388);
#4386 = CARTESIAN_POINT('',(100.,18.,30.));
#4387 = DIRECTION('',(1.,0.,0.));
#4388 = DIRECTION('',(0.,1.,0.));
#4389 = ORIENTED_EDGE('',*,*,#4390,.F.);
#4390 = EDGE_CURVE('',#4143,#4382,#4391,.T.);
#4391 = CIRCLE('',#4392,6.);
#4392 = AXIS2_PLACEMENT_3D('',#4393,#4394,#4395);
#4393 = CARTESIAN_POINT('',(100.,18.,30.));
#4394 = DIRECTION('',(1.,0.,0.));
#4395 = DIRECTION('',(0.,1.,0.));
#4396 = FACE_BOUND('',#4397,.T.);
#4397 = EDGE_LOOP('',(#4398));
#4398 = ORIENTED_EDGE('',*,*,#4399,.T.);
#4399 = EDGE_CURVE('',#4400,#4400,#4402,.T.);
#4400 = VERTEX_POINT('',#4401);
#4401 = CARTESIAN_POINT('',(100.,5.1,30.));
#4402 = CIRCLE('',#4403,5.1);
#4403 = AXIS2_PLACEMENT_3D('',#4404,#4405,#4406);
#4404 = CARTESIAN_POINT('',(100.,0.,30.));
#4405 = DIRECTION('',(1.,0.,0.));
#4406 = DIRECTION('',(0.,1.,0.));
#4407 = FACE_BOUND('',#4408,.T.);
#4408 = EDGE_LOOP('',(#4409,#4420,#4429));
#4409 = ORIENTED_EDGE('',*,*,#4410,.T.);
#4410 = EDGE_CURVE('',#4411,#4413,#4415,.T.);
#4411 = VERTEX_POINT('',#4412);
#4412 = CARTESIAN_POINT('',(100.,18.,32.25));
#4413 = VERTEX_POINT('',#4414);
#4414 = CARTESIAN_POINT('',(100.,18.,27.75));
#4415 = CIRCLE('',#4416,2.25);
#4416 = AXIS2_PLACEMENT_3D('',#4417,#4418,#4419);
#4417 = CARTESIAN_POINT('',(100.,18.,30.));
#4418 = DIRECTION('',(1.,0.,0.));
#4419 = DIRECTION('',(0.,1.,0.));
#4420 = ORIENTED_EDGE('',*,*,#4421,.T.);
#4421 = EDGE_CURVE('',#4413,#4422,#4424,.T.);
#4422 = VERTEX_POINT('',#4423);
#4423 = CARTESIAN_POINT('',(100.,20.25,30.));
#4424 = CIRCLE('',#4425,2.25);
#4425 = AXIS2_PLACEMENT_3D('',#4426,#4427,#4428);
#4426 = CARTESIAN_POINT('',(100.,18.,30.));
#4427 = DIRECTION('',(1.,0.,0.));
#4428 = DIRECTION('',(0.,1.,0.));
#4429 = ORIENTED_EDGE('',*,*,#4430,.T.);
#4430 = EDGE_CURVE('',#4422,#4411,#4431,.T.);
#4431 = CIRCLE('',#4432,2.25);
#4432 = AXIS2_PLACEMENT_3D('',#4433,#4434,#4435);
#4433 = CARTESIAN_POINT('',(100.,18.,30.));
#4434 = DIRECTION('',(1.,0.,0.));
#4435 = DIRECTION('',(0.,1.,0.));
#4436 = FACE_BOUND('',#4437,.T.);
#4437 = EDGE_LOOP('',(#4438,#4449,#4458));
#4438 = ORIENTED_EDGE('',*,*,#4439,.T.);
#4439 = EDGE_CURVE('',#4440,#4442,#4444,.T.);
#4440 = VERTEX_POINT('',#4441);
#4441 = CARTESIAN_POINT('',(100.,-15.75,30.));
#4442 = VERTEX_POINT('',#4443);
#4443 = CARTESIAN_POINT('',(100.,-18.,32.25));
#4444 = CIRCLE('',#4445,2.25);
#4445 = AXIS2_PLACEMENT_3D('',#4446,#4447,#4448);
#4446 = CARTESIAN_POINT('',(100.,-18.,30.));
#4447 = DIRECTION('',(1.,0.,0.));
#4448 = DIRECTION('',(0.,1.,0.));
#4449 = ORIENTED_EDGE('',*,*,#4450,.T.);
#4450 = EDGE_CURVE('',#4442,#4451,#4453,.T.);
#4451 = VERTEX_POINT('',#4452);
#4452 = CARTESIAN_POINT('',(100.,-18.,27.75));
#4453 = CIRCLE('',#4454,2.25);
#4454 = AXIS2_PLACEMENT_3D('',#4455,#4456,#4457);
#4455 = CARTESIAN_POINT('',(100.,-18.,30.));
#4456 = DIRECTION('',(1.,0.,0.));
#4457 = DIRECTION('',(0.,1.,0.));
#4458 = ORIENTED_EDGE('',*,*,#4459,.T.);
#4459 = EDGE_CURVE('',#4451,#4440,#4460,.T.);
#4460 = CIRCLE('',#4461,2.25);
#4461 = AXIS2_PLACEMENT_3D('',#4462,#4463,#4464);
#4462 = CARTESIAN_POINT('',(100.,-18.,30.));
#4463 = DIRECTION('',(1.,0.,0.));
#4464 = DIRECTION('',(0.,1.,0.));
#4465 = PLANE('',#4466);
#4466 = AXIS2_PLACEMENT_3D('',#4467,#4468,#4469);
#4467 = CARTESIAN_POINT('',(100.,0.160100144495,30.));
#4468 = DIRECTION('',(-1.,-0.,-0.));
#4469 = DIRECTION('',(0.,-1.,0.));
#4470 = ADVANCED_FACE('',(#4471),#4490,.F.);
#4471 = FACE_BOUND('',#4472,.F.);
#4472 = EDGE_LOOP('',(#4473,#4482,#4488,#4489));
#4473 = ORIENTED_EDGE('',*,*,#4474,.F.);
#4474 = EDGE_CURVE('',#4475,#4475,#4477,.T.);
#4475 = VERTEX_POINT('',#4476);
#4476 = CARTESIAN_POINT('',(103.,5.1,30.));
#4477 = CIRCLE('',#4478,5.1);
#4478 = AXIS2_PLACEMENT_3D('',#4479,#4480,#4481);
#4479 = CARTESIAN_POINT('',(103.,0.,30.));
#4480 = DIRECTION('',(1.,0.,0.));
#4481 = DIRECTION('',(0.,1.,0.));
#4482 = ORIENTED_EDGE('',*,*,#4483,.F.);
#4483 = EDGE_CURVE('',#4400,#4475,#4484,.T.);
#4484 = LINE('',#4485,#4486);
#4485 = CARTESIAN_POINT('',(99.,5.1,30.));
#4486 = VECTOR('',#4487,1.);
#4487 = DIRECTION('',(1.,0.,0.));
#4488 = ORIENTED_EDGE('',*,*,#4399,.T.);
#4489 = ORIENTED_EDGE('',*,*,#4483,.T.);
#4490 = CYLINDRICAL_SURFACE('',#4491,5.1);
#4491 = AXIS2_PLACEMENT_3D('',#4492,#4493,#4494);
#4492 = CARTESIAN_POINT('',(99.,0.,30.));
#4493 = DIRECTION('',(1.,0.,0.));
#4494 = DIRECTION('',(0.,1.,0.));
#4495 = ADVANCED_FACE('',(#4496),#4535,.F.);
#4496 = FACE_BOUND('',#4497,.F.);
#4497 = EDGE_LOOP('',(#4498,#4509,#4515,#4516,#4517,#4518,#4519,#4528));
#4498 = ORIENTED_EDGE('',*,*,#4499,.F.);
#4499 = EDGE_CURVE('',#4500,#4502,#4504,.T.);
#4500 = VERTEX_POINT('',#4501);
#4501 = CARTESIAN_POINT('',(103.,20.25,30.));
#4502 = VERTEX_POINT('',#4503);
#4503 = CARTESIAN_POINT('',(103.,18.,32.25));
#4504 = CIRCLE('',#4505,2.25);
#4505 = AXIS2_PLACEMENT_3D('',#4506,#4507,#4508);
#4506 = CARTESIAN_POINT('',(103.,18.,30.));
#4507 = DIRECTION('',(1.,0.,0.));
#4508 = DIRECTION('',(0.,1.,0.));
#4509 = ORIENTED_EDGE('',*,*,#4510,.F.);
#4510 = EDGE_CURVE('',#4422,#4500,#4511,.T.);
#4511 = LINE('',#4512,#4513);
#4512 = CARTESIAN_POINT('',(99.,20.25,30.));
#4513 = VECTOR('',#4514,1.);
#4514 = DIRECTION('',(1.,0.,0.));
#4515 = ORIENTED_EDGE('',*,*,#4430,.T.);
#4516 = ORIENTED_EDGE('',*,*,#4410,.T.);
#4517 = ORIENTED_EDGE('',*,*,#4421,.T.);
#4518 = ORIENTED_EDGE('',*,*,#4510,.T.);
#4519 = ORIENTED_EDGE('',*,*,#4520,.F.);
#4520 = EDGE_CURVE('',#4521,#4500,#4523,.T.);
#4521 = VERTEX_POINT('',#4522);
#4522 = CARTESIAN_POINT('',(103.,18.,27.75));
#4523 = CIRCLE('',#4524,2.25);
#4524 = AXIS2_PLACEMENT_3D('',#4525,#4526,#4527);
#4525 = CARTESIAN_POINT('',(103.,18.,30.));
#4526 = DIRECTION('',(1.,0.,0.));
#4527 = DIRECTION('',(0.,1.,0.));
#4528 = ORIENTED_EDGE('',*,*,#4529,.F.);
#4529 = EDGE_CURVE('',#4502,#4521,#4530,.T.);
#4530 = CIRCLE('',#4531,2.25);
#4531 = AXIS2_PLACEMENT_3D('',#4532,#4533,#4534);
#4532 = CARTESIAN_POINT('',(103.,18.,30.));
#4533 = DIRECTION('',(1.,0.,0.));
#4534 = DIRECTION('',(0.,1.,0.));
#4535 = CYLINDRICAL_SURFACE('',#4536,2.25);
#4536 = AXIS2_PLACEMENT_3D('',#4537,#4538,#4539);
#4537 = CARTESIAN_POINT('',(99.,18.,30.));
#4538 = DIRECTION('',(1.,0.,0.));
#4539 = DIRECTION('',(0.,1.,0.));
#4540 = ADVANCED_FACE('',(#4541),#4580,.F.);
#4541 = FACE_BOUND('',#4542,.F.);
#4542 = EDGE_LOOP('',(#4543,#4554,#4560,#4561,#4562,#4563,#4564,#4573));
#4543 = ORIENTED_EDGE('',*,*,#4544,.F.);
#4544 = EDGE_CURVE('',#4545,#4547,#4549,.T.);
#4545 = VERTEX_POINT('',#4546);
#4546 = CARTESIAN_POINT('',(103.,-15.75,30.));
#4547 = VERTEX_POINT('',#4548);
#4548 = CARTESIAN_POINT('',(103.,-18.,32.25));
#4549 = CIRCLE('',#4550,2.25);
#4550 = AXIS2_PLACEMENT_3D('',#4551,#4552,#4553);
#4551 = CARTESIAN_POINT('',(103.,-18.,30.));
#4552 = DIRECTION('',(1.,0.,0.));
#4553 = DIRECTION('',(0.,1.,0.));
#4554 = ORIENTED_EDGE('',*,*,#4555,.F.);
#4555 = EDGE_CURVE('',#4440,#4545,#4556,.T.);
#4556 = LINE('',#4557,#4558);
#4557 = CARTESIAN_POINT('',(99.,-15.75,30.));
#4558 = VECTOR('',#4559,1.);
#4559 = DIRECTION('',(1.,0.,0.));
#4560 = ORIENTED_EDGE('',*,*,#4439,.T.);
#4561 = ORIENTED_EDGE('',*,*,#4450,.T.);
#4562 = ORIENTED_EDGE('',*,*,#4459,.T.);
#4563 = ORIENTED_EDGE('',*,*,#4555,.T.);
#4564 = ORIENTED_EDGE('',*,*,#4565,.F.);
#4565 = EDGE_CURVE('',#4566,#4545,#4568,.T.);
#4566 = VERTEX_POINT('',#4567);
#4567 = CARTESIAN_POINT('',(103.,-18.,27.75));
#4568 = CIRCLE('',#4569,2.25);
#4569 = AXIS2_PLACEMENT_3D('',#4570,#4571,#4572);
#4570 = CARTESIAN_POINT('',(103.,-18.,30.));
#4571 = DIRECTION('',(1.,0.,0.));
#4572 = DIRECTION('',(0.,1.,0.));
#4573 = ORIENTED_EDGE('',*,*,#4574,.F.);
#4574 = EDGE_CURVE('',#4547,#4566,#4575,.T.);
#4575 = CIRCLE('',#4576,2.25);
#4576 = AXIS2_PLACEMENT_3D('',#4577,#4578,#4579);
#4577 = CARTESIAN_POINT('',(103.,-18.,30.));
#4578 = DIRECTION('',(1.,0.,0.));
#4579 = DIRECTION('',(0.,1.,0.));
#4580 = CYLINDRICAL_SURFACE('',#4581,2.25);
#4581 = AXIS2_PLACEMENT_3D('',#4582,#4583,#4584);
#4582 = CARTESIAN_POINT('',(99.,-18.,30.));
#4583 = DIRECTION('',(1.,0.,0.));
#4584 = DIRECTION('',(0.,1.,0.));
#4585 = ADVANCED_FACE('',(#4586,#4611,#4614,#4619),#4624,.T.);
#4586 = FACE_BOUND('',#4587,.T.);
#4587 = EDGE_LOOP('',(#4588,#4589,#4598,#4605,#4606,#4607,#4608,#4609,
    #4610));
#4588 = ORIENTED_EDGE('',*,*,#4160,.F.);
#4589 = ORIENTED_EDGE('',*,*,#4590,.T.);
#4590 = EDGE_CURVE('',#4153,#4591,#4593,.T.);
#4591 = VERTEX_POINT('',#4592);
#4592 = CARTESIAN_POINT('',(103.,24.,30.));
#4593 = CIRCLE('',#4594,6.);
#4594 = AXIS2_PLACEMENT_3D('',#4595,#4596,#4597);
#4595 = CARTESIAN_POINT('',(103.,18.,30.));
#4596 = DIRECTION('',(1.,0.,0.));
#4597 = DIRECTION('',(0.,1.,0.));
#4598 = ORIENTED_EDGE('',*,*,#4599,.T.);
#4599 = EDGE_CURVE('',#4591,#4298,#4600,.T.);
#4600 = CIRCLE('',#4601,6.);
#4601 = AXIS2_PLACEMENT_3D('',#4602,#4603,#4604);
#4602 = CARTESIAN_POINT('',(103.,18.,30.));
#4603 = DIRECTION('',(1.,0.,0.));
#4604 = DIRECTION('',(0.,1.,0.));
#4605 = ORIENTED_EDGE('',*,*,#4297,.F.);
#4606 = ORIENTED_EDGE('',*,*,#4319,.T.);
#4607 = ORIENTED_EDGE('',*,*,#4359,.F.);
#4608 = ORIENTED_EDGE('',*,*,#4246,.T.);
#4609 = ORIENTED_EDGE('',*,*,#4224,.F.);
#4610 = ORIENTED_EDGE('',*,*,#4183,.T.);
#4611 = FACE_BOUND('',#4612,.T.);
#4612 = EDGE_LOOP('',(#4613));
#4613 = ORIENTED_EDGE('',*,*,#4474,.F.);
#4614 = FACE_BOUND('',#4615,.T.);
#4615 = EDGE_LOOP('',(#4616,#4617,#4618));
#4616 = ORIENTED_EDGE('',*,*,#4529,.F.);
#4617 = ORIENTED_EDGE('',*,*,#4499,.F.);
#4618 = ORIENTED_EDGE('',*,*,#4520,.F.);
#4619 = FACE_BOUND('',#4620,.T.);
#4620 = EDGE_LOOP('',(#4621,#4622,#4623));
#4621 = ORIENTED_EDGE('',*,*,#4544,.F.);
#4622 = ORIENTED_EDGE('',*,*,#4565,.F.);
#4623 = ORIENTED_EDGE('',*,*,#4574,.F.);
#4624 = PLANE('',#4625);
#4625 = AXIS2_PLACEMENT_3D('',#4626,#4627,#4628);
#4626 = CARTESIAN_POINT('',(103.,0.160100144495,30.));
#4627 = DIRECTION('',(1.,0.,0.));
#4628 = DIRECTION('',(0.,1.,0.));
#4629 = ADVANCED_FACE('',(#4630),#4638,.T.);
#4630 = FACE_BOUND('',#4631,.T.);
#4631 = EDGE_LOOP('',(#4632,#4633,#4634,#4635,#4636,#4637));
#4632 = ORIENTED_EDGE('',*,*,#4381,.T.);
#4633 = ORIENTED_EDGE('',*,*,#4305,.T.);
#4634 = ORIENTED_EDGE('',*,*,#4599,.F.);
#4635 = ORIENTED_EDGE('',*,*,#4590,.F.);
#4636 = ORIENTED_EDGE('',*,*,#4152,.F.);
#4637 = ORIENTED_EDGE('',*,*,#4390,.T.);
#4638 = CYLINDRICAL_SURFACE('',#4639,6.);
#4639 = AXIS2_PLACEMENT_3D('',#4640,#4641,#4642);
#4640 = CARTESIAN_POINT('',(100.,18.,30.));
#4641 = DIRECTION('',(1.,0.,0.));
#4642 = DIRECTION('',(0.,1.,0.));
#4643 = MANIFOLD_SOLID_BREP('',#4644);
#4644 = CLOSED_SHELL('',(#4645,#4678,#4687,#4707,#4732,#4791,#4822,#4846
    ,#4870,#4894,#4918,#4935));
#4645 = ADVANCED_FACE('',(#4646),#4673,.T.);
#4646 = FACE_BOUND('',#4647,.T.);
#4647 = EDGE_LOOP('',(#4648,#4657,#4665,#4672));
#4648 = ORIENTED_EDGE('',*,*,#4649,.F.);
#4649 = EDGE_CURVE('',#4650,#4650,#4652,.T.);
#4650 = VERTEX_POINT('',#4651);
#4651 = CARTESIAN_POINT('',(29.7,-16.,30.));
#4652 = CIRCLE('',#4653,2.);
#4653 = AXIS2_PLACEMENT_3D('',#4654,#4655,#4656);
#4654 = CARTESIAN_POINT('',(29.7,-18.,30.));
#4655 = DIRECTION('',(1.,0.,0.));
#4656 = DIRECTION('',(0.,1.,0.));
#4657 = ORIENTED_EDGE('',*,*,#4658,.F.);
#4658 = EDGE_CURVE('',#4659,#4650,#4661,.T.);
#4659 = VERTEX_POINT('',#4660);
#4660 = CARTESIAN_POINT('',(9.7,-16.,30.));
#4661 = LINE('',#4662,#4663);
#4662 = CARTESIAN_POINT('',(9.7,-16.,30.));
#4663 = VECTOR('',#4664,1.);
#4664 = DIRECTION('',(1.,0.,0.));
#4665 = ORIENTED_EDGE('',*,*,#4666,.T.);
#4666 = EDGE_CURVE('',#4659,#4659,#4667,.T.);
#4667 = CIRCLE('',#4668,2.);
#4668 = AXIS2_PLACEMENT_3D('',#4669,#4670,#4671);
#4669 = CARTESIAN_POINT('',(9.7,-18.,30.));
#4670 = DIRECTION('',(1.,0.,0.));
#4671 = DIRECTION('',(0.,1.,0.));
#4672 = ORIENTED_EDGE('',*,*,#4658,.T.);
#4673 = CYLINDRICAL_SURFACE('',#4674,2.);
#4674 = AXIS2_PLACEMENT_3D('',#4675,#4676,#4677);
#4675 = CARTESIAN_POINT('',(9.7,-18.,30.));
#4676 = DIRECTION('',(1.,0.,0.));
#4677 = DIRECTION('',(0.,1.,0.));
#4678 = ADVANCED_FACE('',(#4679),#4682,.T.);
#4679 = FACE_BOUND('',#4680,.T.);
#4680 = EDGE_LOOP('',(#4681));
#4681 = ORIENTED_EDGE('',*,*,#4649,.T.);
#4682 = PLANE('',#4683);
#4683 = AXIS2_PLACEMENT_3D('',#4684,#4685,#4686);
#4684 = CARTESIAN_POINT('',(29.7,-18.,30.));
#4685 = DIRECTION('',(1.,0.,0.));
#4686 = DIRECTION('',(0.,1.,0.));
#4687 = ADVANCED_FACE('',(#4688,#4699),#4702,.T.);
#4688 = FACE_BOUND('',#4689,.T.);
#4689 = EDGE_LOOP('',(#4690));
#4690 = ORIENTED_EDGE('',*,*,#4691,.T.);
#4691 = EDGE_CURVE('',#4692,#4692,#4694,.T.);
#4692 = VERTEX_POINT('',#4693);
#4693 = CARTESIAN_POINT('',(9.7,-14.5,30.));
#4694 = CIRCLE('',#4695,3.5);
#4695 = AXIS2_PLACEMENT_3D('',#4696,#4697,#4698);
#4696 = CARTESIAN_POINT('',(9.7,-18.,30.));
#4697 = DIRECTION('',(1.,0.,0.));
#4698 = DIRECTION('',(0.,1.,0.));
#4699 = FACE_BOUND('',#4700,.T.);
#4700 = EDGE_LOOP('',(#4701));
#4701 = ORIENTED_EDGE('',*,*,#4666,.F.);
#4702 = PLANE('',#4703);
#4703 = AXIS2_PLACEMENT_3D('',#4704,#4705,#4706);
#4704 = CARTESIAN_POINT('',(9.7,-18.,30.));
#4705 = DIRECTION('',(1.,0.,0.));
#4706 = DIRECTION('',(0.,1.,0.));
#4707 = ADVANCED_FACE('',(#4708),#4727,.T.);
#4708 = FACE_BOUND('',#4709,.T.);
#4709 = EDGE_LOOP('',(#4710,#4711,#4719,#4726));
#4710 = ORIENTED_EDGE('',*,*,#4691,.F.);
#4711 = ORIENTED_EDGE('',*,*,#4712,.F.);
#4712 = EDGE_CURVE('',#4713,#4692,#4715,.T.);
#4713 = VERTEX_POINT('',#4714);
#4714 = CARTESIAN_POINT('',(5.7,-14.5,30.));
#4715 = LINE('',#4716,#4717);
#4716 = CARTESIAN_POINT('',(5.7,-14.5,30.));
#4717 = VECTOR('',#4718,1.);
#4718 = DIRECTION('',(1.,0.,0.));
#4719 = ORIENTED_EDGE('',*,*,#4720,.T.);
#4720 = EDGE_CURVE('',#4713,#4713,#4721,.T.);
#4721 = CIRCLE('',#4722,3.5);
#4722 = AXIS2_PLACEMENT_3D('',#4723,#4724,#4725);
#4723 = CARTESIAN_POINT('',(5.7,-18.,30.));
#4724 = DIRECTION('',(1.,0.,0.));
#4725 = DIRECTION('',(0.,1.,0.));
#4726 = ORIENTED_EDGE('',*,*,#4712,.T.);
#4727 = CYLINDRICAL_SURFACE('',#4728,3.5);
#4728 = AXIS2_PLACEMENT_3D('',#4729,#4730,#4731);
#4729 = CARTESIAN_POINT('',(5.7,-18.,30.));
#4730 = DIRECTION('',(1.,0.,0.));
#4731 = DIRECTION('',(0.,1.,0.));
#4732 = ADVANCED_FACE('',(#4733,#4736),#4786,.F.);
#4733 = FACE_BOUND('',#4734,.F.);
#4734 = EDGE_LOOP('',(#4735));
#4735 = ORIENTED_EDGE('',*,*,#4720,.T.);
#4736 = FACE_BOUND('',#4737,.F.);
#4737 = EDGE_LOOP('',(#4738,#4748,#4756,#4764,#4772,#4780));
#4738 = ORIENTED_EDGE('',*,*,#4739,.T.);
#4739 = EDGE_CURVE('',#4740,#4742,#4744,.T.);
#4740 = VERTEX_POINT('',#4741);
#4741 = CARTESIAN_POINT('',(5.7,-18.86602540378,31.5));
#4742 = VERTEX_POINT('',#4743);
#4743 = CARTESIAN_POINT('',(5.7,-17.13397459621,31.5));
#4744 = LINE('',#4745,#4746);
#4745 = CARTESIAN_POINT('',(5.7,-17.5669872981,31.5));
#4746 = VECTOR('',#4747,1.);
#4747 = DIRECTION('',(0.,1.,-1.281975124256E-16));
#4748 = ORIENTED_EDGE('',*,*,#4749,.T.);
#4749 = EDGE_CURVE('',#4742,#4750,#4752,.T.);
#4750 = VERTEX_POINT('',#4751);
#4751 = CARTESIAN_POINT('',(5.7,-16.26794919243,30.));
#4752 = LINE('',#4753,#4754);
#4753 = CARTESIAN_POINT('',(5.7,-16.48445554337,30.375));
#4754 = VECTOR('',#4755,1.);
#4755 = DIRECTION('',(0.,0.5,-0.866025403784));
#4756 = ORIENTED_EDGE('',*,*,#4757,.T.);
#4757 = EDGE_CURVE('',#4750,#4758,#4760,.T.);
#4758 = VERTEX_POINT('',#4759);
#4759 = CARTESIAN_POINT('',(5.7,-17.13397459621,28.5));
#4760 = LINE('',#4761,#4762);
#4761 = CARTESIAN_POINT('',(5.7,-16.91746824526,28.875));
#4762 = VECTOR('',#4763,1.);
#4763 = DIRECTION('',(0.,-0.5,-0.866025403784));
#4764 = ORIENTED_EDGE('',*,*,#4765,.T.);
#4765 = EDGE_CURVE('',#4758,#4766,#4768,.T.);
#4766 = VERTEX_POINT('',#4767);
#4767 = CARTESIAN_POINT('',(5.7,-18.86602540378,28.5));
#4768 = LINE('',#4769,#4770);
#4769 = CARTESIAN_POINT('',(5.7,-18.43301270189,28.5));
#4770 = VECTOR('',#4771,1.);
#4771 = DIRECTION('',(0.,-1.,2.563950248511E-16));
#4772 = ORIENTED_EDGE('',*,*,#4773,.T.);
#4773 = EDGE_CURVE('',#4766,#4774,#4776,.T.);
#4774 = VERTEX_POINT('',#4775);
#4775 = CARTESIAN_POINT('',(5.7,-19.73205080756,30.));
#4776 = LINE('',#4777,#4778);
#4777 = CARTESIAN_POINT('',(5.7,-19.51554445662,29.625));
#4778 = VECTOR('',#4779,1.);
#4779 = DIRECTION('',(0.,-0.5,0.866025403784));
#4780 = ORIENTED_EDGE('',*,*,#4781,.T.);
#4781 = EDGE_CURVE('',#4774,#4740,#4782,.T.);
#4782 = LINE('',#4783,#4784);
#4783 = CARTESIAN_POINT('',(5.7,-19.08253175473,31.125));
#4784 = VECTOR('',#4785,1.);
#4785 = DIRECTION('',(0.,0.5,0.866025403784));
#4786 = PLANE('',#4787);
#4787 = AXIS2_PLACEMENT_3D('',#4788,#4789,#4790);
#4788 = CARTESIAN_POINT('',(5.7,-18.,30.));
#4789 = DIRECTION('',(1.,0.,0.));
#4790 = DIRECTION('',(0.,1.,0.));
#4791 = ADVANCED_FACE('',(#4792),#4817,.T.);
#4792 = FACE_BOUND('',#4793,.T.);
#4793 = EDGE_LOOP('',(#4794,#4795,#4803,#4811));
#4794 = ORIENTED_EDGE('',*,*,#4739,.T.);
#4795 = ORIENTED_EDGE('',*,*,#4796,.T.);
#4796 = EDGE_CURVE('',#4742,#4797,#4799,.T.);
#4797 = VERTEX_POINT('',#4798);
#4798 = CARTESIAN_POINT('',(7.7,-17.13397459621,31.5));
#4799 = LINE('',#4800,#4801);
#4800 = CARTESIAN_POINT('',(5.6,-17.13397459621,31.5));
#4801 = VECTOR('',#4802,1.);
#4802 = DIRECTION('',(1.,0.,0.));
#4803 = ORIENTED_EDGE('',*,*,#4804,.T.);
#4804 = EDGE_CURVE('',#4797,#4805,#4807,.T.);
#4805 = VERTEX_POINT('',#4806);
#4806 = CARTESIAN_POINT('',(7.7,-18.86602540378,31.5));
#4807 = LINE('',#4808,#4809);
#4808 = CARTESIAN_POINT('',(7.7,-17.13397459621,31.5));
#4809 = VECTOR('',#4810,1.);
#4810 = DIRECTION('',(0.,-1.,1.281975124256E-16));
#4811 = ORIENTED_EDGE('',*,*,#4812,.F.);
#4812 = EDGE_CURVE('',#4740,#4805,#4813,.T.);
#4813 = LINE('',#4814,#4815);
#4814 = CARTESIAN_POINT('',(5.6,-18.86602540378,31.5));
#4815 = VECTOR('',#4816,1.);
#4816 = DIRECTION('',(1.,0.,0.));
#4817 = PLANE('',#4818);
#4818 = AXIS2_PLACEMENT_3D('',#4819,#4820,#4821);
#4819 = CARTESIAN_POINT('',(5.6,-17.13397459621,31.5));
#4820 = DIRECTION('',(0.,-1.281975124256E-16,-1.));
#4821 = DIRECTION('',(0.,-1.,1.281975124256E-16));
#4822 = ADVANCED_FACE('',(#4823),#4841,.T.);
#4823 = FACE_BOUND('',#4824,.T.);
#4824 = EDGE_LOOP('',(#4825,#4826,#4827,#4835));
#4825 = ORIENTED_EDGE('',*,*,#4781,.T.);
#4826 = ORIENTED_EDGE('',*,*,#4812,.T.);
#4827 = ORIENTED_EDGE('',*,*,#4828,.T.);
#4828 = EDGE_CURVE('',#4805,#4829,#4831,.T.);
#4829 = VERTEX_POINT('',#4830);
#4830 = CARTESIAN_POINT('',(7.7,-19.73205080756,30.));
#4831 = LINE('',#4832,#4833);
#4832 = CARTESIAN_POINT('',(7.7,-18.86602540378,31.5));
#4833 = VECTOR('',#4834,1.);
#4834 = DIRECTION('',(0.,-0.5,-0.866025403784));
#4835 = ORIENTED_EDGE('',*,*,#4836,.F.);
#4836 = EDGE_CURVE('',#4774,#4829,#4837,.T.);
#4837 = LINE('',#4838,#4839);
#4838 = CARTESIAN_POINT('',(5.6,-19.73205080756,30.));
#4839 = VECTOR('',#4840,1.);
#4840 = DIRECTION('',(1.,0.,0.));
#4841 = PLANE('',#4842);
#4842 = AXIS2_PLACEMENT_3D('',#4843,#4844,#4845);
#4843 = CARTESIAN_POINT('',(5.6,-18.86602540378,31.5));
#4844 = DIRECTION('',(0.,0.866025403784,-0.5));
#4845 = DIRECTION('',(0.,-0.5,-0.866025403784));
#4846 = ADVANCED_FACE('',(#4847),#4865,.T.);
#4847 = FACE_BOUND('',#4848,.T.);
#4848 = EDGE_LOOP('',(#4849,#4850,#4851,#4859));
#4849 = ORIENTED_EDGE('',*,*,#4773,.T.);
#4850 = ORIENTED_EDGE('',*,*,#4836,.T.);
#4851 = ORIENTED_EDGE('',*,*,#4852,.T.);
#4852 = EDGE_CURVE('',#4829,#4853,#4855,.T.);
#4853 = VERTEX_POINT('',#4854);
#4854 = CARTESIAN_POINT('',(7.7,-18.86602540378,28.5));
#4855 = LINE('',#4856,#4857);
#4856 = CARTESIAN_POINT('',(7.7,-19.73205080756,30.));
#4857 = VECTOR('',#4858,1.);
#4858 = DIRECTION('',(0.,0.5,-0.866025403784));
#4859 = ORIENTED_EDGE('',*,*,#4860,.F.);
#4860 = EDGE_CURVE('',#4766,#4853,#4861,.T.);
#4861 = LINE('',#4862,#4863);
#4862 = CARTESIAN_POINT('',(5.6,-18.86602540378,28.5));
#4863 = VECTOR('',#4864,1.);
#4864 = DIRECTION('',(1.,0.,0.));
#4865 = PLANE('',#4866);
#4866 = AXIS2_PLACEMENT_3D('',#4867,#4868,#4869);
#4867 = CARTESIAN_POINT('',(5.6,-19.73205080756,30.));
#4868 = DIRECTION('',(0.,0.866025403784,0.5));
#4869 = DIRECTION('',(0.,0.5,-0.866025403784));
#4870 = ADVANCED_FACE('',(#4871),#4889,.T.);
#4871 = FACE_BOUND('',#4872,.T.);
#4872 = EDGE_LOOP('',(#4873,#4874,#4875,#4883));
#4873 = ORIENTED_EDGE('',*,*,#4765,.T.);
#4874 = ORIENTED_EDGE('',*,*,#4860,.T.);
#4875 = ORIENTED_EDGE('',*,*,#4876,.T.);
#4876 = EDGE_CURVE('',#4853,#4877,#4879,.T.);
#4877 = VERTEX_POINT('',#4878);
#4878 = CARTESIAN_POINT('',(7.7,-17.13397459621,28.5));
#4879 = LINE('',#4880,#4881);
#4880 = CARTESIAN_POINT('',(7.7,-18.86602540378,28.5));
#4881 = VECTOR('',#4882,1.);
#4882 = DIRECTION('',(0.,1.,-2.563950248511E-16));
#4883 = ORIENTED_EDGE('',*,*,#4884,.F.);
#4884 = EDGE_CURVE('',#4758,#4877,#4885,.T.);
#4885 = LINE('',#4886,#4887);
#4886 = CARTESIAN_POINT('',(5.6,-17.13397459621,28.5));
#4887 = VECTOR('',#4888,1.);
#4888 = DIRECTION('',(1.,0.,0.));
#4889 = PLANE('',#4890);
#4890 = AXIS2_PLACEMENT_3D('',#4891,#4892,#4893);
#4891 = CARTESIAN_POINT('',(5.6,-18.86602540378,28.5));
#4892 = DIRECTION('',(0.,2.563950248511E-16,1.));
#4893 = DIRECTION('',(0.,1.,-2.563950248511E-16));
#4894 = ADVANCED_FACE('',(#4895),#4913,.T.);
#4895 = FACE_BOUND('',#4896,.T.);
#4896 = EDGE_LOOP('',(#4897,#4898,#4899,#4907));
#4897 = ORIENTED_EDGE('',*,*,#4757,.T.);
#4898 = ORIENTED_EDGE('',*,*,#4884,.T.);
#4899 = ORIENTED_EDGE('',*,*,#4900,.T.);
#4900 = EDGE_CURVE('',#4877,#4901,#4903,.T.);
#4901 = VERTEX_POINT('',#4902);
#4902 = CARTESIAN_POINT('',(7.7,-16.26794919243,30.));
#4903 = LINE('',#4904,#4905);
#4904 = CARTESIAN_POINT('',(7.7,-17.13397459621,28.5));
#4905 = VECTOR('',#4906,1.);
#4906 = DIRECTION('',(0.,0.5,0.866025403784));
#4907 = ORIENTED_EDGE('',*,*,#4908,.F.);
#4908 = EDGE_CURVE('',#4750,#4901,#4909,.T.);
#4909 = LINE('',#4910,#4911);
#4910 = CARTESIAN_POINT('',(5.6,-16.26794919243,30.));
#4911 = VECTOR('',#4912,1.);
#4912 = DIRECTION('',(1.,0.,0.));
#4913 = PLANE('',#4914);
#4914 = AXIS2_PLACEMENT_3D('',#4915,#4916,#4917);
#4915 = CARTESIAN_POINT('',(5.6,-17.13397459621,28.5));
#4916 = DIRECTION('',(0.,-0.866025403784,0.5));
#4917 = DIRECTION('',(0.,0.5,0.866025403784));
#4918 = ADVANCED_FACE('',(#4919),#4930,.T.);
#4919 = FACE_BOUND('',#4920,.T.);
#4920 = EDGE_LOOP('',(#4921,#4922,#4923,#4929));
#4921 = ORIENTED_EDGE('',*,*,#4749,.T.);
#4922 = ORIENTED_EDGE('',*,*,#4908,.T.);
#4923 = ORIENTED_EDGE('',*,*,#4924,.T.);
#4924 = EDGE_CURVE('',#4901,#4797,#4925,.T.);
#4925 = LINE('',#4926,#4927);
#4926 = CARTESIAN_POINT('',(7.7,-16.26794919243,30.));
#4927 = VECTOR('',#4928,1.);
#4928 = DIRECTION('',(0.,-0.5,0.866025403784));
#4929 = ORIENTED_EDGE('',*,*,#4796,.F.);
#4930 = PLANE('',#4931);
#4931 = AXIS2_PLACEMENT_3D('',#4932,#4933,#4934);
#4932 = CARTESIAN_POINT('',(5.6,-16.26794919243,30.));
#4933 = DIRECTION('',(0.,-0.866025403784,-0.5));
#4934 = DIRECTION('',(0.,-0.5,0.866025403784));
#4935 = ADVANCED_FACE('',(#4936),#4944,.F.);
#4936 = FACE_BOUND('',#4937,.F.);
#4937 = EDGE_LOOP('',(#4938,#4939,#4940,#4941,#4942,#4943));
#4938 = ORIENTED_EDGE('',*,*,#4924,.T.);
#4939 = ORIENTED_EDGE('',*,*,#4804,.T.);
#4940 = ORIENTED_EDGE('',*,*,#4828,.T.);
#4941 = ORIENTED_EDGE('',*,*,#4852,.T.);
#4942 = ORIENTED_EDGE('',*,*,#4876,.T.);
#4943 = ORIENTED_EDGE('',*,*,#4900,.T.);
#4944 = PLANE('',#4945);
#4945 = AXIS2_PLACEMENT_3D('',#4946,#4947,#4948);
#4946 = CARTESIAN_POINT('',(7.7,-18.,30.));
#4947 = DIRECTION('',(1.,0.,0.));
#4948 = DIRECTION('',(0.,1.,0.));
#4949 = MANIFOLD_SOLID_BREP('',#4950);
#4950 = CLOSED_SHELL('',(#4951,#4984,#5004,#5024));
#4951 = ADVANCED_FACE('',(#4952),#4979,.T.);
#4952 = FACE_BOUND('',#4953,.T.);
#4953 = EDGE_LOOP('',(#4954,#4963,#4971,#4978));
#4954 = ORIENTED_EDGE('',*,*,#4955,.F.);
#4955 = EDGE_CURVE('',#4956,#4956,#4958,.T.);
#4956 = VERTEX_POINT('',#4957);
#4957 = CARTESIAN_POINT('',(10.7,-14.,30.));
#4958 = CIRCLE('',#4959,4.);
#4959 = AXIS2_PLACEMENT_3D('',#4960,#4961,#4962);
#4960 = CARTESIAN_POINT('',(10.7,-18.,30.));
#4961 = DIRECTION('',(1.,0.,0.));
#4962 = DIRECTION('',(0.,1.,0.));
#4963 = ORIENTED_EDGE('',*,*,#4964,.F.);
#4964 = EDGE_CURVE('',#4965,#4956,#4967,.T.);
#4965 = VERTEX_POINT('',#4966);
#4966 = CARTESIAN_POINT('',(9.7,-14.,30.));
#4967 = LINE('',#4968,#4969);
#4968 = CARTESIAN_POINT('',(9.7,-14.,30.));
#4969 = VECTOR('',#4970,1.);
#4970 = DIRECTION('',(1.,0.,0.));
#4971 = ORIENTED_EDGE('',*,*,#4972,.T.);
#4972 = EDGE_CURVE('',#4965,#4965,#4973,.T.);
#4973 = CIRCLE('',#4974,4.);
#4974 = AXIS2_PLACEMENT_3D('',#4975,#4976,#4977);
#4975 = CARTESIAN_POINT('',(9.7,-18.,30.));
#4976 = DIRECTION('',(1.,0.,0.));
#4977 = DIRECTION('',(0.,1.,0.));
#4978 = ORIENTED_EDGE('',*,*,#4964,.T.);
#4979 = CYLINDRICAL_SURFACE('',#4980,4.);
#4980 = AXIS2_PLACEMENT_3D('',#4981,#4982,#4983);
#4981 = CARTESIAN_POINT('',(9.7,-18.,30.));
#4982 = DIRECTION('',(1.,0.,0.));
#4983 = DIRECTION('',(0.,1.,0.));
#4984 = ADVANCED_FACE('',(#4985,#4988),#4999,.T.);
#4985 = FACE_BOUND('',#4986,.T.);
#4986 = EDGE_LOOP('',(#4987));
#4987 = ORIENTED_EDGE('',*,*,#4955,.T.);
#4988 = FACE_BOUND('',#4989,.T.);
#4989 = EDGE_LOOP('',(#4990));
#4990 = ORIENTED_EDGE('',*,*,#4991,.F.);
#4991 = EDGE_CURVE('',#4992,#4992,#4994,.T.);
#4992 = VERTEX_POINT('',#4993);
#4993 = CARTESIAN_POINT('',(10.7,-16.,30.));
#4994 = CIRCLE('',#4995,2.);
#4995 = AXIS2_PLACEMENT_3D('',#4996,#4997,#4998);
#4996 = CARTESIAN_POINT('',(10.7,-18.,30.));
#4997 = DIRECTION('',(1.,0.,0.));
#4998 = DIRECTION('',(0.,1.,0.));
#4999 = PLANE('',#5000);
#5000 = AXIS2_PLACEMENT_3D('',#5001,#5002,#5003);
#5001 = CARTESIAN_POINT('',(10.7,-18.,30.));
#5002 = DIRECTION('',(1.,0.,0.));
#5003 = DIRECTION('',(0.,1.,0.));
#5004 = ADVANCED_FACE('',(#5005,#5008),#5019,.F.);
#5005 = FACE_BOUND('',#5006,.F.);
#5006 = EDGE_LOOP('',(#5007));
#5007 = ORIENTED_EDGE('',*,*,#4972,.T.);
#5008 = FACE_BOUND('',#5009,.F.);
#5009 = EDGE_LOOP('',(#5010));
#5010 = ORIENTED_EDGE('',*,*,#5011,.F.);
#5011 = EDGE_CURVE('',#5012,#5012,#5014,.T.);
#5012 = VERTEX_POINT('',#5013);
#5013 = CARTESIAN_POINT('',(9.7,-16.,30.));
#5014 = CIRCLE('',#5015,2.);
#5015 = AXIS2_PLACEMENT_3D('',#5016,#5017,#5018);
#5016 = CARTESIAN_POINT('',(9.7,-18.,30.));
#5017 = DIRECTION('',(1.,0.,0.));
#5018 = DIRECTION('',(0.,1.,0.));
#5019 = PLANE('',#5020);
#5020 = AXIS2_PLACEMENT_3D('',#5021,#5022,#5023);
#5021 = CARTESIAN_POINT('',(9.7,-18.,30.));
#5022 = DIRECTION('',(1.,0.,0.));
#5023 = DIRECTION('',(0.,1.,0.));
#5024 = ADVANCED_FACE('',(#5025),#5036,.F.);
#5025 = FACE_BOUND('',#5026,.F.);
#5026 = EDGE_LOOP('',(#5027,#5028,#5034,#5035));
#5027 = ORIENTED_EDGE('',*,*,#4991,.F.);
#5028 = ORIENTED_EDGE('',*,*,#5029,.F.);
#5029 = EDGE_CURVE('',#5012,#4992,#5030,.T.);
#5030 = LINE('',#5031,#5032);
#5031 = CARTESIAN_POINT('',(8.7,-16.,30.));
#5032 = VECTOR('',#5033,1.);
#5033 = DIRECTION('',(1.,0.,0.));
#5034 = ORIENTED_EDGE('',*,*,#5011,.T.);
#5035 = ORIENTED_EDGE('',*,*,#5029,.T.);
#5036 = CYLINDRICAL_SURFACE('',#5037,2.);
#5037 = AXIS2_PLACEMENT_3D('',#5038,#5039,#5040);
#5038 = CARTESIAN_POINT('',(8.7,-18.,30.));
#5039 = DIRECTION('',(1.,0.,0.));
#5040 = DIRECTION('',(0.,1.,0.));
#5041 = MANIFOLD_SOLID_BREP('',#5042);
#5042 = CLOSED_SHELL('',(#5043,#5076,#5096,#5116));
#5043 = ADVANCED_FACE('',(#5044),#5071,.T.);
#5044 = FACE_BOUND('',#5045,.T.);
#5045 = EDGE_LOOP('',(#5046,#5055,#5063,#5070));
#5046 = ORIENTED_EDGE('',*,*,#5047,.F.);
#5047 = EDGE_CURVE('',#5048,#5048,#5050,.T.);
#5048 = VERTEX_POINT('',#5049);
#5049 = CARTESIAN_POINT('',(23.,-14.,30.));
#5050 = CIRCLE('',#5051,4.);
#5051 = AXIS2_PLACEMENT_3D('',#5052,#5053,#5054);
#5052 = CARTESIAN_POINT('',(23.,-18.,30.));
#5053 = DIRECTION('',(1.,0.,0.));
#5054 = DIRECTION('',(0.,1.,0.));
#5055 = ORIENTED_EDGE('',*,*,#5056,.F.);
#5056 = EDGE_CURVE('',#5057,#5048,#5059,.T.);
#5057 = VERTEX_POINT('',#5058);
#5058 = CARTESIAN_POINT('',(22.,-14.,30.));
#5059 = LINE('',#5060,#5061);
#5060 = CARTESIAN_POINT('',(22.,-14.,30.));
#5061 = VECTOR('',#5062,1.);
#5062 = DIRECTION('',(1.,0.,0.));
#5063 = ORIENTED_EDGE('',*,*,#5064,.T.);
#5064 = EDGE_CURVE('',#5057,#5057,#5065,.T.);
#5065 = CIRCLE('',#5066,4.);
#5066 = AXIS2_PLACEMENT_3D('',#5067,#5068,#5069);
#5067 = CARTESIAN_POINT('',(22.,-18.,30.));
#5068 = DIRECTION('',(1.,0.,0.));
#5069 = DIRECTION('',(0.,1.,0.));
#5070 = ORIENTED_EDGE('',*,*,#5056,.T.);
#5071 = CYLINDRICAL_SURFACE('',#5072,4.);
#5072 = AXIS2_PLACEMENT_3D('',#5073,#5074,#5075);
#5073 = CARTESIAN_POINT('',(22.,-18.,30.));
#5074 = DIRECTION('',(1.,0.,0.));
#5075 = DIRECTION('',(0.,1.,0.));
#5076 = ADVANCED_FACE('',(#5077,#5080),#5091,.T.);
#5077 = FACE_BOUND('',#5078,.T.);
#5078 = EDGE_LOOP('',(#5079));
#5079 = ORIENTED_EDGE('',*,*,#5047,.T.);
#5080 = FACE_BOUND('',#5081,.T.);
#5081 = EDGE_LOOP('',(#5082));
#5082 = ORIENTED_EDGE('',*,*,#5083,.F.);
#5083 = EDGE_CURVE('',#5084,#5084,#5086,.T.);
#5084 = VERTEX_POINT('',#5085);
#5085 = CARTESIAN_POINT('',(23.,-16.,30.));
#5086 = CIRCLE('',#5087,2.);
#5087 = AXIS2_PLACEMENT_3D('',#5088,#5089,#5090);
#5088 = CARTESIAN_POINT('',(23.,-18.,30.));
#5089 = DIRECTION('',(1.,0.,0.));
#5090 = DIRECTION('',(0.,1.,0.));
#5091 = PLANE('',#5092);
#5092 = AXIS2_PLACEMENT_3D('',#5093,#5094,#5095);
#5093 = CARTESIAN_POINT('',(23.,-18.,30.));
#5094 = DIRECTION('',(1.,0.,0.));
#5095 = DIRECTION('',(0.,1.,0.));
#5096 = ADVANCED_FACE('',(#5097,#5100),#5111,.F.);
#5097 = FACE_BOUND('',#5098,.F.);
#5098 = EDGE_LOOP('',(#5099));
#5099 = ORIENTED_EDGE('',*,*,#5064,.T.);
#5100 = FACE_BOUND('',#5101,.F.);
#5101 = EDGE_LOOP('',(#5102));
#5102 = ORIENTED_EDGE('',*,*,#5103,.F.);
#5103 = EDGE_CURVE('',#5104,#5104,#5106,.T.);
#5104 = VERTEX_POINT('',#5105);
#5105 = CARTESIAN_POINT('',(22.,-16.,30.));
#5106 = CIRCLE('',#5107,2.);
#5107 = AXIS2_PLACEMENT_3D('',#5108,#5109,#5110);
#5108 = CARTESIAN_POINT('',(22.,-18.,30.));
#5109 = DIRECTION('',(1.,0.,0.));
#5110 = DIRECTION('',(0.,1.,0.));
#5111 = PLANE('',#5112);
#5112 = AXIS2_PLACEMENT_3D('',#5113,#5114,#5115);
#5113 = CARTESIAN_POINT('',(22.,-18.,30.));
#5114 = DIRECTION('',(1.,0.,0.));
#5115 = DIRECTION('',(0.,1.,0.));
#5116 = ADVANCED_FACE('',(#5117),#5128,.F.);
#5117 = FACE_BOUND('',#5118,.F.);
#5118 = EDGE_LOOP('',(#5119,#5120,#5126,#5127));
#5119 = ORIENTED_EDGE('',*,*,#5083,.F.);
#5120 = ORIENTED_EDGE('',*,*,#5121,.F.);
#5121 = EDGE_CURVE('',#5104,#5084,#5122,.T.);
#5122 = LINE('',#5123,#5124);
#5123 = CARTESIAN_POINT('',(21.,-16.,30.));
#5124 = VECTOR('',#5125,1.);
#5125 = DIRECTION('',(1.,0.,0.));
#5126 = ORIENTED_EDGE('',*,*,#5103,.T.);
#5127 = ORIENTED_EDGE('',*,*,#5121,.T.);
#5128 = CYLINDRICAL_SURFACE('',#5129,2.);
#5129 = AXIS2_PLACEMENT_3D('',#5130,#5131,#5132);
#5130 = CARTESIAN_POINT('',(21.,-18.,30.));
#5131 = DIRECTION('',(1.,0.,0.));
#5132 = DIRECTION('',(0.,1.,0.));
#5133 = MANIFOLD_SOLID_BREP('',#5134);
#5134 = CLOSED_SHELL('',(#5135,#5175,#5206,#5237,#5281,#5325,#5342,#5359
    ,#5371));
#5135 = ADVANCED_FACE('',(#5136),#5170,.F.);
#5136 = FACE_BOUND('',#5137,.F.);
#5137 = EDGE_LOOP('',(#5138,#5148,#5156,#5164));
#5138 = ORIENTED_EDGE('',*,*,#5139,.T.);
#5139 = EDGE_CURVE('',#5140,#5142,#5144,.T.);
#5140 = VERTEX_POINT('',#5141);
#5141 = CARTESIAN_POINT('',(23.,-13.95854811567,30.));
#5142 = VERTEX_POINT('',#5143);
#5143 = CARTESIAN_POINT('',(28.2,-13.95854811567,30.));
#5144 = LINE('',#5145,#5146);
#5145 = CARTESIAN_POINT('',(23.,-13.95854811567,30.));
#5146 = VECTOR('',#5147,1.);
#5147 = DIRECTION('',(1.,0.,0.));
#5148 = ORIENTED_EDGE('',*,*,#5149,.T.);
#5149 = EDGE_CURVE('',#5142,#5150,#5152,.T.);
#5150 = VERTEX_POINT('',#5151);
#5151 = CARTESIAN_POINT('',(28.2,-15.97927405783,33.5));
#5152 = LINE('',#5153,#5154);
#5153 = CARTESIAN_POINT('',(28.2,-13.95854811567,30.));
#5154 = VECTOR('',#5155,1.);
#5155 = DIRECTION('',(0.,-0.5,0.866025403784));
#5156 = ORIENTED_EDGE('',*,*,#5157,.F.);
#5157 = EDGE_CURVE('',#5158,#5150,#5160,.T.);
#5158 = VERTEX_POINT('',#5159);
#5159 = CARTESIAN_POINT('',(23.,-15.97927405783,33.5));
#5160 = LINE('',#5161,#5162);
#5161 = CARTESIAN_POINT('',(23.,-15.97927405783,33.5));
#5162 = VECTOR('',#5163,1.);
#5163 = DIRECTION('',(1.,0.,0.));
#5164 = ORIENTED_EDGE('',*,*,#5165,.F.);
#5165 = EDGE_CURVE('',#5140,#5158,#5166,.T.);
#5166 = LINE('',#5167,#5168);
#5167 = CARTESIAN_POINT('',(23.,-13.95854811567,30.));
#5168 = VECTOR('',#5169,1.);
#5169 = DIRECTION('',(0.,-0.5,0.866025403784));
#5170 = PLANE('',#5171);
#5171 = AXIS2_PLACEMENT_3D('',#5172,#5173,#5174);
#5172 = CARTESIAN_POINT('',(23.,-13.95854811567,30.));
#5173 = DIRECTION('',(0.,-0.866025403784,-0.5));
#5174 = DIRECTION('',(0.,-0.5,0.866025403784));
#5175 = ADVANCED_FACE('',(#5176),#5201,.F.);
#5176 = FACE_BOUND('',#5177,.F.);
#5177 = EDGE_LOOP('',(#5178,#5188,#5194,#5195));
#5178 = ORIENTED_EDGE('',*,*,#5179,.T.);
#5179 = EDGE_CURVE('',#5180,#5182,#5184,.T.);
#5180 = VERTEX_POINT('',#5181);
#5181 = CARTESIAN_POINT('',(23.,-15.97927405783,26.5));
#5182 = VERTEX_POINT('',#5183);
#5183 = CARTESIAN_POINT('',(28.2,-15.97927405783,26.5));
#5184 = LINE('',#5185,#5186);
#5185 = CARTESIAN_POINT('',(23.,-15.97927405783,26.5));
#5186 = VECTOR('',#5187,1.);
#5187 = DIRECTION('',(1.,0.,0.));
#5188 = ORIENTED_EDGE('',*,*,#5189,.T.);
#5189 = EDGE_CURVE('',#5182,#5142,#5190,.T.);
#5190 = LINE('',#5191,#5192);
#5191 = CARTESIAN_POINT('',(28.2,-15.97927405783,26.5));
#5192 = VECTOR('',#5193,1.);
#5193 = DIRECTION('',(0.,0.5,0.866025403784));
#5194 = ORIENTED_EDGE('',*,*,#5139,.F.);
#5195 = ORIENTED_EDGE('',*,*,#5196,.F.);
#5196 = EDGE_CURVE('',#5180,#5140,#5197,.T.);
#5197 = LINE('',#5198,#5199);
#5198 = CARTESIAN_POINT('',(23.,-15.97927405783,26.5));
#5199 = VECTOR('',#5200,1.);
#5200 = DIRECTION('',(0.,0.5,0.866025403784));
#5201 = PLANE('',#5202);
#5202 = AXIS2_PLACEMENT_3D('',#5203,#5204,#5205);
#5203 = CARTESIAN_POINT('',(23.,-15.97927405783,26.5));
#5204 = DIRECTION('',(0.,-0.866025403784,0.5));
#5205 = DIRECTION('',(0.,0.5,0.866025403784));
#5206 = ADVANCED_FACE('',(#5207),#5232,.F.);
#5207 = FACE_BOUND('',#5208,.F.);
#5208 = EDGE_LOOP('',(#5209,#5210,#5218,#5226));
#5209 = ORIENTED_EDGE('',*,*,#5157,.T.);
#5210 = ORIENTED_EDGE('',*,*,#5211,.T.);
#5211 = EDGE_CURVE('',#5150,#5212,#5214,.T.);
#5212 = VERTEX_POINT('',#5213);
#5213 = CARTESIAN_POINT('',(28.2,-20.02072594216,33.5));
#5214 = LINE('',#5215,#5216);
#5215 = CARTESIAN_POINT('',(28.2,-15.97927405783,33.5));
#5216 = VECTOR('',#5217,1.);
#5217 = DIRECTION('',(0.,-1.,1.098835820791E-16));
#5218 = ORIENTED_EDGE('',*,*,#5219,.F.);
#5219 = EDGE_CURVE('',#5220,#5212,#5222,.T.);
#5220 = VERTEX_POINT('',#5221);
#5221 = CARTESIAN_POINT('',(23.,-20.02072594216,33.5));
#5222 = LINE('',#5223,#5224);
#5223 = CARTESIAN_POINT('',(23.,-20.02072594216,33.5));
#5224 = VECTOR('',#5225,1.);
#5225 = DIRECTION('',(1.,0.,0.));
#5226 = ORIENTED_EDGE('',*,*,#5227,.F.);
#5227 = EDGE_CURVE('',#5158,#5220,#5228,.T.);
#5228 = LINE('',#5229,#5230);
#5229 = CARTESIAN_POINT('',(23.,-15.97927405783,33.5));
#5230 = VECTOR('',#5231,1.);
#5231 = DIRECTION('',(0.,-1.,1.098835820791E-16));
#5232 = PLANE('',#5233);
#5233 = AXIS2_PLACEMENT_3D('',#5234,#5235,#5236);
#5234 = CARTESIAN_POINT('',(23.,-15.97927405783,33.5));
#5235 = DIRECTION('',(0.,-1.098835820791E-16,-1.));
#5236 = DIRECTION('',(0.,-1.,1.098835820791E-16));
#5237 = ADVANCED_FACE('',(#5238,#5265),#5276,.F.);
#5238 = FACE_BOUND('',#5239,.F.);
#5239 = EDGE_LOOP('',(#5240,#5241,#5242,#5250,#5258,#5264));
#5240 = ORIENTED_EDGE('',*,*,#5165,.T.);
#5241 = ORIENTED_EDGE('',*,*,#5227,.T.);
#5242 = ORIENTED_EDGE('',*,*,#5243,.T.);
#5243 = EDGE_CURVE('',#5220,#5244,#5246,.T.);
#5244 = VERTEX_POINT('',#5245);
#5245 = CARTESIAN_POINT('',(23.,-22.04145188432,30.));
#5246 = LINE('',#5247,#5248);
#5247 = CARTESIAN_POINT('',(23.,-20.02072594216,33.5));
#5248 = VECTOR('',#5249,1.);
#5249 = DIRECTION('',(0.,-0.5,-0.866025403784));
#5250 = ORIENTED_EDGE('',*,*,#5251,.T.);
#5251 = EDGE_CURVE('',#5244,#5252,#5254,.T.);
#5252 = VERTEX_POINT('',#5253);
#5253 = CARTESIAN_POINT('',(23.,-20.02072594216,26.5));
#5254 = LINE('',#5255,#5256);
#5255 = CARTESIAN_POINT('',(23.,-22.04145188432,30.));
#5256 = VECTOR('',#5257,1.);
#5257 = DIRECTION('',(0.,0.5,-0.866025403784));
#5258 = ORIENTED_EDGE('',*,*,#5259,.T.);
#5259 = EDGE_CURVE('',#5252,#5180,#5260,.T.);
#5260 = LINE('',#5261,#5262);
#5261 = CARTESIAN_POINT('',(23.,-20.02072594216,26.5));
#5262 = VECTOR('',#5263,1.);
#5263 = DIRECTION('',(0.,1.,-2.197671641581E-16));
#5264 = ORIENTED_EDGE('',*,*,#5196,.T.);
#5265 = FACE_BOUND('',#5266,.F.);
#5266 = EDGE_LOOP('',(#5267));
#5267 = ORIENTED_EDGE('',*,*,#5268,.F.);
#5268 = EDGE_CURVE('',#5269,#5269,#5271,.T.);
#5269 = VERTEX_POINT('',#5270);
#5270 = CARTESIAN_POINT('',(23.,-16.35,30.));
#5271 = CIRCLE('',#5272,1.65);
#5272 = AXIS2_PLACEMENT_3D('',#5273,#5274,#5275);
#5273 = CARTESIAN_POINT('',(23.,-18.,30.));
#5274 = DIRECTION('',(1.,0.,0.));
#5275 = DIRECTION('',(0.,1.,0.));
#5276 = PLANE('',#5277);
#5277 = AXIS2_PLACEMENT_3D('',#5278,#5279,#5280);
#5278 = CARTESIAN_POINT('',(23.,-18.,30.));
#5279 = DIRECTION('',(1.,0.,0.));
#5280 = DIRECTION('',(0.,1.,0.));
#5281 = ADVANCED_FACE('',(#5282,#5309),#5320,.T.);
#5282 = FACE_BOUND('',#5283,.T.);
#5283 = EDGE_LOOP('',(#5284,#5285,#5286,#5294,#5302,#5308));
#5284 = ORIENTED_EDGE('',*,*,#5149,.T.);
#5285 = ORIENTED_EDGE('',*,*,#5211,.T.);
#5286 = ORIENTED_EDGE('',*,*,#5287,.T.);
#5287 = EDGE_CURVE('',#5212,#5288,#5290,.T.);
#5288 = VERTEX_POINT('',#5289);
#5289 = CARTESIAN_POINT('',(28.2,-22.04145188432,30.));
#5290 = LINE('',#5291,#5292);
#5291 = CARTESIAN_POINT('',(28.2,-20.02072594216,33.5));
#5292 = VECTOR('',#5293,1.);
#5293 = DIRECTION('',(0.,-0.5,-0.866025403784));
#5294 = ORIENTED_EDGE('',*,*,#5295,.T.);
#5295 = EDGE_CURVE('',#5288,#5296,#5298,.T.);
#5296 = VERTEX_POINT('',#5297);
#5297 = CARTESIAN_POINT('',(28.2,-20.02072594216,26.5));
#5298 = LINE('',#5299,#5300);
#5299 = CARTESIAN_POINT('',(28.2,-22.04145188432,30.));
#5300 = VECTOR('',#5301,1.);
#5301 = DIRECTION('',(0.,0.5,-0.866025403784));
#5302 = ORIENTED_EDGE('',*,*,#5303,.T.);
#5303 = EDGE_CURVE('',#5296,#5182,#5304,.T.);
#5304 = LINE('',#5305,#5306);
#5305 = CARTESIAN_POINT('',(28.2,-20.02072594216,26.5));
#5306 = VECTOR('',#5307,1.);
#5307 = DIRECTION('',(0.,1.,-2.197671641581E-16));
#5308 = ORIENTED_EDGE('',*,*,#5189,.T.);
#5309 = FACE_BOUND('',#5310,.T.);
#5310 = EDGE_LOOP('',(#5311));
#5311 = ORIENTED_EDGE('',*,*,#5312,.F.);
#5312 = EDGE_CURVE('',#5313,#5313,#5315,.T.);
#5313 = VERTEX_POINT('',#5314);
#5314 = CARTESIAN_POINT('',(28.2,-16.35,30.));
#5315 = CIRCLE('',#5316,1.65);
#5316 = AXIS2_PLACEMENT_3D('',#5317,#5318,#5319);
#5317 = CARTESIAN_POINT('',(28.2,-18.,30.));
#5318 = DIRECTION('',(1.,0.,0.));
#5319 = DIRECTION('',(0.,1.,0.));
#5320 = PLANE('',#5321);
#5321 = AXIS2_PLACEMENT_3D('',#5322,#5323,#5324);
#5322 = CARTESIAN_POINT('',(28.2,-18.,30.));
#5323 = DIRECTION('',(1.,0.,0.));
#5324 = DIRECTION('',(0.,1.,0.));
#5325 = ADVANCED_FACE('',(#5326),#5337,.F.);
#5326 = FACE_BOUND('',#5327,.F.);
#5327 = EDGE_LOOP('',(#5328,#5334,#5335,#5336));
#5328 = ORIENTED_EDGE('',*,*,#5329,.T.);
#5329 = EDGE_CURVE('',#5252,#5296,#5330,.T.);
#5330 = LINE('',#5331,#5332);
#5331 = CARTESIAN_POINT('',(23.,-20.02072594216,26.5));
#5332 = VECTOR('',#5333,1.);
#5333 = DIRECTION('',(1.,0.,0.));
#5334 = ORIENTED_EDGE('',*,*,#5303,.T.);
#5335 = ORIENTED_EDGE('',*,*,#5179,.F.);
#5336 = ORIENTED_EDGE('',*,*,#5259,.F.);
#5337 = PLANE('',#5338);
#5338 = AXIS2_PLACEMENT_3D('',#5339,#5340,#5341);
#5339 = CARTESIAN_POINT('',(23.,-20.02072594216,26.5));
#5340 = DIRECTION('',(0.,2.197671641581E-16,1.));
#5341 = DIRECTION('',(0.,1.,-2.197671641581E-16));
#5342 = ADVANCED_FACE('',(#5343),#5354,.F.);
#5343 = FACE_BOUND('',#5344,.F.);
#5344 = EDGE_LOOP('',(#5345,#5346,#5347,#5353));
#5345 = ORIENTED_EDGE('',*,*,#5219,.T.);
#5346 = ORIENTED_EDGE('',*,*,#5287,.T.);
#5347 = ORIENTED_EDGE('',*,*,#5348,.F.);
#5348 = EDGE_CURVE('',#5244,#5288,#5349,.T.);
#5349 = LINE('',#5350,#5351);
#5350 = CARTESIAN_POINT('',(23.,-22.04145188432,30.));
#5351 = VECTOR('',#5352,1.);
#5352 = DIRECTION('',(1.,0.,0.));
#5353 = ORIENTED_EDGE('',*,*,#5243,.F.);
#5354 = PLANE('',#5355);
#5355 = AXIS2_PLACEMENT_3D('',#5356,#5357,#5358);
#5356 = CARTESIAN_POINT('',(23.,-20.02072594216,33.5));
#5357 = DIRECTION('',(0.,0.866025403784,-0.5));
#5358 = DIRECTION('',(0.,-0.5,-0.866025403784));
#5359 = ADVANCED_FACE('',(#5360),#5366,.F.);
#5360 = FACE_BOUND('',#5361,.F.);
#5361 = EDGE_LOOP('',(#5362,#5363,#5364,#5365));
#5362 = ORIENTED_EDGE('',*,*,#5348,.T.);
#5363 = ORIENTED_EDGE('',*,*,#5295,.T.);
#5364 = ORIENTED_EDGE('',*,*,#5329,.F.);
#5365 = ORIENTED_EDGE('',*,*,#5251,.F.);
#5366 = PLANE('',#5367);
#5367 = AXIS2_PLACEMENT_3D('',#5368,#5369,#5370);
#5368 = CARTESIAN_POINT('',(23.,-22.04145188432,30.));
#5369 = DIRECTION('',(0.,0.866025403784,0.5));
#5370 = DIRECTION('',(0.,0.5,-0.866025403784));
#5371 = ADVANCED_FACE('',(#5372),#5383,.F.);
#5372 = FACE_BOUND('',#5373,.F.);
#5373 = EDGE_LOOP('',(#5374,#5375,#5381,#5382));
#5374 = ORIENTED_EDGE('',*,*,#5312,.F.);
#5375 = ORIENTED_EDGE('',*,*,#5376,.F.);
#5376 = EDGE_CURVE('',#5269,#5313,#5377,.T.);
#5377 = LINE('',#5378,#5379);
#5378 = CARTESIAN_POINT('',(22.,-16.35,30.));
#5379 = VECTOR('',#5380,1.);
#5380 = DIRECTION('',(1.,0.,0.));
#5381 = ORIENTED_EDGE('',*,*,#5268,.T.);
#5382 = ORIENTED_EDGE('',*,*,#5376,.T.);
#5383 = CYLINDRICAL_SURFACE('',#5384,1.65);
#5384 = AXIS2_PLACEMENT_3D('',#5385,#5386,#5387);
#5385 = CARTESIAN_POINT('',(22.,-18.,30.));
#5386 = DIRECTION('',(1.,0.,0.));
#5387 = DIRECTION('',(0.,1.,0.));
#5388 = MANIFOLD_SOLID_BREP('',#5389);
#5389 = CLOSED_SHELL('',(#5390,#5423,#5432,#5452,#5477,#5536,#5567,#5591
    ,#5615,#5639,#5663,#5680));
#5390 = ADVANCED_FACE('',(#5391),#5418,.T.);
#5391 = FACE_BOUND('',#5392,.T.);
#5392 = EDGE_LOOP('',(#5393,#5402,#5410,#5417));
#5393 = ORIENTED_EDGE('',*,*,#5394,.F.);
#5394 = EDGE_CURVE('',#5395,#5395,#5397,.T.);
#5395 = VERTEX_POINT('',#5396);
#5396 = CARTESIAN_POINT('',(29.7,20.,30.));
#5397 = CIRCLE('',#5398,2.);
#5398 = AXIS2_PLACEMENT_3D('',#5399,#5400,#5401);
#5399 = CARTESIAN_POINT('',(29.7,18.,30.));
#5400 = DIRECTION('',(1.,0.,0.));
#5401 = DIRECTION('',(0.,1.,0.));
#5402 = ORIENTED_EDGE('',*,*,#5403,.F.);
#5403 = EDGE_CURVE('',#5404,#5395,#5406,.T.);
#5404 = VERTEX_POINT('',#5405);
#5405 = CARTESIAN_POINT('',(9.7,20.,30.));
#5406 = LINE('',#5407,#5408);
#5407 = CARTESIAN_POINT('',(9.7,20.,30.));
#5408 = VECTOR('',#5409,1.);
#5409 = DIRECTION('',(1.,0.,0.));
#5410 = ORIENTED_EDGE('',*,*,#5411,.T.);
#5411 = EDGE_CURVE('',#5404,#5404,#5412,.T.);
#5412 = CIRCLE('',#5413,2.);
#5413 = AXIS2_PLACEMENT_3D('',#5414,#5415,#5416);
#5414 = CARTESIAN_POINT('',(9.7,18.,30.));
#5415 = DIRECTION('',(1.,0.,0.));
#5416 = DIRECTION('',(0.,1.,0.));
#5417 = ORIENTED_EDGE('',*,*,#5403,.T.);
#5418 = CYLINDRICAL_SURFACE('',#5419,2.);
#5419 = AXIS2_PLACEMENT_3D('',#5420,#5421,#5422);
#5420 = CARTESIAN_POINT('',(9.7,18.,30.));
#5421 = DIRECTION('',(1.,0.,0.));
#5422 = DIRECTION('',(0.,1.,0.));
#5423 = ADVANCED_FACE('',(#5424),#5427,.T.);
#5424 = FACE_BOUND('',#5425,.T.);
#5425 = EDGE_LOOP('',(#5426));
#5426 = ORIENTED_EDGE('',*,*,#5394,.T.);
#5427 = PLANE('',#5428);
#5428 = AXIS2_PLACEMENT_3D('',#5429,#5430,#5431);
#5429 = CARTESIAN_POINT('',(29.7,18.,30.));
#5430 = DIRECTION('',(1.,0.,0.));
#5431 = DIRECTION('',(0.,1.,0.));
#5432 = ADVANCED_FACE('',(#5433,#5444),#5447,.T.);
#5433 = FACE_BOUND('',#5434,.T.);
#5434 = EDGE_LOOP('',(#5435));
#5435 = ORIENTED_EDGE('',*,*,#5436,.T.);
#5436 = EDGE_CURVE('',#5437,#5437,#5439,.T.);
#5437 = VERTEX_POINT('',#5438);
#5438 = CARTESIAN_POINT('',(9.7,21.5,30.));
#5439 = CIRCLE('',#5440,3.5);
#5440 = AXIS2_PLACEMENT_3D('',#5441,#5442,#5443);
#5441 = CARTESIAN_POINT('',(9.7,18.,30.));
#5442 = DIRECTION('',(1.,0.,0.));
#5443 = DIRECTION('',(0.,1.,0.));
#5444 = FACE_BOUND('',#5445,.T.);
#5445 = EDGE_LOOP('',(#5446));
#5446 = ORIENTED_EDGE('',*,*,#5411,.F.);
#5447 = PLANE('',#5448);
#5448 = AXIS2_PLACEMENT_3D('',#5449,#5450,#5451);
#5449 = CARTESIAN_POINT('',(9.7,18.,30.));
#5450 = DIRECTION('',(1.,0.,0.));
#5451 = DIRECTION('',(0.,1.,0.));
#5452 = ADVANCED_FACE('',(#5453),#5472,.T.);
#5453 = FACE_BOUND('',#5454,.T.);
#5454 = EDGE_LOOP('',(#5455,#5456,#5464,#5471));
#5455 = ORIENTED_EDGE('',*,*,#5436,.F.);
#5456 = ORIENTED_EDGE('',*,*,#5457,.F.);
#5457 = EDGE_CURVE('',#5458,#5437,#5460,.T.);
#5458 = VERTEX_POINT('',#5459);
#5459 = CARTESIAN_POINT('',(5.7,21.5,30.));
#5460 = LINE('',#5461,#5462);
#5461 = CARTESIAN_POINT('',(5.7,21.5,30.));
#5462 = VECTOR('',#5463,1.);
#5463 = DIRECTION('',(1.,0.,0.));
#5464 = ORIENTED_EDGE('',*,*,#5465,.T.);
#5465 = EDGE_CURVE('',#5458,#5458,#5466,.T.);
#5466 = CIRCLE('',#5467,3.5);
#5467 = AXIS2_PLACEMENT_3D('',#5468,#5469,#5470);
#5468 = CARTESIAN_POINT('',(5.7,18.,30.));
#5469 = DIRECTION('',(1.,0.,0.));
#5470 = DIRECTION('',(0.,1.,0.));
#5471 = ORIENTED_EDGE('',*,*,#5457,.T.);
#5472 = CYLINDRICAL_SURFACE('',#5473,3.5);
#5473 = AXIS2_PLACEMENT_3D('',#5474,#5475,#5476);
#5474 = CARTESIAN_POINT('',(5.7,18.,30.));
#5475 = DIRECTION('',(1.,0.,0.));
#5476 = DIRECTION('',(0.,1.,0.));
#5477 = ADVANCED_FACE('',(#5478,#5481),#5531,.F.);
#5478 = FACE_BOUND('',#5479,.F.);
#5479 = EDGE_LOOP('',(#5480));
#5480 = ORIENTED_EDGE('',*,*,#5465,.T.);
#5481 = FACE_BOUND('',#5482,.F.);
#5482 = EDGE_LOOP('',(#5483,#5493,#5501,#5509,#5517,#5525));
#5483 = ORIENTED_EDGE('',*,*,#5484,.T.);
#5484 = EDGE_CURVE('',#5485,#5487,#5489,.T.);
#5485 = VERTEX_POINT('',#5486);
#5486 = CARTESIAN_POINT('',(5.7,17.133974596216,31.5));
#5487 = VERTEX_POINT('',#5488);
#5488 = CARTESIAN_POINT('',(5.7,18.866025403784,31.5));
#5489 = LINE('',#5490,#5491);
#5490 = CARTESIAN_POINT('',(5.7,18.433012701892,31.5));
#5491 = VECTOR('',#5492,1.);
#5492 = DIRECTION('',(0.,1.,-1.281975124256E-16));
#5493 = ORIENTED_EDGE('',*,*,#5494,.T.);
#5494 = EDGE_CURVE('',#5487,#5495,#5497,.T.);
#5495 = VERTEX_POINT('',#5496);
#5496 = CARTESIAN_POINT('',(5.7,19.732050807569,30.));
#5497 = LINE('',#5498,#5499);
#5498 = CARTESIAN_POINT('',(5.7,19.515544456623,30.375));
#5499 = VECTOR('',#5500,1.);
#5500 = DIRECTION('',(0.,0.5,-0.866025403784));
#5501 = ORIENTED_EDGE('',*,*,#5502,.T.);
#5502 = EDGE_CURVE('',#5495,#5503,#5505,.T.);
#5503 = VERTEX_POINT('',#5504);
#5504 = CARTESIAN_POINT('',(5.7,18.866025403784,28.5));
#5505 = LINE('',#5506,#5507);
#5506 = CARTESIAN_POINT('',(5.7,19.082531754731,28.875));
#5507 = VECTOR('',#5508,1.);
#5508 = DIRECTION('',(0.,-0.5,-0.866025403784));
#5509 = ORIENTED_EDGE('',*,*,#5510,.T.);
#5510 = EDGE_CURVE('',#5503,#5511,#5513,.T.);
#5511 = VERTEX_POINT('',#5512);
#5512 = CARTESIAN_POINT('',(5.7,17.133974596216,28.5));
#5513 = LINE('',#5514,#5515);
#5514 = CARTESIAN_POINT('',(5.7,17.566987298108,28.5));
#5515 = VECTOR('',#5516,1.);
#5516 = DIRECTION('',(0.,-1.,2.563950248511E-16));
#5517 = ORIENTED_EDGE('',*,*,#5518,.T.);
#5518 = EDGE_CURVE('',#5511,#5519,#5521,.T.);
#5519 = VERTEX_POINT('',#5520);
#5520 = CARTESIAN_POINT('',(5.7,16.267949192431,30.));
#5521 = LINE('',#5522,#5523);
#5522 = CARTESIAN_POINT('',(5.7,16.484455543377,29.625));
#5523 = VECTOR('',#5524,1.);
#5524 = DIRECTION('',(0.,-0.5,0.866025403784));
#5525 = ORIENTED_EDGE('',*,*,#5526,.T.);
#5526 = EDGE_CURVE('',#5519,#5485,#5527,.T.);
#5527 = LINE('',#5528,#5529);
#5528 = CARTESIAN_POINT('',(5.7,16.917468245269,31.125));
#5529 = VECTOR('',#5530,1.);
#5530 = DIRECTION('',(0.,0.5,0.866025403784));
#5531 = PLANE('',#5532);
#5532 = AXIS2_PLACEMENT_3D('',#5533,#5534,#5535);
#5533 = CARTESIAN_POINT('',(5.7,18.,30.));
#5534 = DIRECTION('',(1.,0.,0.));
#5535 = DIRECTION('',(0.,1.,0.));
#5536 = ADVANCED_FACE('',(#5537),#5562,.T.);
#5537 = FACE_BOUND('',#5538,.T.);
#5538 = EDGE_LOOP('',(#5539,#5540,#5548,#5556));
#5539 = ORIENTED_EDGE('',*,*,#5484,.T.);
#5540 = ORIENTED_EDGE('',*,*,#5541,.T.);
#5541 = EDGE_CURVE('',#5487,#5542,#5544,.T.);
#5542 = VERTEX_POINT('',#5543);
#5543 = CARTESIAN_POINT('',(7.7,18.866025403784,31.5));
#5544 = LINE('',#5545,#5546);
#5545 = CARTESIAN_POINT('',(5.6,18.866025403784,31.5));
#5546 = VECTOR('',#5547,1.);
#5547 = DIRECTION('',(1.,0.,0.));
#5548 = ORIENTED_EDGE('',*,*,#5549,.T.);
#5549 = EDGE_CURVE('',#5542,#5550,#5552,.T.);
#5550 = VERTEX_POINT('',#5551);
#5551 = CARTESIAN_POINT('',(7.7,17.133974596216,31.5));
#5552 = LINE('',#5553,#5554);
#5553 = CARTESIAN_POINT('',(7.7,18.866025403784,31.5));
#5554 = VECTOR('',#5555,1.);
#5555 = DIRECTION('',(0.,-1.,1.281975124256E-16));
#5556 = ORIENTED_EDGE('',*,*,#5557,.F.);
#5557 = EDGE_CURVE('',#5485,#5550,#5558,.T.);
#5558 = LINE('',#5559,#5560);
#5559 = CARTESIAN_POINT('',(5.6,17.133974596216,31.5));
#5560 = VECTOR('',#5561,1.);
#5561 = DIRECTION('',(1.,0.,0.));
#5562 = PLANE('',#5563);
#5563 = AXIS2_PLACEMENT_3D('',#5564,#5565,#5566);
#5564 = CARTESIAN_POINT('',(5.6,18.866025403784,31.5));
#5565 = DIRECTION('',(0.,-1.281975124256E-16,-1.));
#5566 = DIRECTION('',(0.,-1.,1.281975124256E-16));
#5567 = ADVANCED_FACE('',(#5568),#5586,.T.);
#5568 = FACE_BOUND('',#5569,.T.);
#5569 = EDGE_LOOP('',(#5570,#5571,#5572,#5580));
#5570 = ORIENTED_EDGE('',*,*,#5526,.T.);
#5571 = ORIENTED_EDGE('',*,*,#5557,.T.);
#5572 = ORIENTED_EDGE('',*,*,#5573,.T.);
#5573 = EDGE_CURVE('',#5550,#5574,#5576,.T.);
#5574 = VERTEX_POINT('',#5575);
#5575 = CARTESIAN_POINT('',(7.7,16.267949192431,30.));
#5576 = LINE('',#5577,#5578);
#5577 = CARTESIAN_POINT('',(7.7,17.133974596216,31.5));
#5578 = VECTOR('',#5579,1.);
#5579 = DIRECTION('',(0.,-0.5,-0.866025403784));
#5580 = ORIENTED_EDGE('',*,*,#5581,.F.);
#5581 = EDGE_CURVE('',#5519,#5574,#5582,.T.);
#5582 = LINE('',#5583,#5584);
#5583 = CARTESIAN_POINT('',(5.6,16.267949192431,30.));
#5584 = VECTOR('',#5585,1.);
#5585 = DIRECTION('',(1.,0.,0.));
#5586 = PLANE('',#5587);
#5587 = AXIS2_PLACEMENT_3D('',#5588,#5589,#5590);
#5588 = CARTESIAN_POINT('',(5.6,17.133974596216,31.5));
#5589 = DIRECTION('',(0.,0.866025403784,-0.5));
#5590 = DIRECTION('',(0.,-0.5,-0.866025403784));
#5591 = ADVANCED_FACE('',(#5592),#5610,.T.);
#5592 = FACE_BOUND('',#5593,.T.);
#5593 = EDGE_LOOP('',(#5594,#5595,#5596,#5604));
#5594 = ORIENTED_EDGE('',*,*,#5518,.T.);
#5595 = ORIENTED_EDGE('',*,*,#5581,.T.);
#5596 = ORIENTED_EDGE('',*,*,#5597,.T.);
#5597 = EDGE_CURVE('',#5574,#5598,#5600,.T.);
#5598 = VERTEX_POINT('',#5599);
#5599 = CARTESIAN_POINT('',(7.7,17.133974596216,28.5));
#5600 = LINE('',#5601,#5602);
#5601 = CARTESIAN_POINT('',(7.7,16.267949192431,30.));
#5602 = VECTOR('',#5603,1.);
#5603 = DIRECTION('',(0.,0.5,-0.866025403784));
#5604 = ORIENTED_EDGE('',*,*,#5605,.F.);
#5605 = EDGE_CURVE('',#5511,#5598,#5606,.T.);
#5606 = LINE('',#5607,#5608);
#5607 = CARTESIAN_POINT('',(5.6,17.133974596216,28.5));
#5608 = VECTOR('',#5609,1.);
#5609 = DIRECTION('',(1.,0.,0.));
#5610 = PLANE('',#5611);
#5611 = AXIS2_PLACEMENT_3D('',#5612,#5613,#5614);
#5612 = CARTESIAN_POINT('',(5.6,16.267949192431,30.));
#5613 = DIRECTION('',(0.,0.866025403784,0.5));
#5614 = DIRECTION('',(0.,0.5,-0.866025403784));
#5615 = ADVANCED_FACE('',(#5616),#5634,.T.);
#5616 = FACE_BOUND('',#5617,.T.);
#5617 = EDGE_LOOP('',(#5618,#5619,#5620,#5628));
#5618 = ORIENTED_EDGE('',*,*,#5510,.T.);
#5619 = ORIENTED_EDGE('',*,*,#5605,.T.);
#5620 = ORIENTED_EDGE('',*,*,#5621,.T.);
#5621 = EDGE_CURVE('',#5598,#5622,#5624,.T.);
#5622 = VERTEX_POINT('',#5623);
#5623 = CARTESIAN_POINT('',(7.7,18.866025403784,28.5));
#5624 = LINE('',#5625,#5626);
#5625 = CARTESIAN_POINT('',(7.7,17.133974596216,28.5));
#5626 = VECTOR('',#5627,1.);
#5627 = DIRECTION('',(0.,1.,-2.563950248511E-16));
#5628 = ORIENTED_EDGE('',*,*,#5629,.F.);
#5629 = EDGE_CURVE('',#5503,#5622,#5630,.T.);
#5630 = LINE('',#5631,#5632);
#5631 = CARTESIAN_POINT('',(5.6,18.866025403784,28.5));
#5632 = VECTOR('',#5633,1.);
#5633 = DIRECTION('',(1.,0.,0.));
#5634 = PLANE('',#5635);
#5635 = AXIS2_PLACEMENT_3D('',#5636,#5637,#5638);
#5636 = CARTESIAN_POINT('',(5.6,17.133974596216,28.5));
#5637 = DIRECTION('',(0.,2.563950248511E-16,1.));
#5638 = DIRECTION('',(0.,1.,-2.563950248511E-16));
#5639 = ADVANCED_FACE('',(#5640),#5658,.T.);
#5640 = FACE_BOUND('',#5641,.T.);
#5641 = EDGE_LOOP('',(#5642,#5643,#5644,#5652));
#5642 = ORIENTED_EDGE('',*,*,#5502,.T.);
#5643 = ORIENTED_EDGE('',*,*,#5629,.T.);
#5644 = ORIENTED_EDGE('',*,*,#5645,.T.);
#5645 = EDGE_CURVE('',#5622,#5646,#5648,.T.);
#5646 = VERTEX_POINT('',#5647);
#5647 = CARTESIAN_POINT('',(7.7,19.732050807569,30.));
#5648 = LINE('',#5649,#5650);
#5649 = CARTESIAN_POINT('',(7.7,18.866025403784,28.5));
#5650 = VECTOR('',#5651,1.);
#5651 = DIRECTION('',(0.,0.5,0.866025403784));
#5652 = ORIENTED_EDGE('',*,*,#5653,.F.);
#5653 = EDGE_CURVE('',#5495,#5646,#5654,.T.);
#5654 = LINE('',#5655,#5656);
#5655 = CARTESIAN_POINT('',(5.6,19.732050807569,30.));
#5656 = VECTOR('',#5657,1.);
#5657 = DIRECTION('',(1.,0.,0.));
#5658 = PLANE('',#5659);
#5659 = AXIS2_PLACEMENT_3D('',#5660,#5661,#5662);
#5660 = CARTESIAN_POINT('',(5.6,18.866025403784,28.5));
#5661 = DIRECTION('',(0.,-0.866025403784,0.5));
#5662 = DIRECTION('',(0.,0.5,0.866025403784));
#5663 = ADVANCED_FACE('',(#5664),#5675,.T.);
#5664 = FACE_BOUND('',#5665,.T.);
#5665 = EDGE_LOOP('',(#5666,#5667,#5668,#5674));
#5666 = ORIENTED_EDGE('',*,*,#5494,.T.);
#5667 = ORIENTED_EDGE('',*,*,#5653,.T.);
#5668 = ORIENTED_EDGE('',*,*,#5669,.T.);
#5669 = EDGE_CURVE('',#5646,#5542,#5670,.T.);
#5670 = LINE('',#5671,#5672);
#5671 = CARTESIAN_POINT('',(7.7,19.732050807569,30.));
#5672 = VECTOR('',#5673,1.);
#5673 = DIRECTION('',(0.,-0.5,0.866025403784));
#5674 = ORIENTED_EDGE('',*,*,#5541,.F.);
#5675 = PLANE('',#5676);
#5676 = AXIS2_PLACEMENT_3D('',#5677,#5678,#5679);
#5677 = CARTESIAN_POINT('',(5.6,19.732050807569,30.));
#5678 = DIRECTION('',(0.,-0.866025403784,-0.5));
#5679 = DIRECTION('',(0.,-0.5,0.866025403784));
#5680 = ADVANCED_FACE('',(#5681),#5689,.F.);
#5681 = FACE_BOUND('',#5682,.F.);
#5682 = EDGE_LOOP('',(#5683,#5684,#5685,#5686,#5687,#5688));
#5683 = ORIENTED_EDGE('',*,*,#5669,.T.);
#5684 = ORIENTED_EDGE('',*,*,#5549,.T.);
#5685 = ORIENTED_EDGE('',*,*,#5573,.T.);
#5686 = ORIENTED_EDGE('',*,*,#5597,.T.);
#5687 = ORIENTED_EDGE('',*,*,#5621,.T.);
#5688 = ORIENTED_EDGE('',*,*,#5645,.T.);
#5689 = PLANE('',#5690);
#5690 = AXIS2_PLACEMENT_3D('',#5691,#5692,#5693);
#5691 = CARTESIAN_POINT('',(7.7,18.,30.));
#5692 = DIRECTION('',(1.,0.,0.));
#5693 = DIRECTION('',(0.,1.,0.));
#5694 = MANIFOLD_SOLID_BREP('',#5695);
#5695 = CLOSED_SHELL('',(#5696,#5729,#5749,#5769));
#5696 = ADVANCED_FACE('',(#5697),#5724,.T.);
#5697 = FACE_BOUND('',#5698,.T.);
#5698 = EDGE_LOOP('',(#5699,#5708,#5716,#5723));
#5699 = ORIENTED_EDGE('',*,*,#5700,.F.);
#5700 = EDGE_CURVE('',#5701,#5701,#5703,.T.);
#5701 = VERTEX_POINT('',#5702);
#5702 = CARTESIAN_POINT('',(10.7,22.,30.));
#5703 = CIRCLE('',#5704,4.);
#5704 = AXIS2_PLACEMENT_3D('',#5705,#5706,#5707);
#5705 = CARTESIAN_POINT('',(10.7,18.,30.));
#5706 = DIRECTION('',(1.,0.,0.));
#5707 = DIRECTION('',(0.,1.,0.));
#5708 = ORIENTED_EDGE('',*,*,#5709,.F.);
#5709 = EDGE_CURVE('',#5710,#5701,#5712,.T.);
#5710 = VERTEX_POINT('',#5711);
#5711 = CARTESIAN_POINT('',(9.7,22.,30.));
#5712 = LINE('',#5713,#5714);
#5713 = CARTESIAN_POINT('',(9.7,22.,30.));
#5714 = VECTOR('',#5715,1.);
#5715 = DIRECTION('',(1.,0.,0.));
#5716 = ORIENTED_EDGE('',*,*,#5717,.T.);
#5717 = EDGE_CURVE('',#5710,#5710,#5718,.T.);
#5718 = CIRCLE('',#5719,4.);
#5719 = AXIS2_PLACEMENT_3D('',#5720,#5721,#5722);
#5720 = CARTESIAN_POINT('',(9.7,18.,30.));
#5721 = DIRECTION('',(1.,0.,0.));
#5722 = DIRECTION('',(0.,1.,0.));
#5723 = ORIENTED_EDGE('',*,*,#5709,.T.);
#5724 = CYLINDRICAL_SURFACE('',#5725,4.);
#5725 = AXIS2_PLACEMENT_3D('',#5726,#5727,#5728);
#5726 = CARTESIAN_POINT('',(9.7,18.,30.));
#5727 = DIRECTION('',(1.,0.,0.));
#5728 = DIRECTION('',(0.,1.,0.));
#5729 = ADVANCED_FACE('',(#5730,#5733),#5744,.T.);
#5730 = FACE_BOUND('',#5731,.T.);
#5731 = EDGE_LOOP('',(#5732));
#5732 = ORIENTED_EDGE('',*,*,#5700,.T.);
#5733 = FACE_BOUND('',#5734,.T.);
#5734 = EDGE_LOOP('',(#5735));
#5735 = ORIENTED_EDGE('',*,*,#5736,.F.);
#5736 = EDGE_CURVE('',#5737,#5737,#5739,.T.);
#5737 = VERTEX_POINT('',#5738);
#5738 = CARTESIAN_POINT('',(10.7,20.,30.));
#5739 = CIRCLE('',#5740,2.);
#5740 = AXIS2_PLACEMENT_3D('',#5741,#5742,#5743);
#5741 = CARTESIAN_POINT('',(10.7,18.,30.));
#5742 = DIRECTION('',(1.,0.,0.));
#5743 = DIRECTION('',(0.,1.,0.));
#5744 = PLANE('',#5745);
#5745 = AXIS2_PLACEMENT_3D('',#5746,#5747,#5748);
#5746 = CARTESIAN_POINT('',(10.7,18.,30.));
#5747 = DIRECTION('',(1.,0.,0.));
#5748 = DIRECTION('',(0.,1.,0.));
#5749 = ADVANCED_FACE('',(#5750,#5753),#5764,.F.);
#5750 = FACE_BOUND('',#5751,.F.);
#5751 = EDGE_LOOP('',(#5752));
#5752 = ORIENTED_EDGE('',*,*,#5717,.T.);
#5753 = FACE_BOUND('',#5754,.F.);
#5754 = EDGE_LOOP('',(#5755));
#5755 = ORIENTED_EDGE('',*,*,#5756,.F.);
#5756 = EDGE_CURVE('',#5757,#5757,#5759,.T.);
#5757 = VERTEX_POINT('',#5758);
#5758 = CARTESIAN_POINT('',(9.7,20.,30.));
#5759 = CIRCLE('',#5760,2.);
#5760 = AXIS2_PLACEMENT_3D('',#5761,#5762,#5763);
#5761 = CARTESIAN_POINT('',(9.7,18.,30.));
#5762 = DIRECTION('',(1.,0.,0.));
#5763 = DIRECTION('',(0.,1.,0.));
#5764 = PLANE('',#5765);
#5765 = AXIS2_PLACEMENT_3D('',#5766,#5767,#5768);
#5766 = CARTESIAN_POINT('',(9.7,18.,30.));
#5767 = DIRECTION('',(1.,0.,0.));
#5768 = DIRECTION('',(0.,1.,0.));
#5769 = ADVANCED_FACE('',(#5770),#5781,.F.);
#5770 = FACE_BOUND('',#5771,.F.);
#5771 = EDGE_LOOP('',(#5772,#5773,#5779,#5780));
#5772 = ORIENTED_EDGE('',*,*,#5736,.F.);
#5773 = ORIENTED_EDGE('',*,*,#5774,.F.);
#5774 = EDGE_CURVE('',#5757,#5737,#5775,.T.);
#5775 = LINE('',#5776,#5777);
#5776 = CARTESIAN_POINT('',(8.7,20.,30.));
#5777 = VECTOR('',#5778,1.);
#5778 = DIRECTION('',(1.,0.,0.));
#5779 = ORIENTED_EDGE('',*,*,#5756,.T.);
#5780 = ORIENTED_EDGE('',*,*,#5774,.T.);
#5781 = CYLINDRICAL_SURFACE('',#5782,2.);
#5782 = AXIS2_PLACEMENT_3D('',#5783,#5784,#5785);
#5783 = CARTESIAN_POINT('',(8.7,18.,30.));
#5784 = DIRECTION('',(1.,0.,0.));
#5785 = DIRECTION('',(0.,1.,0.));
#5786 = MANIFOLD_SOLID_BREP('',#5787);
#5787 = CLOSED_SHELL('',(#5788,#5821,#5841,#5861));
#5788 = ADVANCED_FACE('',(#5789),#5816,.T.);
#5789 = FACE_BOUND('',#5790,.T.);
#5790 = EDGE_LOOP('',(#5791,#5800,#5808,#5815));
#5791 = ORIENTED_EDGE('',*,*,#5792,.F.);
#5792 = EDGE_CURVE('',#5793,#5793,#5795,.T.);
#5793 = VERTEX_POINT('',#5794);
#5794 = CARTESIAN_POINT('',(23.,22.,30.));
#5795 = CIRCLE('',#5796,4.);
#5796 = AXIS2_PLACEMENT_3D('',#5797,#5798,#5799);
#5797 = CARTESIAN_POINT('',(23.,18.,30.));
#5798 = DIRECTION('',(1.,0.,0.));
#5799 = DIRECTION('',(0.,1.,0.));
#5800 = ORIENTED_EDGE('',*,*,#5801,.F.);
#5801 = EDGE_CURVE('',#5802,#5793,#5804,.T.);
#5802 = VERTEX_POINT('',#5803);
#5803 = CARTESIAN_POINT('',(22.,22.,30.));
#5804 = LINE('',#5805,#5806);
#5805 = CARTESIAN_POINT('',(22.,22.,30.));
#5806 = VECTOR('',#5807,1.);
#5807 = DIRECTION('',(1.,0.,0.));
#5808 = ORIENTED_EDGE('',*,*,#5809,.T.);
#5809 = EDGE_CURVE('',#5802,#5802,#5810,.T.);
#5810 = CIRCLE('',#5811,4.);
#5811 = AXIS2_PLACEMENT_3D('',#5812,#5813,#5814);
#5812 = CARTESIAN_POINT('',(22.,18.,30.));
#5813 = DIRECTION('',(1.,0.,0.));
#5814 = DIRECTION('',(0.,1.,0.));
#5815 = ORIENTED_EDGE('',*,*,#5801,.T.);
#5816 = CYLINDRICAL_SURFACE('',#5817,4.);
#5817 = AXIS2_PLACEMENT_3D('',#5818,#5819,#5820);
#5818 = CARTESIAN_POINT('',(22.,18.,30.));
#5819 = DIRECTION('',(1.,0.,0.));
#5820 = DIRECTION('',(0.,1.,0.));
#5821 = ADVANCED_FACE('',(#5822,#5825),#5836,.T.);
#5822 = FACE_BOUND('',#5823,.T.);
#5823 = EDGE_LOOP('',(#5824));
#5824 = ORIENTED_EDGE('',*,*,#5792,.T.);
#5825 = FACE_BOUND('',#5826,.T.);
#5826 = EDGE_LOOP('',(#5827));
#5827 = ORIENTED_EDGE('',*,*,#5828,.F.);
#5828 = EDGE_CURVE('',#5829,#5829,#5831,.T.);
#5829 = VERTEX_POINT('',#5830);
#5830 = CARTESIAN_POINT('',(23.,20.,30.));
#5831 = CIRCLE('',#5832,2.);
#5832 = AXIS2_PLACEMENT_3D('',#5833,#5834,#5835);
#5833 = CARTESIAN_POINT('',(23.,18.,30.));
#5834 = DIRECTION('',(1.,0.,0.));
#5835 = DIRECTION('',(0.,1.,0.));
#5836 = PLANE('',#5837);
#5837 = AXIS2_PLACEMENT_3D('',#5838,#5839,#5840);
#5838 = CARTESIAN_POINT('',(23.,18.,30.));
#5839 = DIRECTION('',(1.,0.,0.));
#5840 = DIRECTION('',(0.,1.,0.));
#5841 = ADVANCED_FACE('',(#5842,#5845),#5856,.F.);
#5842 = FACE_BOUND('',#5843,.F.);
#5843 = EDGE_LOOP('',(#5844));
#5844 = ORIENTED_EDGE('',*,*,#5809,.T.);
#5845 = FACE_BOUND('',#5846,.F.);
#5846 = EDGE_LOOP('',(#5847));
#5847 = ORIENTED_EDGE('',*,*,#5848,.F.);
#5848 = EDGE_CURVE('',#5849,#5849,#5851,.T.);
#5849 = VERTEX_POINT('',#5850);
#5850 = CARTESIAN_POINT('',(22.,20.,30.));
#5851 = CIRCLE('',#5852,2.);
#5852 = AXIS2_PLACEMENT_3D('',#5853,#5854,#5855);
#5853 = CARTESIAN_POINT('',(22.,18.,30.));
#5854 = DIRECTION('',(1.,0.,0.));
#5855 = DIRECTION('',(0.,1.,0.));
#5856 = PLANE('',#5857);
#5857 = AXIS2_PLACEMENT_3D('',#5858,#5859,#5860);
#5858 = CARTESIAN_POINT('',(22.,18.,30.));
#5859 = DIRECTION('',(1.,0.,0.));
#5860 = DIRECTION('',(0.,1.,0.));
#5861 = ADVANCED_FACE('',(#5862),#5873,.F.);
#5862 = FACE_BOUND('',#5863,.F.);
#5863 = EDGE_LOOP('',(#5864,#5865,#5871,#5872));
#5864 = ORIENTED_EDGE('',*,*,#5828,.F.);
#5865 = ORIENTED_EDGE('',*,*,#5866,.F.);
#5866 = EDGE_CURVE('',#5849,#5829,#5867,.T.);
#5867 = LINE('',#5868,#5869);
#5868 = CARTESIAN_POINT('',(21.,20.,30.));
#5869 = VECTOR('',#5870,1.);
#5870 = DIRECTION('',(1.,0.,0.));
#5871 = ORIENTED_EDGE('',*,*,#5848,.T.);
#5872 = ORIENTED_EDGE('',*,*,#5866,.T.);
#5873 = CYLINDRICAL_SURFACE('',#5874,2.);
#5874 = AXIS2_PLACEMENT_3D('',#5875,#5876,#5877);
#5875 = CARTESIAN_POINT('',(21.,18.,30.));
#5876 = DIRECTION('',(1.,0.,0.));
#5877 = DIRECTION('',(0.,1.,0.));
#5878 = MANIFOLD_SOLID_BREP('',#5879);
#5879 = CLOSED_SHELL('',(#5880,#5920,#5951,#5982,#6026,#6070,#6087,#6104
    ,#6116));
#5880 = ADVANCED_FACE('',(#5881),#5915,.F.);
#5881 = FACE_BOUND('',#5882,.F.);
#5882 = EDGE_LOOP('',(#5883,#5893,#5901,#5909));
#5883 = ORIENTED_EDGE('',*,*,#5884,.T.);
#5884 = EDGE_CURVE('',#5885,#5887,#5889,.T.);
#5885 = VERTEX_POINT('',#5886);
#5886 = CARTESIAN_POINT('',(23.,22.041451884327,30.));
#5887 = VERTEX_POINT('',#5888);
#5888 = CARTESIAN_POINT('',(28.2,22.041451884327,30.));
#5889 = LINE('',#5890,#5891);
#5890 = CARTESIAN_POINT('',(23.,22.041451884327,30.));
#5891 = VECTOR('',#5892,1.);
#5892 = DIRECTION('',(1.,0.,0.));
#5893 = ORIENTED_EDGE('',*,*,#5894,.T.);
#5894 = EDGE_CURVE('',#5887,#5895,#5897,.T.);
#5895 = VERTEX_POINT('',#5896);
#5896 = CARTESIAN_POINT('',(28.2,20.020725942164,33.5));
#5897 = LINE('',#5898,#5899);
#5898 = CARTESIAN_POINT('',(28.2,22.041451884327,30.));
#5899 = VECTOR('',#5900,1.);
#5900 = DIRECTION('',(0.,-0.5,0.866025403784));
#5901 = ORIENTED_EDGE('',*,*,#5902,.F.);
#5902 = EDGE_CURVE('',#5903,#5895,#5905,.T.);
#5903 = VERTEX_POINT('',#5904);
#5904 = CARTESIAN_POINT('',(23.,20.020725942164,33.5));
#5905 = LINE('',#5906,#5907);
#5906 = CARTESIAN_POINT('',(23.,20.020725942164,33.5));
#5907 = VECTOR('',#5908,1.);
#5908 = DIRECTION('',(1.,0.,0.));
#5909 = ORIENTED_EDGE('',*,*,#5910,.F.);
#5910 = EDGE_CURVE('',#5885,#5903,#5911,.T.);
#5911 = LINE('',#5912,#5913);
#5912 = CARTESIAN_POINT('',(23.,22.041451884327,30.));
#5913 = VECTOR('',#5914,1.);
#5914 = DIRECTION('',(0.,-0.5,0.866025403784));
#5915 = PLANE('',#5916);
#5916 = AXIS2_PLACEMENT_3D('',#5917,#5918,#5919);
#5917 = CARTESIAN_POINT('',(23.,22.041451884327,30.));
#5918 = DIRECTION('',(0.,-0.866025403784,-0.5));
#5919 = DIRECTION('',(0.,-0.5,0.866025403784));
#5920 = ADVANCED_FACE('',(#5921),#5946,.F.);
#5921 = FACE_BOUND('',#5922,.F.);
#5922 = EDGE_LOOP('',(#5923,#5933,#5939,#5940));
#5923 = ORIENTED_EDGE('',*,*,#5924,.T.);
#5924 = EDGE_CURVE('',#5925,#5927,#5929,.T.);
#5925 = VERTEX_POINT('',#5926);
#5926 = CARTESIAN_POINT('',(23.,20.020725942164,26.5));
#5927 = VERTEX_POINT('',#5928);
#5928 = CARTESIAN_POINT('',(28.2,20.020725942164,26.5));
#5929 = LINE('',#5930,#5931);
#5930 = CARTESIAN_POINT('',(23.,20.020725942164,26.5));
#5931 = VECTOR('',#5932,1.);
#5932 = DIRECTION('',(1.,0.,0.));
#5933 = ORIENTED_EDGE('',*,*,#5934,.T.);
#5934 = EDGE_CURVE('',#5927,#5887,#5935,.T.);
#5935 = LINE('',#5936,#5937);
#5936 = CARTESIAN_POINT('',(28.2,20.020725942164,26.5));
#5937 = VECTOR('',#5938,1.);
#5938 = DIRECTION('',(0.,0.5,0.866025403784));
#5939 = ORIENTED_EDGE('',*,*,#5884,.F.);
#5940 = ORIENTED_EDGE('',*,*,#5941,.F.);
#5941 = EDGE_CURVE('',#5925,#5885,#5942,.T.);
#5942 = LINE('',#5943,#5944);
#5943 = CARTESIAN_POINT('',(23.,20.020725942164,26.5));
#5944 = VECTOR('',#5945,1.);
#5945 = DIRECTION('',(0.,0.5,0.866025403784));
#5946 = PLANE('',#5947);
#5947 = AXIS2_PLACEMENT_3D('',#5948,#5949,#5950);
#5948 = CARTESIAN_POINT('',(23.,20.020725942164,26.5));
#5949 = DIRECTION('',(0.,-0.866025403784,0.5));
#5950 = DIRECTION('',(0.,0.5,0.866025403784));
#5951 = ADVANCED_FACE('',(#5952),#5977,.F.);
#5952 = FACE_BOUND('',#5953,.F.);
#5953 = EDGE_LOOP('',(#5954,#5955,#5963,#5971));
#5954 = ORIENTED_EDGE('',*,*,#5902,.T.);
#5955 = ORIENTED_EDGE('',*,*,#5956,.T.);
#5956 = EDGE_CURVE('',#5895,#5957,#5959,.T.);
#5957 = VERTEX_POINT('',#5958);
#5958 = CARTESIAN_POINT('',(28.2,15.979274057836,33.5));
#5959 = LINE('',#5960,#5961);
#5960 = CARTESIAN_POINT('',(28.2,20.020725942164,33.5));
#5961 = VECTOR('',#5962,1.);
#5962 = DIRECTION('',(0.,-1.,1.098835820791E-16));
#5963 = ORIENTED_EDGE('',*,*,#5964,.F.);
#5964 = EDGE_CURVE('',#5965,#5957,#5967,.T.);
#5965 = VERTEX_POINT('',#5966);
#5966 = CARTESIAN_POINT('',(23.,15.979274057836,33.5));
#5967 = LINE('',#5968,#5969);
#5968 = CARTESIAN_POINT('',(23.,15.979274057836,33.5));
#5969 = VECTOR('',#5970,1.);
#5970 = DIRECTION('',(1.,0.,0.));
#5971 = ORIENTED_EDGE('',*,*,#5972,.F.);
#5972 = EDGE_CURVE('',#5903,#5965,#5973,.T.);
#5973 = LINE('',#5974,#5975);
#5974 = CARTESIAN_POINT('',(23.,20.020725942164,33.5));
#5975 = VECTOR('',#5976,1.);
#5976 = DIRECTION('',(0.,-1.,1.098835820791E-16));
#5977 = PLANE('',#5978);
#5978 = AXIS2_PLACEMENT_3D('',#5979,#5980,#5981);
#5979 = CARTESIAN_POINT('',(23.,20.020725942164,33.5));
#5980 = DIRECTION('',(0.,-1.098835820791E-16,-1.));
#5981 = DIRECTION('',(0.,-1.,1.098835820791E-16));
#5982 = ADVANCED_FACE('',(#5983,#6010),#6021,.F.);
#5983 = FACE_BOUND('',#5984,.F.);
#5984 = EDGE_LOOP('',(#5985,#5986,#5987,#5995,#6003,#6009));
#5985 = ORIENTED_EDGE('',*,*,#5910,.T.);
#5986 = ORIENTED_EDGE('',*,*,#5972,.T.);
#5987 = ORIENTED_EDGE('',*,*,#5988,.T.);
#5988 = EDGE_CURVE('',#5965,#5989,#5991,.T.);
#5989 = VERTEX_POINT('',#5990);
#5990 = CARTESIAN_POINT('',(23.,13.958548115673,30.));
#5991 = LINE('',#5992,#5993);
#5992 = CARTESIAN_POINT('',(23.,15.979274057836,33.5));
#5993 = VECTOR('',#5994,1.);
#5994 = DIRECTION('',(0.,-0.5,-0.866025403784));
#5995 = ORIENTED_EDGE('',*,*,#5996,.T.);
#5996 = EDGE_CURVE('',#5989,#5997,#5999,.T.);
#5997 = VERTEX_POINT('',#5998);
#5998 = CARTESIAN_POINT('',(23.,15.979274057836,26.5));
#5999 = LINE('',#6000,#6001);
#6000 = CARTESIAN_POINT('',(23.,13.958548115673,30.));
#6001 = VECTOR('',#6002,1.);
#6002 = DIRECTION('',(0.,0.5,-0.866025403784));
#6003 = ORIENTED_EDGE('',*,*,#6004,.T.);
#6004 = EDGE_CURVE('',#5997,#5925,#6005,.T.);
#6005 = LINE('',#6006,#6007);
#6006 = CARTESIAN_POINT('',(23.,15.979274057836,26.5));
#6007 = VECTOR('',#6008,1.);
#6008 = DIRECTION('',(0.,1.,-2.197671641581E-16));
#6009 = ORIENTED_EDGE('',*,*,#5941,.T.);
#6010 = FACE_BOUND('',#6011,.F.);
#6011 = EDGE_LOOP('',(#6012));
#6012 = ORIENTED_EDGE('',*,*,#6013,.F.);
#6013 = EDGE_CURVE('',#6014,#6014,#6016,.T.);
#6014 = VERTEX_POINT('',#6015);
#6015 = CARTESIAN_POINT('',(23.,19.65,30.));
#6016 = CIRCLE('',#6017,1.65);
#6017 = AXIS2_PLACEMENT_3D('',#6018,#6019,#6020);
#6018 = CARTESIAN_POINT('',(23.,18.,30.));
#6019 = DIRECTION('',(1.,0.,0.));
#6020 = DIRECTION('',(0.,1.,0.));
#6021 = PLANE('',#6022);
#6022 = AXIS2_PLACEMENT_3D('',#6023,#6024,#6025);
#6023 = CARTESIAN_POINT('',(23.,18.,30.));
#6024 = DIRECTION('',(1.,0.,0.));
#6025 = DIRECTION('',(0.,1.,0.));
#6026 = ADVANCED_FACE('',(#6027,#6054),#6065,.T.);
#6027 = FACE_BOUND('',#6028,.T.);
#6028 = EDGE_LOOP('',(#6029,#6030,#6031,#6039,#6047,#6053));
#6029 = ORIENTED_EDGE('',*,*,#5894,.T.);
#6030 = ORIENTED_EDGE('',*,*,#5956,.T.);
#6031 = ORIENTED_EDGE('',*,*,#6032,.T.);
#6032 = EDGE_CURVE('',#5957,#6033,#6035,.T.);
#6033 = VERTEX_POINT('',#6034);
#6034 = CARTESIAN_POINT('',(28.2,13.958548115673,30.));
#6035 = LINE('',#6036,#6037);
#6036 = CARTESIAN_POINT('',(28.2,15.979274057836,33.5));
#6037 = VECTOR('',#6038,1.);
#6038 = DIRECTION('',(0.,-0.5,-0.866025403784));
#6039 = ORIENTED_EDGE('',*,*,#6040,.T.);
#6040 = EDGE_CURVE('',#6033,#6041,#6043,.T.);
#6041 = VERTEX_POINT('',#6042);
#6042 = CARTESIAN_POINT('',(28.2,15.979274057836,26.5));
#6043 = LINE('',#6044,#6045);
#6044 = CARTESIAN_POINT('',(28.2,13.958548115673,30.));
#6045 = VECTOR('',#6046,1.);
#6046 = DIRECTION('',(0.,0.5,-0.866025403784));
#6047 = ORIENTED_EDGE('',*,*,#6048,.T.);
#6048 = EDGE_CURVE('',#6041,#5927,#6049,.T.);
#6049 = LINE('',#6050,#6051);
#6050 = CARTESIAN_POINT('',(28.2,15.979274057836,26.5));
#6051 = VECTOR('',#6052,1.);
#6052 = DIRECTION('',(0.,1.,-2.197671641581E-16));
#6053 = ORIENTED_EDGE('',*,*,#5934,.T.);
#6054 = FACE_BOUND('',#6055,.T.);
#6055 = EDGE_LOOP('',(#6056));
#6056 = ORIENTED_EDGE('',*,*,#6057,.F.);
#6057 = EDGE_CURVE('',#6058,#6058,#6060,.T.);
#6058 = VERTEX_POINT('',#6059);
#6059 = CARTESIAN_POINT('',(28.2,19.65,30.));
#6060 = CIRCLE('',#6061,1.65);
#6061 = AXIS2_PLACEMENT_3D('',#6062,#6063,#6064);
#6062 = CARTESIAN_POINT('',(28.2,18.,30.));
#6063 = DIRECTION('',(1.,0.,0.));
#6064 = DIRECTION('',(0.,1.,0.));
#6065 = PLANE('',#6066);
#6066 = AXIS2_PLACEMENT_3D('',#6067,#6068,#6069);
#6067 = CARTESIAN_POINT('',(28.2,18.,30.));
#6068 = DIRECTION('',(1.,0.,0.));
#6069 = DIRECTION('',(0.,1.,0.));
#6070 = ADVANCED_FACE('',(#6071),#6082,.F.);
#6071 = FACE_BOUND('',#6072,.F.);
#6072 = EDGE_LOOP('',(#6073,#6079,#6080,#6081));
#6073 = ORIENTED_EDGE('',*,*,#6074,.T.);
#6074 = EDGE_CURVE('',#5997,#6041,#6075,.T.);
#6075 = LINE('',#6076,#6077);
#6076 = CARTESIAN_POINT('',(23.,15.979274057836,26.5));
#6077 = VECTOR('',#6078,1.);
#6078 = DIRECTION('',(1.,0.,0.));
#6079 = ORIENTED_EDGE('',*,*,#6048,.T.);
#6080 = ORIENTED_EDGE('',*,*,#5924,.F.);
#6081 = ORIENTED_EDGE('',*,*,#6004,.F.);
#6082 = PLANE('',#6083);
#6083 = AXIS2_PLACEMENT_3D('',#6084,#6085,#6086);
#6084 = CARTESIAN_POINT('',(23.,15.979274057836,26.5));
#6085 = DIRECTION('',(0.,2.197671641581E-16,1.));
#6086 = DIRECTION('',(0.,1.,-2.197671641581E-16));
#6087 = ADVANCED_FACE('',(#6088),#6099,.F.);
#6088 = FACE_BOUND('',#6089,.F.);
#6089 = EDGE_LOOP('',(#6090,#6091,#6092,#6098));
#6090 = ORIENTED_EDGE('',*,*,#5964,.T.);
#6091 = ORIENTED_EDGE('',*,*,#6032,.T.);
#6092 = ORIENTED_EDGE('',*,*,#6093,.F.);
#6093 = EDGE_CURVE('',#5989,#6033,#6094,.T.);
#6094 = LINE('',#6095,#6096);
#6095 = CARTESIAN_POINT('',(23.,13.958548115673,30.));
#6096 = VECTOR('',#6097,1.);
#6097 = DIRECTION('',(1.,0.,0.));
#6098 = ORIENTED_EDGE('',*,*,#5988,.F.);
#6099 = PLANE('',#6100);
#6100 = AXIS2_PLACEMENT_3D('',#6101,#6102,#6103);
#6101 = CARTESIAN_POINT('',(23.,15.979274057836,33.5));
#6102 = DIRECTION('',(0.,0.866025403784,-0.5));
#6103 = DIRECTION('',(0.,-0.5,-0.866025403784));
#6104 = ADVANCED_FACE('',(#6105),#6111,.F.);
#6105 = FACE_BOUND('',#6106,.F.);
#6106 = EDGE_LOOP('',(#6107,#6108,#6109,#6110));
#6107 = ORIENTED_EDGE('',*,*,#6093,.T.);
#6108 = ORIENTED_EDGE('',*,*,#6040,.T.);
#6109 = ORIENTED_EDGE('',*,*,#6074,.F.);
#6110 = ORIENTED_EDGE('',*,*,#5996,.F.);
#6111 = PLANE('',#6112);
#6112 = AXIS2_PLACEMENT_3D('',#6113,#6114,#6115);
#6113 = CARTESIAN_POINT('',(23.,13.958548115673,30.));
#6114 = DIRECTION('',(0.,0.866025403784,0.5));
#6115 = DIRECTION('',(0.,0.5,-0.866025403784));
#6116 = ADVANCED_FACE('',(#6117),#6128,.F.);
#6117 = FACE_BOUND('',#6118,.F.);
#6118 = EDGE_LOOP('',(#6119,#6120,#6126,#6127));
#6119 = ORIENTED_EDGE('',*,*,#6057,.F.);
#6120 = ORIENTED_EDGE('',*,*,#6121,.F.);
#6121 = EDGE_CURVE('',#6014,#6058,#6122,.T.);
#6122 = LINE('',#6123,#6124);
#6123 = CARTESIAN_POINT('',(22.,19.65,30.));
#6124 = VECTOR('',#6125,1.);
#6125 = DIRECTION('',(1.,0.,0.));
#6126 = ORIENTED_EDGE('',*,*,#6013,.T.);
#6127 = ORIENTED_EDGE('',*,*,#6121,.T.);
#6128 = CYLINDRICAL_SURFACE('',#6129,1.65);
#6129 = AXIS2_PLACEMENT_3D('',#6130,#6131,#6132);
#6130 = CARTESIAN_POINT('',(22.,18.,30.));
#6131 = DIRECTION('',(1.,0.,0.));
#6132 = DIRECTION('',(0.,1.,0.));
#6133 = MANIFOLD_SOLID_BREP('',#6134);
#6134 = CLOSED_SHELL('',(#6135,#6168,#6177,#6197,#6222,#6281,#6312,#6336
    ,#6360,#6384,#6408,#6425));
#6135 = ADVANCED_FACE('',(#6136),#6163,.T.);
#6136 = FACE_BOUND('',#6137,.T.);
#6137 = EDGE_LOOP('',(#6138,#6147,#6155,#6162));
#6138 = ORIENTED_EDGE('',*,*,#6139,.F.);
#6139 = EDGE_CURVE('',#6140,#6140,#6142,.T.);
#6140 = VERTEX_POINT('',#6141);
#6141 = CARTESIAN_POINT('',(84.,-16.,30.));
#6142 = CIRCLE('',#6143,2.);
#6143 = AXIS2_PLACEMENT_3D('',#6144,#6145,#6146);
#6144 = CARTESIAN_POINT('',(84.,-18.,30.));
#6145 = DIRECTION('',(-1.,0.,0.));
#6146 = DIRECTION('',(0.,1.,0.));
#6147 = ORIENTED_EDGE('',*,*,#6148,.F.);
#6148 = EDGE_CURVE('',#6149,#6140,#6151,.T.);
#6149 = VERTEX_POINT('',#6150);
#6150 = CARTESIAN_POINT('',(104.,-16.,30.));
#6151 = LINE('',#6152,#6153);
#6152 = CARTESIAN_POINT('',(104.,-16.,30.));
#6153 = VECTOR('',#6154,1.);
#6154 = DIRECTION('',(-1.,0.,0.));
#6155 = ORIENTED_EDGE('',*,*,#6156,.T.);
#6156 = EDGE_CURVE('',#6149,#6149,#6157,.T.);
#6157 = CIRCLE('',#6158,2.);
#6158 = AXIS2_PLACEMENT_3D('',#6159,#6160,#6161);
#6159 = CARTESIAN_POINT('',(104.,-18.,30.));
#6160 = DIRECTION('',(-1.,0.,0.));
#6161 = DIRECTION('',(0.,1.,0.));
#6162 = ORIENTED_EDGE('',*,*,#6148,.T.);
#6163 = CYLINDRICAL_SURFACE('',#6164,2.);
#6164 = AXIS2_PLACEMENT_3D('',#6165,#6166,#6167);
#6165 = CARTESIAN_POINT('',(104.,-18.,30.));
#6166 = DIRECTION('',(-1.,0.,0.));
#6167 = DIRECTION('',(0.,1.,0.));
#6168 = ADVANCED_FACE('',(#6169),#6172,.T.);
#6169 = FACE_BOUND('',#6170,.T.);
#6170 = EDGE_LOOP('',(#6171));
#6171 = ORIENTED_EDGE('',*,*,#6139,.T.);
#6172 = PLANE('',#6173);
#6173 = AXIS2_PLACEMENT_3D('',#6174,#6175,#6176);
#6174 = CARTESIAN_POINT('',(84.,-18.,30.));
#6175 = DIRECTION('',(-1.,0.,0.));
#6176 = DIRECTION('',(0.,1.,0.));
#6177 = ADVANCED_FACE('',(#6178,#6189),#6192,.T.);
#6178 = FACE_BOUND('',#6179,.T.);
#6179 = EDGE_LOOP('',(#6180));
#6180 = ORIENTED_EDGE('',*,*,#6181,.T.);
#6181 = EDGE_CURVE('',#6182,#6182,#6184,.T.);
#6182 = VERTEX_POINT('',#6183);
#6183 = CARTESIAN_POINT('',(104.,-14.5,30.));
#6184 = CIRCLE('',#6185,3.5);
#6185 = AXIS2_PLACEMENT_3D('',#6186,#6187,#6188);
#6186 = CARTESIAN_POINT('',(104.,-18.,30.));
#6187 = DIRECTION('',(-1.,0.,0.));
#6188 = DIRECTION('',(0.,1.,0.));
#6189 = FACE_BOUND('',#6190,.T.);
#6190 = EDGE_LOOP('',(#6191));
#6191 = ORIENTED_EDGE('',*,*,#6156,.F.);
#6192 = PLANE('',#6193);
#6193 = AXIS2_PLACEMENT_3D('',#6194,#6195,#6196);
#6194 = CARTESIAN_POINT('',(104.,-18.,30.));
#6195 = DIRECTION('',(-1.,0.,0.));
#6196 = DIRECTION('',(0.,1.,0.));
#6197 = ADVANCED_FACE('',(#6198),#6217,.T.);
#6198 = FACE_BOUND('',#6199,.T.);
#6199 = EDGE_LOOP('',(#6200,#6201,#6209,#6216));
#6200 = ORIENTED_EDGE('',*,*,#6181,.F.);
#6201 = ORIENTED_EDGE('',*,*,#6202,.F.);
#6202 = EDGE_CURVE('',#6203,#6182,#6205,.T.);
#6203 = VERTEX_POINT('',#6204);
#6204 = CARTESIAN_POINT('',(108.,-14.5,30.));
#6205 = LINE('',#6206,#6207);
#6206 = CARTESIAN_POINT('',(108.,-14.5,30.));
#6207 = VECTOR('',#6208,1.);
#6208 = DIRECTION('',(-1.,0.,0.));
#6209 = ORIENTED_EDGE('',*,*,#6210,.T.);
#6210 = EDGE_CURVE('',#6203,#6203,#6211,.T.);
#6211 = CIRCLE('',#6212,3.5);
#6212 = AXIS2_PLACEMENT_3D('',#6213,#6214,#6215);
#6213 = CARTESIAN_POINT('',(108.,-18.,30.));
#6214 = DIRECTION('',(-1.,0.,0.));
#6215 = DIRECTION('',(0.,1.,0.));
#6216 = ORIENTED_EDGE('',*,*,#6202,.T.);
#6217 = CYLINDRICAL_SURFACE('',#6218,3.5);
#6218 = AXIS2_PLACEMENT_3D('',#6219,#6220,#6221);
#6219 = CARTESIAN_POINT('',(108.,-18.,30.));
#6220 = DIRECTION('',(-1.,0.,0.));
#6221 = DIRECTION('',(0.,1.,0.));
#6222 = ADVANCED_FACE('',(#6223,#6226),#6276,.F.);
#6223 = FACE_BOUND('',#6224,.F.);
#6224 = EDGE_LOOP('',(#6225));
#6225 = ORIENTED_EDGE('',*,*,#6210,.T.);
#6226 = FACE_BOUND('',#6227,.F.);
#6227 = EDGE_LOOP('',(#6228,#6238,#6246,#6254,#6262,#6270));
#6228 = ORIENTED_EDGE('',*,*,#6229,.T.);
#6229 = EDGE_CURVE('',#6230,#6232,#6234,.T.);
#6230 = VERTEX_POINT('',#6231);
#6231 = CARTESIAN_POINT('',(108.,-18.86602540378,28.5));
#6232 = VERTEX_POINT('',#6233);
#6233 = CARTESIAN_POINT('',(108.,-17.13397459621,28.5));
#6234 = LINE('',#6235,#6236);
#6235 = CARTESIAN_POINT('',(108.,-17.5669872981,28.5));
#6236 = VECTOR('',#6237,1.);
#6237 = DIRECTION('',(0.,1.,1.281975124256E-16));
#6238 = ORIENTED_EDGE('',*,*,#6239,.T.);
#6239 = EDGE_CURVE('',#6232,#6240,#6242,.T.);
#6240 = VERTEX_POINT('',#6241);
#6241 = CARTESIAN_POINT('',(108.,-16.26794919243,30.));
#6242 = LINE('',#6243,#6244);
#6243 = CARTESIAN_POINT('',(108.,-16.48445554337,29.625));
#6244 = VECTOR('',#6245,1.);
#6245 = DIRECTION('',(0.,0.5,0.866025403784));
#6246 = ORIENTED_EDGE('',*,*,#6247,.T.);
#6247 = EDGE_CURVE('',#6240,#6248,#6250,.T.);
#6248 = VERTEX_POINT('',#6249);
#6249 = CARTESIAN_POINT('',(108.,-17.13397459621,31.5));
#6250 = LINE('',#6251,#6252);
#6251 = CARTESIAN_POINT('',(108.,-16.91746824526,31.125));
#6252 = VECTOR('',#6253,1.);
#6253 = DIRECTION('',(-0.,-0.5,0.866025403784));
#6254 = ORIENTED_EDGE('',*,*,#6255,.T.);
#6255 = EDGE_CURVE('',#6248,#6256,#6258,.T.);
#6256 = VERTEX_POINT('',#6257);
#6257 = CARTESIAN_POINT('',(108.,-18.86602540378,31.5));
#6258 = LINE('',#6259,#6260);
#6259 = CARTESIAN_POINT('',(108.,-18.43301270189,31.5));
#6260 = VECTOR('',#6261,1.);
#6261 = DIRECTION('',(0.,-1.,-2.563950248511E-16));
#6262 = ORIENTED_EDGE('',*,*,#6263,.T.);
#6263 = EDGE_CURVE('',#6256,#6264,#6266,.T.);
#6264 = VERTEX_POINT('',#6265);
#6265 = CARTESIAN_POINT('',(108.,-19.73205080756,30.));
#6266 = LINE('',#6267,#6268);
#6267 = CARTESIAN_POINT('',(108.,-19.51554445662,30.375));
#6268 = VECTOR('',#6269,1.);
#6269 = DIRECTION('',(0.,-0.5,-0.866025403784));
#6270 = ORIENTED_EDGE('',*,*,#6271,.T.);
#6271 = EDGE_CURVE('',#6264,#6230,#6272,.T.);
#6272 = LINE('',#6273,#6274);
#6273 = CARTESIAN_POINT('',(108.,-19.08253175473,28.875));
#6274 = VECTOR('',#6275,1.);
#6275 = DIRECTION('',(0.,0.5,-0.866025403784));
#6276 = PLANE('',#6277);
#6277 = AXIS2_PLACEMENT_3D('',#6278,#6279,#6280);
#6278 = CARTESIAN_POINT('',(108.,-18.,30.));
#6279 = DIRECTION('',(-1.,0.,0.));
#6280 = DIRECTION('',(0.,1.,0.));
#6281 = ADVANCED_FACE('',(#6282),#6307,.T.);
#6282 = FACE_BOUND('',#6283,.T.);
#6283 = EDGE_LOOP('',(#6284,#6285,#6293,#6301));
#6284 = ORIENTED_EDGE('',*,*,#6229,.T.);
#6285 = ORIENTED_EDGE('',*,*,#6286,.T.);
#6286 = EDGE_CURVE('',#6232,#6287,#6289,.T.);
#6287 = VERTEX_POINT('',#6288);
#6288 = CARTESIAN_POINT('',(106.,-17.13397459621,28.5));
#6289 = LINE('',#6290,#6291);
#6290 = CARTESIAN_POINT('',(108.1,-17.13397459621,28.5));
#6291 = VECTOR('',#6292,1.);
#6292 = DIRECTION('',(-1.,0.,0.));
#6293 = ORIENTED_EDGE('',*,*,#6294,.T.);
#6294 = EDGE_CURVE('',#6287,#6295,#6297,.T.);
#6295 = VERTEX_POINT('',#6296);
#6296 = CARTESIAN_POINT('',(106.,-18.86602540378,28.5));
#6297 = LINE('',#6298,#6299);
#6298 = CARTESIAN_POINT('',(106.,-17.13397459621,28.5));
#6299 = VECTOR('',#6300,1.);
#6300 = DIRECTION('',(0.,-1.,-1.281975124256E-16));
#6301 = ORIENTED_EDGE('',*,*,#6302,.F.);
#6302 = EDGE_CURVE('',#6230,#6295,#6303,.T.);
#6303 = LINE('',#6304,#6305);
#6304 = CARTESIAN_POINT('',(108.1,-18.86602540378,28.5));
#6305 = VECTOR('',#6306,1.);
#6306 = DIRECTION('',(-1.,0.,0.));
#6307 = PLANE('',#6308);
#6308 = AXIS2_PLACEMENT_3D('',#6309,#6310,#6311);
#6309 = CARTESIAN_POINT('',(108.1,-17.13397459621,28.5));
#6310 = DIRECTION('',(-0.,-1.281975124256E-16,1.));
#6311 = DIRECTION('',(0.,-1.,-1.281975124256E-16));
#6312 = ADVANCED_FACE('',(#6313),#6331,.T.);
#6313 = FACE_BOUND('',#6314,.T.);
#6314 = EDGE_LOOP('',(#6315,#6316,#6317,#6325));
#6315 = ORIENTED_EDGE('',*,*,#6271,.T.);
#6316 = ORIENTED_EDGE('',*,*,#6302,.T.);
#6317 = ORIENTED_EDGE('',*,*,#6318,.T.);
#6318 = EDGE_CURVE('',#6295,#6319,#6321,.T.);
#6319 = VERTEX_POINT('',#6320);
#6320 = CARTESIAN_POINT('',(106.,-19.73205080756,30.));
#6321 = LINE('',#6322,#6323);
#6322 = CARTESIAN_POINT('',(106.,-18.86602540378,28.5));
#6323 = VECTOR('',#6324,1.);
#6324 = DIRECTION('',(-0.,-0.5,0.866025403784));
#6325 = ORIENTED_EDGE('',*,*,#6326,.F.);
#6326 = EDGE_CURVE('',#6264,#6319,#6327,.T.);
#6327 = LINE('',#6328,#6329);
#6328 = CARTESIAN_POINT('',(108.1,-19.73205080756,30.));
#6329 = VECTOR('',#6330,1.);
#6330 = DIRECTION('',(-1.,0.,0.));
#6331 = PLANE('',#6332);
#6332 = AXIS2_PLACEMENT_3D('',#6333,#6334,#6335);
#6333 = CARTESIAN_POINT('',(108.1,-18.86602540378,28.5));
#6334 = DIRECTION('',(0.,0.866025403784,0.5));
#6335 = DIRECTION('',(-0.,-0.5,0.866025403784));
#6336 = ADVANCED_FACE('',(#6337),#6355,.T.);
#6337 = FACE_BOUND('',#6338,.T.);
#6338 = EDGE_LOOP('',(#6339,#6340,#6341,#6349));
#6339 = ORIENTED_EDGE('',*,*,#6263,.T.);
#6340 = ORIENTED_EDGE('',*,*,#6326,.T.);
#6341 = ORIENTED_EDGE('',*,*,#6342,.T.);
#6342 = EDGE_CURVE('',#6319,#6343,#6345,.T.);
#6343 = VERTEX_POINT('',#6344);
#6344 = CARTESIAN_POINT('',(106.,-18.86602540378,31.5));
#6345 = LINE('',#6346,#6347);
#6346 = CARTESIAN_POINT('',(106.,-19.73205080756,30.));
#6347 = VECTOR('',#6348,1.);
#6348 = DIRECTION('',(0.,0.5,0.866025403784));
#6349 = ORIENTED_EDGE('',*,*,#6350,.F.);
#6350 = EDGE_CURVE('',#6256,#6343,#6351,.T.);
#6351 = LINE('',#6352,#6353);
#6352 = CARTESIAN_POINT('',(108.1,-18.86602540378,31.5));
#6353 = VECTOR('',#6354,1.);
#6354 = DIRECTION('',(-1.,0.,0.));
#6355 = PLANE('',#6356);
#6356 = AXIS2_PLACEMENT_3D('',#6357,#6358,#6359);
#6357 = CARTESIAN_POINT('',(108.1,-19.73205080756,30.));
#6358 = DIRECTION('',(0.,0.866025403784,-0.5));
#6359 = DIRECTION('',(0.,0.5,0.866025403784));
#6360 = ADVANCED_FACE('',(#6361),#6379,.T.);
#6361 = FACE_BOUND('',#6362,.T.);
#6362 = EDGE_LOOP('',(#6363,#6364,#6365,#6373));
#6363 = ORIENTED_EDGE('',*,*,#6255,.T.);
#6364 = ORIENTED_EDGE('',*,*,#6350,.T.);
#6365 = ORIENTED_EDGE('',*,*,#6366,.T.);
#6366 = EDGE_CURVE('',#6343,#6367,#6369,.T.);
#6367 = VERTEX_POINT('',#6368);
#6368 = CARTESIAN_POINT('',(106.,-17.13397459621,31.5));
#6369 = LINE('',#6370,#6371);
#6370 = CARTESIAN_POINT('',(106.,-18.86602540378,31.5));
#6371 = VECTOR('',#6372,1.);
#6372 = DIRECTION('',(0.,1.,2.563950248511E-16));
#6373 = ORIENTED_EDGE('',*,*,#6374,.F.);
#6374 = EDGE_CURVE('',#6248,#6367,#6375,.T.);
#6375 = LINE('',#6376,#6377);
#6376 = CARTESIAN_POINT('',(108.1,-17.13397459621,31.5));
#6377 = VECTOR('',#6378,1.);
#6378 = DIRECTION('',(-1.,0.,0.));
#6379 = PLANE('',#6380);
#6380 = AXIS2_PLACEMENT_3D('',#6381,#6382,#6383);
#6381 = CARTESIAN_POINT('',(108.1,-18.86602540378,31.5));
#6382 = DIRECTION('',(0.,2.563950248511E-16,-1.));
#6383 = DIRECTION('',(0.,1.,2.563950248511E-16));
#6384 = ADVANCED_FACE('',(#6385),#6403,.T.);
#6385 = FACE_BOUND('',#6386,.T.);
#6386 = EDGE_LOOP('',(#6387,#6388,#6389,#6397));
#6387 = ORIENTED_EDGE('',*,*,#6247,.T.);
#6388 = ORIENTED_EDGE('',*,*,#6374,.T.);
#6389 = ORIENTED_EDGE('',*,*,#6390,.T.);
#6390 = EDGE_CURVE('',#6367,#6391,#6393,.T.);
#6391 = VERTEX_POINT('',#6392);
#6392 = CARTESIAN_POINT('',(106.,-16.26794919243,30.));
#6393 = LINE('',#6394,#6395);
#6394 = CARTESIAN_POINT('',(106.,-17.13397459621,31.5));
#6395 = VECTOR('',#6396,1.);
#6396 = DIRECTION('',(0.,0.5,-0.866025403784));
#6397 = ORIENTED_EDGE('',*,*,#6398,.F.);
#6398 = EDGE_CURVE('',#6240,#6391,#6399,.T.);
#6399 = LINE('',#6400,#6401);
#6400 = CARTESIAN_POINT('',(108.1,-16.26794919243,30.));
#6401 = VECTOR('',#6402,1.);
#6402 = DIRECTION('',(-1.,0.,0.));
#6403 = PLANE('',#6404);
#6404 = AXIS2_PLACEMENT_3D('',#6405,#6406,#6407);
#6405 = CARTESIAN_POINT('',(108.1,-17.13397459621,31.5));
#6406 = DIRECTION('',(0.,-0.866025403784,-0.5));
#6407 = DIRECTION('',(0.,0.5,-0.866025403784));
#6408 = ADVANCED_FACE('',(#6409),#6420,.T.);
#6409 = FACE_BOUND('',#6410,.T.);
#6410 = EDGE_LOOP('',(#6411,#6412,#6413,#6419));
#6411 = ORIENTED_EDGE('',*,*,#6239,.T.);
#6412 = ORIENTED_EDGE('',*,*,#6398,.T.);
#6413 = ORIENTED_EDGE('',*,*,#6414,.T.);
#6414 = EDGE_CURVE('',#6391,#6287,#6415,.T.);
#6415 = LINE('',#6416,#6417);
#6416 = CARTESIAN_POINT('',(106.,-16.26794919243,30.));
#6417 = VECTOR('',#6418,1.);
#6418 = DIRECTION('',(0.,-0.5,-0.866025403784));
#6419 = ORIENTED_EDGE('',*,*,#6286,.F.);
#6420 = PLANE('',#6421);
#6421 = AXIS2_PLACEMENT_3D('',#6422,#6423,#6424);
#6422 = CARTESIAN_POINT('',(108.1,-16.26794919243,30.));
#6423 = DIRECTION('',(-0.,-0.866025403784,0.5));
#6424 = DIRECTION('',(0.,-0.5,-0.866025403784));
#6425 = ADVANCED_FACE('',(#6426),#6434,.F.);
#6426 = FACE_BOUND('',#6427,.F.);
#6427 = EDGE_LOOP('',(#6428,#6429,#6430,#6431,#6432,#6433));
#6428 = ORIENTED_EDGE('',*,*,#6414,.T.);
#6429 = ORIENTED_EDGE('',*,*,#6294,.T.);
#6430 = ORIENTED_EDGE('',*,*,#6318,.T.);
#6431 = ORIENTED_EDGE('',*,*,#6342,.T.);
#6432 = ORIENTED_EDGE('',*,*,#6366,.T.);
#6433 = ORIENTED_EDGE('',*,*,#6390,.T.);
#6434 = PLANE('',#6435);
#6435 = AXIS2_PLACEMENT_3D('',#6436,#6437,#6438);
#6436 = CARTESIAN_POINT('',(106.,-18.,30.));
#6437 = DIRECTION('',(-1.,0.,0.));
#6438 = DIRECTION('',(0.,1.,0.));
#6439 = MANIFOLD_SOLID_BREP('',#6440);
#6440 = CLOSED_SHELL('',(#6441,#6474,#6494,#6514));
#6441 = ADVANCED_FACE('',(#6442),#6469,.T.);
#6442 = FACE_BOUND('',#6443,.T.);
#6443 = EDGE_LOOP('',(#6444,#6453,#6461,#6468));
#6444 = ORIENTED_EDGE('',*,*,#6445,.F.);
#6445 = EDGE_CURVE('',#6446,#6446,#6448,.T.);
#6446 = VERTEX_POINT('',#6447);
#6447 = CARTESIAN_POINT('',(103.,-14.,30.));
#6448 = CIRCLE('',#6449,4.);
#6449 = AXIS2_PLACEMENT_3D('',#6450,#6451,#6452);
#6450 = CARTESIAN_POINT('',(103.,-18.,30.));
#6451 = DIRECTION('',(-1.,0.,0.));
#6452 = DIRECTION('',(0.,1.,0.));
#6453 = ORIENTED_EDGE('',*,*,#6454,.F.);
#6454 = EDGE_CURVE('',#6455,#6446,#6457,.T.);
#6455 = VERTEX_POINT('',#6456);
#6456 = CARTESIAN_POINT('',(104.,-14.,30.));
#6457 = LINE('',#6458,#6459);
#6458 = CARTESIAN_POINT('',(104.,-14.,30.));
#6459 = VECTOR('',#6460,1.);
#6460 = DIRECTION('',(-1.,0.,0.));
#6461 = ORIENTED_EDGE('',*,*,#6462,.T.);
#6462 = EDGE_CURVE('',#6455,#6455,#6463,.T.);
#6463 = CIRCLE('',#6464,4.);
#6464 = AXIS2_PLACEMENT_3D('',#6465,#6466,#6467);
#6465 = CARTESIAN_POINT('',(104.,-18.,30.));
#6466 = DIRECTION('',(-1.,0.,0.));
#6467 = DIRECTION('',(0.,1.,0.));
#6468 = ORIENTED_EDGE('',*,*,#6454,.T.);
#6469 = CYLINDRICAL_SURFACE('',#6470,4.);
#6470 = AXIS2_PLACEMENT_3D('',#6471,#6472,#6473);
#6471 = CARTESIAN_POINT('',(104.,-18.,30.));
#6472 = DIRECTION('',(-1.,0.,0.));
#6473 = DIRECTION('',(0.,1.,0.));
#6474 = ADVANCED_FACE('',(#6475,#6478),#6489,.T.);
#6475 = FACE_BOUND('',#6476,.T.);
#6476 = EDGE_LOOP('',(#6477));
#6477 = ORIENTED_EDGE('',*,*,#6445,.T.);
#6478 = FACE_BOUND('',#6479,.T.);
#6479 = EDGE_LOOP('',(#6480));
#6480 = ORIENTED_EDGE('',*,*,#6481,.F.);
#6481 = EDGE_CURVE('',#6482,#6482,#6484,.T.);
#6482 = VERTEX_POINT('',#6483);
#6483 = CARTESIAN_POINT('',(103.,-16.,30.));
#6484 = CIRCLE('',#6485,2.);
#6485 = AXIS2_PLACEMENT_3D('',#6486,#6487,#6488);
#6486 = CARTESIAN_POINT('',(103.,-18.,30.));
#6487 = DIRECTION('',(-1.,0.,0.));
#6488 = DIRECTION('',(0.,1.,0.));
#6489 = PLANE('',#6490);
#6490 = AXIS2_PLACEMENT_3D('',#6491,#6492,#6493);
#6491 = CARTESIAN_POINT('',(103.,-18.,30.));
#6492 = DIRECTION('',(-1.,0.,0.));
#6493 = DIRECTION('',(0.,1.,0.));
#6494 = ADVANCED_FACE('',(#6495,#6498),#6509,.F.);
#6495 = FACE_BOUND('',#6496,.F.);
#6496 = EDGE_LOOP('',(#6497));
#6497 = ORIENTED_EDGE('',*,*,#6462,.T.);
#6498 = FACE_BOUND('',#6499,.F.);
#6499 = EDGE_LOOP('',(#6500));
#6500 = ORIENTED_EDGE('',*,*,#6501,.F.);
#6501 = EDGE_CURVE('',#6502,#6502,#6504,.T.);
#6502 = VERTEX_POINT('',#6503);
#6503 = CARTESIAN_POINT('',(104.,-16.,30.));
#6504 = CIRCLE('',#6505,2.);
#6505 = AXIS2_PLACEMENT_3D('',#6506,#6507,#6508);
#6506 = CARTESIAN_POINT('',(104.,-18.,30.));
#6507 = DIRECTION('',(-1.,0.,0.));
#6508 = DIRECTION('',(0.,1.,0.));
#6509 = PLANE('',#6510);
#6510 = AXIS2_PLACEMENT_3D('',#6511,#6512,#6513);
#6511 = CARTESIAN_POINT('',(104.,-18.,30.));
#6512 = DIRECTION('',(-1.,0.,0.));
#6513 = DIRECTION('',(0.,1.,0.));
#6514 = ADVANCED_FACE('',(#6515),#6526,.F.);
#6515 = FACE_BOUND('',#6516,.F.);
#6516 = EDGE_LOOP('',(#6517,#6518,#6524,#6525));
#6517 = ORIENTED_EDGE('',*,*,#6481,.F.);
#6518 = ORIENTED_EDGE('',*,*,#6519,.F.);
#6519 = EDGE_CURVE('',#6502,#6482,#6520,.T.);
#6520 = LINE('',#6521,#6522);
#6521 = CARTESIAN_POINT('',(105.,-16.,30.));
#6522 = VECTOR('',#6523,1.);
#6523 = DIRECTION('',(-1.,0.,0.));
#6524 = ORIENTED_EDGE('',*,*,#6501,.T.);
#6525 = ORIENTED_EDGE('',*,*,#6519,.T.);
#6526 = CYLINDRICAL_SURFACE('',#6527,2.);
#6527 = AXIS2_PLACEMENT_3D('',#6528,#6529,#6530);
#6528 = CARTESIAN_POINT('',(105.,-18.,30.));
#6529 = DIRECTION('',(-1.,0.,0.));
#6530 = DIRECTION('',(0.,1.,0.));
#6531 = MANIFOLD_SOLID_BREP('',#6532);
#6532 = CLOSED_SHELL('',(#6533,#6566,#6586,#6606));
#6533 = ADVANCED_FACE('',(#6534),#6561,.T.);
#6534 = FACE_BOUND('',#6535,.T.);
#6535 = EDGE_LOOP('',(#6536,#6545,#6553,#6560));
#6536 = ORIENTED_EDGE('',*,*,#6537,.F.);
#6537 = EDGE_CURVE('',#6538,#6538,#6540,.T.);
#6538 = VERTEX_POINT('',#6539);
#6539 = CARTESIAN_POINT('',(90.,-14.,30.));
#6540 = CIRCLE('',#6541,4.);
#6541 = AXIS2_PLACEMENT_3D('',#6542,#6543,#6544);
#6542 = CARTESIAN_POINT('',(90.,-18.,30.));
#6543 = DIRECTION('',(-1.,0.,0.));
#6544 = DIRECTION('',(0.,1.,0.));
#6545 = ORIENTED_EDGE('',*,*,#6546,.F.);
#6546 = EDGE_CURVE('',#6547,#6538,#6549,.T.);
#6547 = VERTEX_POINT('',#6548);
#6548 = CARTESIAN_POINT('',(91.,-14.,30.));
#6549 = LINE('',#6550,#6551);
#6550 = CARTESIAN_POINT('',(91.,-14.,30.));
#6551 = VECTOR('',#6552,1.);
#6552 = DIRECTION('',(-1.,0.,0.));
#6553 = ORIENTED_EDGE('',*,*,#6554,.T.);
#6554 = EDGE_CURVE('',#6547,#6547,#6555,.T.);
#6555 = CIRCLE('',#6556,4.);
#6556 = AXIS2_PLACEMENT_3D('',#6557,#6558,#6559);
#6557 = CARTESIAN_POINT('',(91.,-18.,30.));
#6558 = DIRECTION('',(-1.,0.,0.));
#6559 = DIRECTION('',(0.,1.,0.));
#6560 = ORIENTED_EDGE('',*,*,#6546,.T.);
#6561 = CYLINDRICAL_SURFACE('',#6562,4.);
#6562 = AXIS2_PLACEMENT_3D('',#6563,#6564,#6565);
#6563 = CARTESIAN_POINT('',(91.,-18.,30.));
#6564 = DIRECTION('',(-1.,0.,0.));
#6565 = DIRECTION('',(0.,1.,0.));
#6566 = ADVANCED_FACE('',(#6567,#6570),#6581,.T.);
#6567 = FACE_BOUND('',#6568,.T.);
#6568 = EDGE_LOOP('',(#6569));
#6569 = ORIENTED_EDGE('',*,*,#6537,.T.);
#6570 = FACE_BOUND('',#6571,.T.);
#6571 = EDGE_LOOP('',(#6572));
#6572 = ORIENTED_EDGE('',*,*,#6573,.F.);
#6573 = EDGE_CURVE('',#6574,#6574,#6576,.T.);
#6574 = VERTEX_POINT('',#6575);
#6575 = CARTESIAN_POINT('',(90.,-16.,30.));
#6576 = CIRCLE('',#6577,2.);
#6577 = AXIS2_PLACEMENT_3D('',#6578,#6579,#6580);
#6578 = CARTESIAN_POINT('',(90.,-18.,30.));
#6579 = DIRECTION('',(-1.,0.,0.));
#6580 = DIRECTION('',(0.,1.,0.));
#6581 = PLANE('',#6582);
#6582 = AXIS2_PLACEMENT_3D('',#6583,#6584,#6585);
#6583 = CARTESIAN_POINT('',(90.,-18.,30.));
#6584 = DIRECTION('',(-1.,0.,0.));
#6585 = DIRECTION('',(0.,1.,0.));
#6586 = ADVANCED_FACE('',(#6587,#6590),#6601,.F.);
#6587 = FACE_BOUND('',#6588,.F.);
#6588 = EDGE_LOOP('',(#6589));
#6589 = ORIENTED_EDGE('',*,*,#6554,.T.);
#6590 = FACE_BOUND('',#6591,.F.);
#6591 = EDGE_LOOP('',(#6592));
#6592 = ORIENTED_EDGE('',*,*,#6593,.F.);
#6593 = EDGE_CURVE('',#6594,#6594,#6596,.T.);
#6594 = VERTEX_POINT('',#6595);
#6595 = CARTESIAN_POINT('',(91.,-16.,30.));
#6596 = CIRCLE('',#6597,2.);
#6597 = AXIS2_PLACEMENT_3D('',#6598,#6599,#6600);
#6598 = CARTESIAN_POINT('',(91.,-18.,30.));
#6599 = DIRECTION('',(-1.,0.,0.));
#6600 = DIRECTION('',(0.,1.,0.));
#6601 = PLANE('',#6602);
#6602 = AXIS2_PLACEMENT_3D('',#6603,#6604,#6605);
#6603 = CARTESIAN_POINT('',(91.,-18.,30.));
#6604 = DIRECTION('',(-1.,0.,0.));
#6605 = DIRECTION('',(0.,1.,0.));
#6606 = ADVANCED_FACE('',(#6607),#6618,.F.);
#6607 = FACE_BOUND('',#6608,.F.);
#6608 = EDGE_LOOP('',(#6609,#6610,#6616,#6617));
#6609 = ORIENTED_EDGE('',*,*,#6573,.F.);
#6610 = ORIENTED_EDGE('',*,*,#6611,.F.);
#6611 = EDGE_CURVE('',#6594,#6574,#6612,.T.);
#6612 = LINE('',#6613,#6614);
#6613 = CARTESIAN_POINT('',(92.,-16.,30.));
#6614 = VECTOR('',#6615,1.);
#6615 = DIRECTION('',(-1.,0.,0.));
#6616 = ORIENTED_EDGE('',*,*,#6593,.T.);
#6617 = ORIENTED_EDGE('',*,*,#6611,.T.);
#6618 = CYLINDRICAL_SURFACE('',#6619,2.);
#6619 = AXIS2_PLACEMENT_3D('',#6620,#6621,#6622);
#6620 = CARTESIAN_POINT('',(92.,-18.,30.));
#6621 = DIRECTION('',(-1.,0.,0.));
#6622 = DIRECTION('',(0.,1.,0.));
#6623 = MANIFOLD_SOLID_BREP('',#6624);
#6624 = CLOSED_SHELL('',(#6625,#6665,#6696,#6727,#6771,#6815,#6832,#6849
    ,#6861));
#6625 = ADVANCED_FACE('',(#6626),#6660,.F.);
#6626 = FACE_BOUND('',#6627,.F.);
#6627 = EDGE_LOOP('',(#6628,#6638,#6646,#6654));
#6628 = ORIENTED_EDGE('',*,*,#6629,.T.);
#6629 = EDGE_CURVE('',#6630,#6632,#6634,.T.);
#6630 = VERTEX_POINT('',#6631);
#6631 = CARTESIAN_POINT('',(90.,-13.95854811567,30.));
#6632 = VERTEX_POINT('',#6633);
#6633 = CARTESIAN_POINT('',(84.8,-13.95854811567,30.));
#6634 = LINE('',#6635,#6636);
#6635 = CARTESIAN_POINT('',(90.,-13.95854811567,30.));
#6636 = VECTOR('',#6637,1.);
#6637 = DIRECTION('',(-1.,0.,0.));
#6638 = ORIENTED_EDGE('',*,*,#6639,.T.);
#6639 = EDGE_CURVE('',#6632,#6640,#6642,.T.);
#6640 = VERTEX_POINT('',#6641);
#6641 = CARTESIAN_POINT('',(84.8,-15.97927405783,26.5));
#6642 = LINE('',#6643,#6644);
#6643 = CARTESIAN_POINT('',(84.8,-13.95854811567,30.));
#6644 = VECTOR('',#6645,1.);
#6645 = DIRECTION('',(0.,-0.5,-0.866025403784));
#6646 = ORIENTED_EDGE('',*,*,#6647,.F.);
#6647 = EDGE_CURVE('',#6648,#6640,#6650,.T.);
#6648 = VERTEX_POINT('',#6649);
#6649 = CARTESIAN_POINT('',(90.,-15.97927405783,26.5));
#6650 = LINE('',#6651,#6652);
#6651 = CARTESIAN_POINT('',(90.,-15.97927405783,26.5));
#6652 = VECTOR('',#6653,1.);
#6653 = DIRECTION('',(-1.,0.,0.));
#6654 = ORIENTED_EDGE('',*,*,#6655,.F.);
#6655 = EDGE_CURVE('',#6630,#6648,#6656,.T.);
#6656 = LINE('',#6657,#6658);
#6657 = CARTESIAN_POINT('',(90.,-13.95854811567,30.));
#6658 = VECTOR('',#6659,1.);
#6659 = DIRECTION('',(0.,-0.5,-0.866025403784));
#6660 = PLANE('',#6661);
#6661 = AXIS2_PLACEMENT_3D('',#6662,#6663,#6664);
#6662 = CARTESIAN_POINT('',(90.,-13.95854811567,30.));
#6663 = DIRECTION('',(-0.,-0.866025403784,0.5));
#6664 = DIRECTION('',(0.,-0.5,-0.866025403784));
#6665 = ADVANCED_FACE('',(#6666),#6691,.F.);
#6666 = FACE_BOUND('',#6667,.F.);
#6667 = EDGE_LOOP('',(#6668,#6678,#6684,#6685));
#6668 = ORIENTED_EDGE('',*,*,#6669,.T.);
#6669 = EDGE_CURVE('',#6670,#6672,#6674,.T.);
#6670 = VERTEX_POINT('',#6671);
#6671 = CARTESIAN_POINT('',(90.,-15.97927405783,33.5));
#6672 = VERTEX_POINT('',#6673);
#6673 = CARTESIAN_POINT('',(84.8,-15.97927405783,33.5));
#6674 = LINE('',#6675,#6676);
#6675 = CARTESIAN_POINT('',(90.,-15.97927405783,33.5));
#6676 = VECTOR('',#6677,1.);
#6677 = DIRECTION('',(-1.,0.,0.));
#6678 = ORIENTED_EDGE('',*,*,#6679,.T.);
#6679 = EDGE_CURVE('',#6672,#6632,#6680,.T.);
#6680 = LINE('',#6681,#6682);
#6681 = CARTESIAN_POINT('',(84.8,-15.97927405783,33.5));
#6682 = VECTOR('',#6683,1.);
#6683 = DIRECTION('',(0.,0.5,-0.866025403784));
#6684 = ORIENTED_EDGE('',*,*,#6629,.F.);
#6685 = ORIENTED_EDGE('',*,*,#6686,.F.);
#6686 = EDGE_CURVE('',#6670,#6630,#6687,.T.);
#6687 = LINE('',#6688,#6689);
#6688 = CARTESIAN_POINT('',(90.,-15.97927405783,33.5));
#6689 = VECTOR('',#6690,1.);
#6690 = DIRECTION('',(0.,0.5,-0.866025403784));
#6691 = PLANE('',#6692);
#6692 = AXIS2_PLACEMENT_3D('',#6693,#6694,#6695);
#6693 = CARTESIAN_POINT('',(90.,-15.97927405783,33.5));
#6694 = DIRECTION('',(0.,-0.866025403784,-0.5));
#6695 = DIRECTION('',(0.,0.5,-0.866025403784));
#6696 = ADVANCED_FACE('',(#6697),#6722,.F.);
#6697 = FACE_BOUND('',#6698,.F.);
#6698 = EDGE_LOOP('',(#6699,#6700,#6708,#6716));
#6699 = ORIENTED_EDGE('',*,*,#6647,.T.);
#6700 = ORIENTED_EDGE('',*,*,#6701,.T.);
#6701 = EDGE_CURVE('',#6640,#6702,#6704,.T.);
#6702 = VERTEX_POINT('',#6703);
#6703 = CARTESIAN_POINT('',(84.8,-20.02072594216,26.5));
#6704 = LINE('',#6705,#6706);
#6705 = CARTESIAN_POINT('',(84.8,-15.97927405783,26.5));
#6706 = VECTOR('',#6707,1.);
#6707 = DIRECTION('',(0.,-1.,-1.098835820791E-16));
#6708 = ORIENTED_EDGE('',*,*,#6709,.F.);
#6709 = EDGE_CURVE('',#6710,#6702,#6712,.T.);
#6710 = VERTEX_POINT('',#6711);
#6711 = CARTESIAN_POINT('',(90.,-20.02072594216,26.5));
#6712 = LINE('',#6713,#6714);
#6713 = CARTESIAN_POINT('',(90.,-20.02072594216,26.5));
#6714 = VECTOR('',#6715,1.);
#6715 = DIRECTION('',(-1.,0.,0.));
#6716 = ORIENTED_EDGE('',*,*,#6717,.F.);
#6717 = EDGE_CURVE('',#6648,#6710,#6718,.T.);
#6718 = LINE('',#6719,#6720);
#6719 = CARTESIAN_POINT('',(90.,-15.97927405783,26.5));
#6720 = VECTOR('',#6721,1.);
#6721 = DIRECTION('',(0.,-1.,-1.098835820791E-16));
#6722 = PLANE('',#6723);
#6723 = AXIS2_PLACEMENT_3D('',#6724,#6725,#6726);
#6724 = CARTESIAN_POINT('',(90.,-15.97927405783,26.5));
#6725 = DIRECTION('',(-0.,-1.098835820791E-16,1.));
#6726 = DIRECTION('',(0.,-1.,-1.098835820791E-16));
#6727 = ADVANCED_FACE('',(#6728,#6755),#6766,.F.);
#6728 = FACE_BOUND('',#6729,.F.);
#6729 = EDGE_LOOP('',(#6730,#6731,#6732,#6740,#6748,#6754));
#6730 = ORIENTED_EDGE('',*,*,#6655,.T.);
#6731 = ORIENTED_EDGE('',*,*,#6717,.T.);
#6732 = ORIENTED_EDGE('',*,*,#6733,.T.);
#6733 = EDGE_CURVE('',#6710,#6734,#6736,.T.);
#6734 = VERTEX_POINT('',#6735);
#6735 = CARTESIAN_POINT('',(90.,-22.04145188432,30.));
#6736 = LINE('',#6737,#6738);
#6737 = CARTESIAN_POINT('',(90.,-20.02072594216,26.5));
#6738 = VECTOR('',#6739,1.);
#6739 = DIRECTION('',(-0.,-0.5,0.866025403784));
#6740 = ORIENTED_EDGE('',*,*,#6741,.T.);
#6741 = EDGE_CURVE('',#6734,#6742,#6744,.T.);
#6742 = VERTEX_POINT('',#6743);
#6743 = CARTESIAN_POINT('',(90.,-20.02072594216,33.5));
#6744 = LINE('',#6745,#6746);
#6745 = CARTESIAN_POINT('',(90.,-22.04145188432,30.));
#6746 = VECTOR('',#6747,1.);
#6747 = DIRECTION('',(0.,0.5,0.866025403784));
#6748 = ORIENTED_EDGE('',*,*,#6749,.T.);
#6749 = EDGE_CURVE('',#6742,#6670,#6750,.T.);
#6750 = LINE('',#6751,#6752);
#6751 = CARTESIAN_POINT('',(90.,-20.02072594216,33.5));
#6752 = VECTOR('',#6753,1.);
#6753 = DIRECTION('',(0.,1.,2.197671641581E-16));
#6754 = ORIENTED_EDGE('',*,*,#6686,.T.);
#6755 = FACE_BOUND('',#6756,.F.);
#6756 = EDGE_LOOP('',(#6757));
#6757 = ORIENTED_EDGE('',*,*,#6758,.F.);
#6758 = EDGE_CURVE('',#6759,#6759,#6761,.T.);
#6759 = VERTEX_POINT('',#6760);
#6760 = CARTESIAN_POINT('',(90.,-16.35,30.));
#6761 = CIRCLE('',#6762,1.65);
#6762 = AXIS2_PLACEMENT_3D('',#6763,#6764,#6765);
#6763 = CARTESIAN_POINT('',(90.,-18.,30.));
#6764 = DIRECTION('',(-1.,0.,0.));
#6765 = DIRECTION('',(0.,1.,0.));
#6766 = PLANE('',#6767);
#6767 = AXIS2_PLACEMENT_3D('',#6768,#6769,#6770);
#6768 = CARTESIAN_POINT('',(90.,-18.,30.));
#6769 = DIRECTION('',(-1.,0.,0.));
#6770 = DIRECTION('',(0.,1.,0.));
#6771 = ADVANCED_FACE('',(#6772,#6799),#6810,.T.);
#6772 = FACE_BOUND('',#6773,.T.);
#6773 = EDGE_LOOP('',(#6774,#6775,#6776,#6784,#6792,#6798));
#6774 = ORIENTED_EDGE('',*,*,#6639,.T.);
#6775 = ORIENTED_EDGE('',*,*,#6701,.T.);
#6776 = ORIENTED_EDGE('',*,*,#6777,.T.);
#6777 = EDGE_CURVE('',#6702,#6778,#6780,.T.);
#6778 = VERTEX_POINT('',#6779);
#6779 = CARTESIAN_POINT('',(84.8,-22.04145188432,30.));
#6780 = LINE('',#6781,#6782);
#6781 = CARTESIAN_POINT('',(84.8,-20.02072594216,26.5));
#6782 = VECTOR('',#6783,1.);
#6783 = DIRECTION('',(-0.,-0.5,0.866025403784));
#6784 = ORIENTED_EDGE('',*,*,#6785,.T.);
#6785 = EDGE_CURVE('',#6778,#6786,#6788,.T.);
#6786 = VERTEX_POINT('',#6787);
#6787 = CARTESIAN_POINT('',(84.8,-20.02072594216,33.5));
#6788 = LINE('',#6789,#6790);
#6789 = CARTESIAN_POINT('',(84.8,-22.04145188432,30.));
#6790 = VECTOR('',#6791,1.);
#6791 = DIRECTION('',(0.,0.5,0.866025403784));
#6792 = ORIENTED_EDGE('',*,*,#6793,.T.);
#6793 = EDGE_CURVE('',#6786,#6672,#6794,.T.);
#6794 = LINE('',#6795,#6796);
#6795 = CARTESIAN_POINT('',(84.8,-20.02072594216,33.5));
#6796 = VECTOR('',#6797,1.);
#6797 = DIRECTION('',(0.,1.,2.197671641581E-16));
#6798 = ORIENTED_EDGE('',*,*,#6679,.T.);
#6799 = FACE_BOUND('',#6800,.T.);
#6800 = EDGE_LOOP('',(#6801));
#6801 = ORIENTED_EDGE('',*,*,#6802,.F.);
#6802 = EDGE_CURVE('',#6803,#6803,#6805,.T.);
#6803 = VERTEX_POINT('',#6804);
#6804 = CARTESIAN_POINT('',(84.8,-16.35,30.));
#6805 = CIRCLE('',#6806,1.65);
#6806 = AXIS2_PLACEMENT_3D('',#6807,#6808,#6809);
#6807 = CARTESIAN_POINT('',(84.8,-18.,30.));
#6808 = DIRECTION('',(-1.,0.,0.));
#6809 = DIRECTION('',(0.,1.,0.));
#6810 = PLANE('',#6811);
#6811 = AXIS2_PLACEMENT_3D('',#6812,#6813,#6814);
#6812 = CARTESIAN_POINT('',(84.8,-18.,30.));
#6813 = DIRECTION('',(-1.,0.,0.));
#6814 = DIRECTION('',(0.,1.,0.));
#6815 = ADVANCED_FACE('',(#6816),#6827,.F.);
#6816 = FACE_BOUND('',#6817,.F.);
#6817 = EDGE_LOOP('',(#6818,#6824,#6825,#6826));
#6818 = ORIENTED_EDGE('',*,*,#6819,.T.);
#6819 = EDGE_CURVE('',#6742,#6786,#6820,.T.);
#6820 = LINE('',#6821,#6822);
#6821 = CARTESIAN_POINT('',(90.,-20.02072594216,33.5));
#6822 = VECTOR('',#6823,1.);
#6823 = DIRECTION('',(-1.,0.,0.));
#6824 = ORIENTED_EDGE('',*,*,#6793,.T.);
#6825 = ORIENTED_EDGE('',*,*,#6669,.F.);
#6826 = ORIENTED_EDGE('',*,*,#6749,.F.);
#6827 = PLANE('',#6828);
#6828 = AXIS2_PLACEMENT_3D('',#6829,#6830,#6831);
#6829 = CARTESIAN_POINT('',(90.,-20.02072594216,33.5));
#6830 = DIRECTION('',(0.,2.197671641581E-16,-1.));
#6831 = DIRECTION('',(0.,1.,2.197671641581E-16));
#6832 = ADVANCED_FACE('',(#6833),#6844,.F.);
#6833 = FACE_BOUND('',#6834,.F.);
#6834 = EDGE_LOOP('',(#6835,#6836,#6837,#6843));
#6835 = ORIENTED_EDGE('',*,*,#6709,.T.);
#6836 = ORIENTED_EDGE('',*,*,#6777,.T.);
#6837 = ORIENTED_EDGE('',*,*,#6838,.F.);
#6838 = EDGE_CURVE('',#6734,#6778,#6839,.T.);
#6839 = LINE('',#6840,#6841);
#6840 = CARTESIAN_POINT('',(90.,-22.04145188432,30.));
#6841 = VECTOR('',#6842,1.);
#6842 = DIRECTION('',(-1.,0.,0.));
#6843 = ORIENTED_EDGE('',*,*,#6733,.F.);
#6844 = PLANE('',#6845);
#6845 = AXIS2_PLACEMENT_3D('',#6846,#6847,#6848);
#6846 = CARTESIAN_POINT('',(90.,-20.02072594216,26.5));
#6847 = DIRECTION('',(0.,0.866025403784,0.5));
#6848 = DIRECTION('',(-0.,-0.5,0.866025403784));
#6849 = ADVANCED_FACE('',(#6850),#6856,.F.);
#6850 = FACE_BOUND('',#6851,.F.);
#6851 = EDGE_LOOP('',(#6852,#6853,#6854,#6855));
#6852 = ORIENTED_EDGE('',*,*,#6838,.T.);
#6853 = ORIENTED_EDGE('',*,*,#6785,.T.);
#6854 = ORIENTED_EDGE('',*,*,#6819,.F.);
#6855 = ORIENTED_EDGE('',*,*,#6741,.F.);
#6856 = PLANE('',#6857);
#6857 = AXIS2_PLACEMENT_3D('',#6858,#6859,#6860);
#6858 = CARTESIAN_POINT('',(90.,-22.04145188432,30.));
#6859 = DIRECTION('',(0.,0.866025403784,-0.5));
#6860 = DIRECTION('',(0.,0.5,0.866025403784));
#6861 = ADVANCED_FACE('',(#6862),#6873,.F.);
#6862 = FACE_BOUND('',#6863,.F.);
#6863 = EDGE_LOOP('',(#6864,#6865,#6871,#6872));
#6864 = ORIENTED_EDGE('',*,*,#6802,.F.);
#6865 = ORIENTED_EDGE('',*,*,#6866,.F.);
#6866 = EDGE_CURVE('',#6759,#6803,#6867,.T.);
#6867 = LINE('',#6868,#6869);
#6868 = CARTESIAN_POINT('',(91.,-16.35,30.));
#6869 = VECTOR('',#6870,1.);
#6870 = DIRECTION('',(-1.,0.,0.));
#6871 = ORIENTED_EDGE('',*,*,#6758,.T.);
#6872 = ORIENTED_EDGE('',*,*,#6866,.T.);
#6873 = CYLINDRICAL_SURFACE('',#6874,1.65);
#6874 = AXIS2_PLACEMENT_3D('',#6875,#6876,#6877);
#6875 = CARTESIAN_POINT('',(91.,-18.,30.));
#6876 = DIRECTION('',(-1.,0.,0.));
#6877 = DIRECTION('',(0.,1.,0.));
#6878 = MANIFOLD_SOLID_BREP('',#6879);
#6879 = CLOSED_SHELL('',(#6880,#6913,#6922,#6942,#6967,#7026,#7057,#7081
    ,#7105,#7129,#7153,#7170));
#6880 = ADVANCED_FACE('',(#6881),#6908,.T.);
#6881 = FACE_BOUND('',#6882,.T.);
#6882 = EDGE_LOOP('',(#6883,#6892,#6900,#6907));
#6883 = ORIENTED_EDGE('',*,*,#6884,.F.);
#6884 = EDGE_CURVE('',#6885,#6885,#6887,.T.);
#6885 = VERTEX_POINT('',#6886);
#6886 = CARTESIAN_POINT('',(84.,20.,30.));
#6887 = CIRCLE('',#6888,2.);
#6888 = AXIS2_PLACEMENT_3D('',#6889,#6890,#6891);
#6889 = CARTESIAN_POINT('',(84.,18.,30.));
#6890 = DIRECTION('',(-1.,0.,0.));
#6891 = DIRECTION('',(0.,1.,0.));
#6892 = ORIENTED_EDGE('',*,*,#6893,.F.);
#6893 = EDGE_CURVE('',#6894,#6885,#6896,.T.);
#6894 = VERTEX_POINT('',#6895);
#6895 = CARTESIAN_POINT('',(104.,20.,30.));
#6896 = LINE('',#6897,#6898);
#6897 = CARTESIAN_POINT('',(104.,20.,30.));
#6898 = VECTOR('',#6899,1.);
#6899 = DIRECTION('',(-1.,0.,0.));
#6900 = ORIENTED_EDGE('',*,*,#6901,.T.);
#6901 = EDGE_CURVE('',#6894,#6894,#6902,.T.);
#6902 = CIRCLE('',#6903,2.);
#6903 = AXIS2_PLACEMENT_3D('',#6904,#6905,#6906);
#6904 = CARTESIAN_POINT('',(104.,18.,30.));
#6905 = DIRECTION('',(-1.,0.,0.));
#6906 = DIRECTION('',(0.,1.,0.));
#6907 = ORIENTED_EDGE('',*,*,#6893,.T.);
#6908 = CYLINDRICAL_SURFACE('',#6909,2.);
#6909 = AXIS2_PLACEMENT_3D('',#6910,#6911,#6912);
#6910 = CARTESIAN_POINT('',(104.,18.,30.));
#6911 = DIRECTION('',(-1.,0.,0.));
#6912 = DIRECTION('',(0.,1.,0.));
#6913 = ADVANCED_FACE('',(#6914),#6917,.T.);
#6914 = FACE_BOUND('',#6915,.T.);
#6915 = EDGE_LOOP('',(#6916));
#6916 = ORIENTED_EDGE('',*,*,#6884,.T.);
#6917 = PLANE('',#6918);
#6918 = AXIS2_PLACEMENT_3D('',#6919,#6920,#6921);
#6919 = CARTESIAN_POINT('',(84.,18.,30.));
#6920 = DIRECTION('',(-1.,0.,0.));
#6921 = DIRECTION('',(0.,1.,0.));
#6922 = ADVANCED_FACE('',(#6923,#6934),#6937,.T.);
#6923 = FACE_BOUND('',#6924,.T.);
#6924 = EDGE_LOOP('',(#6925));
#6925 = ORIENTED_EDGE('',*,*,#6926,.T.);
#6926 = EDGE_CURVE('',#6927,#6927,#6929,.T.);
#6927 = VERTEX_POINT('',#6928);
#6928 = CARTESIAN_POINT('',(104.,21.5,30.));
#6929 = CIRCLE('',#6930,3.5);
#6930 = AXIS2_PLACEMENT_3D('',#6931,#6932,#6933);
#6931 = CARTESIAN_POINT('',(104.,18.,30.));
#6932 = DIRECTION('',(-1.,0.,0.));
#6933 = DIRECTION('',(0.,1.,0.));
#6934 = FACE_BOUND('',#6935,.T.);
#6935 = EDGE_LOOP('',(#6936));
#6936 = ORIENTED_EDGE('',*,*,#6901,.F.);
#6937 = PLANE('',#6938);
#6938 = AXIS2_PLACEMENT_3D('',#6939,#6940,#6941);
#6939 = CARTESIAN_POINT('',(104.,18.,30.));
#6940 = DIRECTION('',(-1.,0.,0.));
#6941 = DIRECTION('',(0.,1.,0.));
#6942 = ADVANCED_FACE('',(#6943),#6962,.T.);
#6943 = FACE_BOUND('',#6944,.T.);
#6944 = EDGE_LOOP('',(#6945,#6946,#6954,#6961));
#6945 = ORIENTED_EDGE('',*,*,#6926,.F.);
#6946 = ORIENTED_EDGE('',*,*,#6947,.F.);
#6947 = EDGE_CURVE('',#6948,#6927,#6950,.T.);
#6948 = VERTEX_POINT('',#6949);
#6949 = CARTESIAN_POINT('',(108.,21.5,30.));
#6950 = LINE('',#6951,#6952);
#6951 = CARTESIAN_POINT('',(108.,21.5,30.));
#6952 = VECTOR('',#6953,1.);
#6953 = DIRECTION('',(-1.,0.,0.));
#6954 = ORIENTED_EDGE('',*,*,#6955,.T.);
#6955 = EDGE_CURVE('',#6948,#6948,#6956,.T.);
#6956 = CIRCLE('',#6957,3.5);
#6957 = AXIS2_PLACEMENT_3D('',#6958,#6959,#6960);
#6958 = CARTESIAN_POINT('',(108.,18.,30.));
#6959 = DIRECTION('',(-1.,0.,0.));
#6960 = DIRECTION('',(0.,1.,0.));
#6961 = ORIENTED_EDGE('',*,*,#6947,.T.);
#6962 = CYLINDRICAL_SURFACE('',#6963,3.5);
#6963 = AXIS2_PLACEMENT_3D('',#6964,#6965,#6966);
#6964 = CARTESIAN_POINT('',(108.,18.,30.));
#6965 = DIRECTION('',(-1.,0.,0.));
#6966 = DIRECTION('',(0.,1.,0.));
#6967 = ADVANCED_FACE('',(#6968,#6971),#7021,.F.);
#6968 = FACE_BOUND('',#6969,.F.);
#6969 = EDGE_LOOP('',(#6970));
#6970 = ORIENTED_EDGE('',*,*,#6955,.T.);
#6971 = FACE_BOUND('',#6972,.F.);
#6972 = EDGE_LOOP('',(#6973,#6983,#6991,#6999,#7007,#7015));
#6973 = ORIENTED_EDGE('',*,*,#6974,.T.);
#6974 = EDGE_CURVE('',#6975,#6977,#6979,.T.);
#6975 = VERTEX_POINT('',#6976);
#6976 = CARTESIAN_POINT('',(108.,17.133974596216,28.5));
#6977 = VERTEX_POINT('',#6978);
#6978 = CARTESIAN_POINT('',(108.,18.866025403784,28.5));
#6979 = LINE('',#6980,#6981);
#6980 = CARTESIAN_POINT('',(108.,18.433012701892,28.5));
#6981 = VECTOR('',#6982,1.);
#6982 = DIRECTION('',(0.,1.,1.281975124256E-16));
#6983 = ORIENTED_EDGE('',*,*,#6984,.T.);
#6984 = EDGE_CURVE('',#6977,#6985,#6987,.T.);
#6985 = VERTEX_POINT('',#6986);
#6986 = CARTESIAN_POINT('',(108.,19.732050807569,30.));
#6987 = LINE('',#6988,#6989);
#6988 = CARTESIAN_POINT('',(108.,19.515544456623,29.625));
#6989 = VECTOR('',#6990,1.);
#6990 = DIRECTION('',(0.,0.5,0.866025403784));
#6991 = ORIENTED_EDGE('',*,*,#6992,.T.);
#6992 = EDGE_CURVE('',#6985,#6993,#6995,.T.);
#6993 = VERTEX_POINT('',#6994);
#6994 = CARTESIAN_POINT('',(108.,18.866025403784,31.5));
#6995 = LINE('',#6996,#6997);
#6996 = CARTESIAN_POINT('',(108.,19.082531754731,31.125));
#6997 = VECTOR('',#6998,1.);
#6998 = DIRECTION('',(-0.,-0.5,0.866025403784));
#6999 = ORIENTED_EDGE('',*,*,#7000,.T.);
#7000 = EDGE_CURVE('',#6993,#7001,#7003,.T.);
#7001 = VERTEX_POINT('',#7002);
#7002 = CARTESIAN_POINT('',(108.,17.133974596216,31.5));
#7003 = LINE('',#7004,#7005);
#7004 = CARTESIAN_POINT('',(108.,17.566987298108,31.5));
#7005 = VECTOR('',#7006,1.);
#7006 = DIRECTION('',(0.,-1.,-2.563950248511E-16));
#7007 = ORIENTED_EDGE('',*,*,#7008,.T.);
#7008 = EDGE_CURVE('',#7001,#7009,#7011,.T.);
#7009 = VERTEX_POINT('',#7010);
#7010 = CARTESIAN_POINT('',(108.,16.267949192431,30.));
#7011 = LINE('',#7012,#7013);
#7012 = CARTESIAN_POINT('',(108.,16.484455543377,30.375));
#7013 = VECTOR('',#7014,1.);
#7014 = DIRECTION('',(0.,-0.5,-0.866025403784));
#7015 = ORIENTED_EDGE('',*,*,#7016,.T.);
#7016 = EDGE_CURVE('',#7009,#6975,#7017,.T.);
#7017 = LINE('',#7018,#7019);
#7018 = CARTESIAN_POINT('',(108.,16.917468245269,28.875));
#7019 = VECTOR('',#7020,1.);
#7020 = DIRECTION('',(0.,0.5,-0.866025403784));
#7021 = PLANE('',#7022);
#7022 = AXIS2_PLACEMENT_3D('',#7023,#7024,#7025);
#7023 = CARTESIAN_POINT('',(108.,18.,30.));
#7024 = DIRECTION('',(-1.,0.,0.));
#7025 = DIRECTION('',(0.,1.,0.));
#7026 = ADVANCED_FACE('',(#7027),#7052,.T.);
#7027 = FACE_BOUND('',#7028,.T.);
#7028 = EDGE_LOOP('',(#7029,#7030,#7038,#7046));
#7029 = ORIENTED_EDGE('',*,*,#6974,.T.);
#7030 = ORIENTED_EDGE('',*,*,#7031,.T.);
#7031 = EDGE_CURVE('',#6977,#7032,#7034,.T.);
#7032 = VERTEX_POINT('',#7033);
#7033 = CARTESIAN_POINT('',(106.,18.866025403784,28.5));
#7034 = LINE('',#7035,#7036);
#7035 = CARTESIAN_POINT('',(108.1,18.866025403784,28.5));
#7036 = VECTOR('',#7037,1.);
#7037 = DIRECTION('',(-1.,0.,0.));
#7038 = ORIENTED_EDGE('',*,*,#7039,.T.);
#7039 = EDGE_CURVE('',#7032,#7040,#7042,.T.);
#7040 = VERTEX_POINT('',#7041);
#7041 = CARTESIAN_POINT('',(106.,17.133974596216,28.5));
#7042 = LINE('',#7043,#7044);
#7043 = CARTESIAN_POINT('',(106.,18.866025403784,28.5));
#7044 = VECTOR('',#7045,1.);
#7045 = DIRECTION('',(0.,-1.,-1.281975124256E-16));
#7046 = ORIENTED_EDGE('',*,*,#7047,.F.);
#7047 = EDGE_CURVE('',#6975,#7040,#7048,.T.);
#7048 = LINE('',#7049,#7050);
#7049 = CARTESIAN_POINT('',(108.1,17.133974596216,28.5));
#7050 = VECTOR('',#7051,1.);
#7051 = DIRECTION('',(-1.,0.,0.));
#7052 = PLANE('',#7053);
#7053 = AXIS2_PLACEMENT_3D('',#7054,#7055,#7056);
#7054 = CARTESIAN_POINT('',(108.1,18.866025403784,28.5));
#7055 = DIRECTION('',(-0.,-1.281975124256E-16,1.));
#7056 = DIRECTION('',(0.,-1.,-1.281975124256E-16));
#7057 = ADVANCED_FACE('',(#7058),#7076,.T.);
#7058 = FACE_BOUND('',#7059,.T.);
#7059 = EDGE_LOOP('',(#7060,#7061,#7062,#7070));
#7060 = ORIENTED_EDGE('',*,*,#7016,.T.);
#7061 = ORIENTED_EDGE('',*,*,#7047,.T.);
#7062 = ORIENTED_EDGE('',*,*,#7063,.T.);
#7063 = EDGE_CURVE('',#7040,#7064,#7066,.T.);
#7064 = VERTEX_POINT('',#7065);
#7065 = CARTESIAN_POINT('',(106.,16.267949192431,30.));
#7066 = LINE('',#7067,#7068);
#7067 = CARTESIAN_POINT('',(106.,17.133974596216,28.5));
#7068 = VECTOR('',#7069,1.);
#7069 = DIRECTION('',(-0.,-0.5,0.866025403784));
#7070 = ORIENTED_EDGE('',*,*,#7071,.F.);
#7071 = EDGE_CURVE('',#7009,#7064,#7072,.T.);
#7072 = LINE('',#7073,#7074);
#7073 = CARTESIAN_POINT('',(108.1,16.267949192431,30.));
#7074 = VECTOR('',#7075,1.);
#7075 = DIRECTION('',(-1.,0.,0.));
#7076 = PLANE('',#7077);
#7077 = AXIS2_PLACEMENT_3D('',#7078,#7079,#7080);
#7078 = CARTESIAN_POINT('',(108.1,17.133974596216,28.5));
#7079 = DIRECTION('',(0.,0.866025403784,0.5));
#7080 = DIRECTION('',(-0.,-0.5,0.866025403784));
#7081 = ADVANCED_FACE('',(#7082),#7100,.T.);
#7082 = FACE_BOUND('',#7083,.T.);
#7083 = EDGE_LOOP('',(#7084,#7085,#7086,#7094));
#7084 = ORIENTED_EDGE('',*,*,#7008,.T.);
#7085 = ORIENTED_EDGE('',*,*,#7071,.T.);
#7086 = ORIENTED_EDGE('',*,*,#7087,.T.);
#7087 = EDGE_CURVE('',#7064,#7088,#7090,.T.);
#7088 = VERTEX_POINT('',#7089);
#7089 = CARTESIAN_POINT('',(106.,17.133974596216,31.5));
#7090 = LINE('',#7091,#7092);
#7091 = CARTESIAN_POINT('',(106.,16.267949192431,30.));
#7092 = VECTOR('',#7093,1.);
#7093 = DIRECTION('',(0.,0.5,0.866025403784));
#7094 = ORIENTED_EDGE('',*,*,#7095,.F.);
#7095 = EDGE_CURVE('',#7001,#7088,#7096,.T.);
#7096 = LINE('',#7097,#7098);
#7097 = CARTESIAN_POINT('',(108.1,17.133974596216,31.5));
#7098 = VECTOR('',#7099,1.);
#7099 = DIRECTION('',(-1.,0.,0.));
#7100 = PLANE('',#7101);
#7101 = AXIS2_PLACEMENT_3D('',#7102,#7103,#7104);
#7102 = CARTESIAN_POINT('',(108.1,16.267949192431,30.));
#7103 = DIRECTION('',(0.,0.866025403784,-0.5));
#7104 = DIRECTION('',(0.,0.5,0.866025403784));
#7105 = ADVANCED_FACE('',(#7106),#7124,.T.);
#7106 = FACE_BOUND('',#7107,.T.);
#7107 = EDGE_LOOP('',(#7108,#7109,#7110,#7118));
#7108 = ORIENTED_EDGE('',*,*,#7000,.T.);
#7109 = ORIENTED_EDGE('',*,*,#7095,.T.);
#7110 = ORIENTED_EDGE('',*,*,#7111,.T.);
#7111 = EDGE_CURVE('',#7088,#7112,#7114,.T.);
#7112 = VERTEX_POINT('',#7113);
#7113 = CARTESIAN_POINT('',(106.,18.866025403784,31.5));
#7114 = LINE('',#7115,#7116);
#7115 = CARTESIAN_POINT('',(106.,17.133974596216,31.5));
#7116 = VECTOR('',#7117,1.);
#7117 = DIRECTION('',(0.,1.,2.563950248511E-16));
#7118 = ORIENTED_EDGE('',*,*,#7119,.F.);
#7119 = EDGE_CURVE('',#6993,#7112,#7120,.T.);
#7120 = LINE('',#7121,#7122);
#7121 = CARTESIAN_POINT('',(108.1,18.866025403784,31.5));
#7122 = VECTOR('',#7123,1.);
#7123 = DIRECTION('',(-1.,0.,0.));
#7124 = PLANE('',#7125);
#7125 = AXIS2_PLACEMENT_3D('',#7126,#7127,#7128);
#7126 = CARTESIAN_POINT('',(108.1,17.133974596216,31.5));
#7127 = DIRECTION('',(0.,2.563950248511E-16,-1.));
#7128 = DIRECTION('',(0.,1.,2.563950248511E-16));
#7129 = ADVANCED_FACE('',(#7130),#7148,.T.);
#7130 = FACE_BOUND('',#7131,.T.);
#7131 = EDGE_LOOP('',(#7132,#7133,#7134,#7142));
#7132 = ORIENTED_EDGE('',*,*,#6992,.T.);
#7133 = ORIENTED_EDGE('',*,*,#7119,.T.);
#7134 = ORIENTED_EDGE('',*,*,#7135,.T.);
#7135 = EDGE_CURVE('',#7112,#7136,#7138,.T.);
#7136 = VERTEX_POINT('',#7137);
#7137 = CARTESIAN_POINT('',(106.,19.732050807569,30.));
#7138 = LINE('',#7139,#7140);
#7139 = CARTESIAN_POINT('',(106.,18.866025403784,31.5));
#7140 = VECTOR('',#7141,1.);
#7141 = DIRECTION('',(0.,0.5,-0.866025403784));
#7142 = ORIENTED_EDGE('',*,*,#7143,.F.);
#7143 = EDGE_CURVE('',#6985,#7136,#7144,.T.);
#7144 = LINE('',#7145,#7146);
#7145 = CARTESIAN_POINT('',(108.1,19.732050807569,30.));
#7146 = VECTOR('',#7147,1.);
#7147 = DIRECTION('',(-1.,0.,0.));
#7148 = PLANE('',#7149);
#7149 = AXIS2_PLACEMENT_3D('',#7150,#7151,#7152);
#7150 = CARTESIAN_POINT('',(108.1,18.866025403784,31.5));
#7151 = DIRECTION('',(0.,-0.866025403784,-0.5));
#7152 = DIRECTION('',(0.,0.5,-0.866025403784));
#7153 = ADVANCED_FACE('',(#7154),#7165,.T.);
#7154 = FACE_BOUND('',#7155,.T.);
#7155 = EDGE_LOOP('',(#7156,#7157,#7158,#7164));
#7156 = ORIENTED_EDGE('',*,*,#6984,.T.);
#7157 = ORIENTED_EDGE('',*,*,#7143,.T.);
#7158 = ORIENTED_EDGE('',*,*,#7159,.T.);
#7159 = EDGE_CURVE('',#7136,#7032,#7160,.T.);
#7160 = LINE('',#7161,#7162);
#7161 = CARTESIAN_POINT('',(106.,19.732050807569,30.));
#7162 = VECTOR('',#7163,1.);
#7163 = DIRECTION('',(0.,-0.5,-0.866025403784));
#7164 = ORIENTED_EDGE('',*,*,#7031,.F.);
#7165 = PLANE('',#7166);
#7166 = AXIS2_PLACEMENT_3D('',#7167,#7168,#7169);
#7167 = CARTESIAN_POINT('',(108.1,19.732050807569,30.));
#7168 = DIRECTION('',(-0.,-0.866025403784,0.5));
#7169 = DIRECTION('',(0.,-0.5,-0.866025403784));
#7170 = ADVANCED_FACE('',(#7171),#7179,.F.);
#7171 = FACE_BOUND('',#7172,.F.);
#7172 = EDGE_LOOP('',(#7173,#7174,#7175,#7176,#7177,#7178));
#7173 = ORIENTED_EDGE('',*,*,#7159,.T.);
#7174 = ORIENTED_EDGE('',*,*,#7039,.T.);
#7175 = ORIENTED_EDGE('',*,*,#7063,.T.);
#7176 = ORIENTED_EDGE('',*,*,#7087,.T.);
#7177 = ORIENTED_EDGE('',*,*,#7111,.T.);
#7178 = ORIENTED_EDGE('',*,*,#7135,.T.);
#7179 = PLANE('',#7180);
#7180 = AXIS2_PLACEMENT_3D('',#7181,#7182,#7183);
#7181 = CARTESIAN_POINT('',(106.,18.,30.));
#7182 = DIRECTION('',(-1.,0.,0.));
#7183 = DIRECTION('',(0.,1.,0.));
#7184 = MANIFOLD_SOLID_BREP('',#7185);
#7185 = CLOSED_SHELL('',(#7186,#7219,#7239,#7259));
#7186 = ADVANCED_FACE('',(#7187),#7214,.T.);
#7187 = FACE_BOUND('',#7188,.T.);
#7188 = EDGE_LOOP('',(#7189,#7198,#7206,#7213));
#7189 = ORIENTED_EDGE('',*,*,#7190,.F.);
#7190 = EDGE_CURVE('',#7191,#7191,#7193,.T.);
#7191 = VERTEX_POINT('',#7192);
#7192 = CARTESIAN_POINT('',(103.,22.,30.));
#7193 = CIRCLE('',#7194,4.);
#7194 = AXIS2_PLACEMENT_3D('',#7195,#7196,#7197);
#7195 = CARTESIAN_POINT('',(103.,18.,30.));
#7196 = DIRECTION('',(-1.,0.,0.));
#7197 = DIRECTION('',(0.,1.,0.));
#7198 = ORIENTED_EDGE('',*,*,#7199,.F.);
#7199 = EDGE_CURVE('',#7200,#7191,#7202,.T.);
#7200 = VERTEX_POINT('',#7201);
#7201 = CARTESIAN_POINT('',(104.,22.,30.));
#7202 = LINE('',#7203,#7204);
#7203 = CARTESIAN_POINT('',(104.,22.,30.));
#7204 = VECTOR('',#7205,1.);
#7205 = DIRECTION('',(-1.,0.,0.));
#7206 = ORIENTED_EDGE('',*,*,#7207,.T.);
#7207 = EDGE_CURVE('',#7200,#7200,#7208,.T.);
#7208 = CIRCLE('',#7209,4.);
#7209 = AXIS2_PLACEMENT_3D('',#7210,#7211,#7212);
#7210 = CARTESIAN_POINT('',(104.,18.,30.));
#7211 = DIRECTION('',(-1.,0.,0.));
#7212 = DIRECTION('',(0.,1.,0.));
#7213 = ORIENTED_EDGE('',*,*,#7199,.T.);
#7214 = CYLINDRICAL_SURFACE('',#7215,4.);
#7215 = AXIS2_PLACEMENT_3D('',#7216,#7217,#7218);
#7216 = CARTESIAN_POINT('',(104.,18.,30.));
#7217 = DIRECTION('',(-1.,0.,0.));
#7218 = DIRECTION('',(0.,1.,0.));
#7219 = ADVANCED_FACE('',(#7220,#7223),#7234,.T.);
#7220 = FACE_BOUND('',#7221,.T.);
#7221 = EDGE_LOOP('',(#7222));
#7222 = ORIENTED_EDGE('',*,*,#7190,.T.);
#7223 = FACE_BOUND('',#7224,.T.);
#7224 = EDGE_LOOP('',(#7225));
#7225 = ORIENTED_EDGE('',*,*,#7226,.F.);
#7226 = EDGE_CURVE('',#7227,#7227,#7229,.T.);
#7227 = VERTEX_POINT('',#7228);
#7228 = CARTESIAN_POINT('',(103.,20.,30.));
#7229 = CIRCLE('',#7230,2.);
#7230 = AXIS2_PLACEMENT_3D('',#7231,#7232,#7233);
#7231 = CARTESIAN_POINT('',(103.,18.,30.));
#7232 = DIRECTION('',(-1.,0.,0.));
#7233 = DIRECTION('',(0.,1.,0.));
#7234 = PLANE('',#7235);
#7235 = AXIS2_PLACEMENT_3D('',#7236,#7237,#7238);
#7236 = CARTESIAN_POINT('',(103.,18.,30.));
#7237 = DIRECTION('',(-1.,0.,0.));
#7238 = DIRECTION('',(0.,1.,0.));
#7239 = ADVANCED_FACE('',(#7240,#7243),#7254,.F.);
#7240 = FACE_BOUND('',#7241,.F.);
#7241 = EDGE_LOOP('',(#7242));
#7242 = ORIENTED_EDGE('',*,*,#7207,.T.);
#7243 = FACE_BOUND('',#7244,.F.);
#7244 = EDGE_LOOP('',(#7245));
#7245 = ORIENTED_EDGE('',*,*,#7246,.F.);
#7246 = EDGE_CURVE('',#7247,#7247,#7249,.T.);
#7247 = VERTEX_POINT('',#7248);
#7248 = CARTESIAN_POINT('',(104.,20.,30.));
#7249 = CIRCLE('',#7250,2.);
#7250 = AXIS2_PLACEMENT_3D('',#7251,#7252,#7253);
#7251 = CARTESIAN_POINT('',(104.,18.,30.));
#7252 = DIRECTION('',(-1.,0.,0.));
#7253 = DIRECTION('',(0.,1.,0.));
#7254 = PLANE('',#7255);
#7255 = AXIS2_PLACEMENT_3D('',#7256,#7257,#7258);
#7256 = CARTESIAN_POINT('',(104.,18.,30.));
#7257 = DIRECTION('',(-1.,0.,0.));
#7258 = DIRECTION('',(0.,1.,0.));
#7259 = ADVANCED_FACE('',(#7260),#7271,.F.);
#7260 = FACE_BOUND('',#7261,.F.);
#7261 = EDGE_LOOP('',(#7262,#7263,#7269,#7270));
#7262 = ORIENTED_EDGE('',*,*,#7226,.F.);
#7263 = ORIENTED_EDGE('',*,*,#7264,.F.);
#7264 = EDGE_CURVE('',#7247,#7227,#7265,.T.);
#7265 = LINE('',#7266,#7267);
#7266 = CARTESIAN_POINT('',(105.,20.,30.));
#7267 = VECTOR('',#7268,1.);
#7268 = DIRECTION('',(-1.,0.,0.));
#7269 = ORIENTED_EDGE('',*,*,#7246,.T.);
#7270 = ORIENTED_EDGE('',*,*,#7264,.T.);
#7271 = CYLINDRICAL_SURFACE('',#7272,2.);
#7272 = AXIS2_PLACEMENT_3D('',#7273,#7274,#7275);
#7273 = CARTESIAN_POINT('',(105.,18.,30.));
#7274 = DIRECTION('',(-1.,0.,0.));
#7275 = DIRECTION('',(0.,1.,0.));
#7276 = MANIFOLD_SOLID_BREP('',#7277);
#7277 = CLOSED_SHELL('',(#7278,#7311,#7331,#7351));
#7278 = ADVANCED_FACE('',(#7279),#7306,.T.);
#7279 = FACE_BOUND('',#7280,.T.);
#7280 = EDGE_LOOP('',(#7281,#7290,#7298,#7305));
#7281 = ORIENTED_EDGE('',*,*,#7282,.F.);
#7282 = EDGE_CURVE('',#7283,#7283,#7285,.T.);
#7283 = VERTEX_POINT('',#7284);
#7284 = CARTESIAN_POINT('',(90.,22.,30.));
#7285 = CIRCLE('',#7286,4.);
#7286 = AXIS2_PLACEMENT_3D('',#7287,#7288,#7289);
#7287 = CARTESIAN_POINT('',(90.,18.,30.));
#7288 = DIRECTION('',(-1.,0.,0.));
#7289 = DIRECTION('',(0.,1.,0.));
#7290 = ORIENTED_EDGE('',*,*,#7291,.F.);
#7291 = EDGE_CURVE('',#7292,#7283,#7294,.T.);
#7292 = VERTEX_POINT('',#7293);
#7293 = CARTESIAN_POINT('',(91.,22.,30.));
#7294 = LINE('',#7295,#7296);
#7295 = CARTESIAN_POINT('',(91.,22.,30.));
#7296 = VECTOR('',#7297,1.);
#7297 = DIRECTION('',(-1.,0.,0.));
#7298 = ORIENTED_EDGE('',*,*,#7299,.T.);
#7299 = EDGE_CURVE('',#7292,#7292,#7300,.T.);
#7300 = CIRCLE('',#7301,4.);
#7301 = AXIS2_PLACEMENT_3D('',#7302,#7303,#7304);
#7302 = CARTESIAN_POINT('',(91.,18.,30.));
#7303 = DIRECTION('',(-1.,0.,0.));
#7304 = DIRECTION('',(0.,1.,0.));
#7305 = ORIENTED_EDGE('',*,*,#7291,.T.);
#7306 = CYLINDRICAL_SURFACE('',#7307,4.);
#7307 = AXIS2_PLACEMENT_3D('',#7308,#7309,#7310);
#7308 = CARTESIAN_POINT('',(91.,18.,30.));
#7309 = DIRECTION('',(-1.,0.,0.));
#7310 = DIRECTION('',(0.,1.,0.));
#7311 = ADVANCED_FACE('',(#7312,#7315),#7326,.T.);
#7312 = FACE_BOUND('',#7313,.T.);
#7313 = EDGE_LOOP('',(#7314));
#7314 = ORIENTED_EDGE('',*,*,#7282,.T.);
#7315 = FACE_BOUND('',#7316,.T.);
#7316 = EDGE_LOOP('',(#7317));
#7317 = ORIENTED_EDGE('',*,*,#7318,.F.);
#7318 = EDGE_CURVE('',#7319,#7319,#7321,.T.);
#7319 = VERTEX_POINT('',#7320);
#7320 = CARTESIAN_POINT('',(90.,20.,30.));
#7321 = CIRCLE('',#7322,2.);
#7322 = AXIS2_PLACEMENT_3D('',#7323,#7324,#7325);
#7323 = CARTESIAN_POINT('',(90.,18.,30.));
#7324 = DIRECTION('',(-1.,0.,0.));
#7325 = DIRECTION('',(0.,1.,0.));
#7326 = PLANE('',#7327);
#7327 = AXIS2_PLACEMENT_3D('',#7328,#7329,#7330);
#7328 = CARTESIAN_POINT('',(90.,18.,30.));
#7329 = DIRECTION('',(-1.,0.,0.));
#7330 = DIRECTION('',(0.,1.,0.));
#7331 = ADVANCED_FACE('',(#7332,#7335),#7346,.F.);
#7332 = FACE_BOUND('',#7333,.F.);
#7333 = EDGE_LOOP('',(#7334));
#7334 = ORIENTED_EDGE('',*,*,#7299,.T.);
#7335 = FACE_BOUND('',#7336,.F.);
#7336 = EDGE_LOOP('',(#7337));
#7337 = ORIENTED_EDGE('',*,*,#7338,.F.);
#7338 = EDGE_CURVE('',#7339,#7339,#7341,.T.);
#7339 = VERTEX_POINT('',#7340);
#7340 = CARTESIAN_POINT('',(91.,20.,30.));
#7341 = CIRCLE('',#7342,2.);
#7342 = AXIS2_PLACEMENT_3D('',#7343,#7344,#7345);
#7343 = CARTESIAN_POINT('',(91.,18.,30.));
#7344 = DIRECTION('',(-1.,0.,0.));
#7345 = DIRECTION('',(0.,1.,0.));
#7346 = PLANE('',#7347);
#7347 = AXIS2_PLACEMENT_3D('',#7348,#7349,#7350);
#7348 = CARTESIAN_POINT('',(91.,18.,30.));
#7349 = DIRECTION('',(-1.,0.,0.));
#7350 = DIRECTION('',(0.,1.,0.));
#7351 = ADVANCED_FACE('',(#7352),#7363,.F.);
#7352 = FACE_BOUND('',#7353,.F.);
#7353 = EDGE_LOOP('',(#7354,#7355,#7361,#7362));
#7354 = ORIENTED_EDGE('',*,*,#7318,.F.);
#7355 = ORIENTED_EDGE('',*,*,#7356,.F.);
#7356 = EDGE_CURVE('',#7339,#7319,#7357,.T.);
#7357 = LINE('',#7358,#7359);
#7358 = CARTESIAN_POINT('',(92.,20.,30.));
#7359 = VECTOR('',#7360,1.);
#7360 = DIRECTION('',(-1.,0.,0.));
#7361 = ORIENTED_EDGE('',*,*,#7338,.T.);
#7362 = ORIENTED_EDGE('',*,*,#7356,.T.);
#7363 = CYLINDRICAL_SURFACE('',#7364,2.);
#7364 = AXIS2_PLACEMENT_3D('',#7365,#7366,#7367);
#7365 = CARTESIAN_POINT('',(92.,18.,30.));
#7366 = DIRECTION('',(-1.,0.,0.));
#7367 = DIRECTION('',(0.,1.,0.));
#7368 = MANIFOLD_SOLID_BREP('',#7369);
#7369 = CLOSED_SHELL('',(#7370,#7410,#7441,#7472,#7516,#7560,#7577,#7594
    ,#7606));
#7370 = ADVANCED_FACE('',(#7371),#7405,.F.);
#7371 = FACE_BOUND('',#7372,.F.);
#7372 = EDGE_LOOP('',(#7373,#7383,#7391,#7399));
#7373 = ORIENTED_EDGE('',*,*,#7374,.T.);
#7374 = EDGE_CURVE('',#7375,#7377,#7379,.T.);
#7375 = VERTEX_POINT('',#7376);
#7376 = CARTESIAN_POINT('',(90.,22.041451884327,30.));
#7377 = VERTEX_POINT('',#7378);
#7378 = CARTESIAN_POINT('',(84.8,22.041451884327,30.));
#7379 = LINE('',#7380,#7381);
#7380 = CARTESIAN_POINT('',(90.,22.041451884327,30.));
#7381 = VECTOR('',#7382,1.);
#7382 = DIRECTION('',(-1.,0.,0.));
#7383 = ORIENTED_EDGE('',*,*,#7384,.T.);
#7384 = EDGE_CURVE('',#7377,#7385,#7387,.T.);
#7385 = VERTEX_POINT('',#7386);
#7386 = CARTESIAN_POINT('',(84.8,20.020725942164,26.5));
#7387 = LINE('',#7388,#7389);
#7388 = CARTESIAN_POINT('',(84.8,22.041451884327,30.));
#7389 = VECTOR('',#7390,1.);
#7390 = DIRECTION('',(0.,-0.5,-0.866025403784));
#7391 = ORIENTED_EDGE('',*,*,#7392,.F.);
#7392 = EDGE_CURVE('',#7393,#7385,#7395,.T.);
#7393 = VERTEX_POINT('',#7394);
#7394 = CARTESIAN_POINT('',(90.,20.020725942164,26.5));
#7395 = LINE('',#7396,#7397);
#7396 = CARTESIAN_POINT('',(90.,20.020725942164,26.5));
#7397 = VECTOR('',#7398,1.);
#7398 = DIRECTION('',(-1.,0.,0.));
#7399 = ORIENTED_EDGE('',*,*,#7400,.F.);
#7400 = EDGE_CURVE('',#7375,#7393,#7401,.T.);
#7401 = LINE('',#7402,#7403);
#7402 = CARTESIAN_POINT('',(90.,22.041451884327,30.));
#7403 = VECTOR('',#7404,1.);
#7404 = DIRECTION('',(0.,-0.5,-0.866025403784));
#7405 = PLANE('',#7406);
#7406 = AXIS2_PLACEMENT_3D('',#7407,#7408,#7409);
#7407 = CARTESIAN_POINT('',(90.,22.041451884327,30.));
#7408 = DIRECTION('',(-0.,-0.866025403784,0.5));
#7409 = DIRECTION('',(0.,-0.5,-0.866025403784));
#7410 = ADVANCED_FACE('',(#7411),#7436,.F.);
#7411 = FACE_BOUND('',#7412,.F.);
#7412 = EDGE_LOOP('',(#7413,#7423,#7429,#7430));
#7413 = ORIENTED_EDGE('',*,*,#7414,.T.);
#7414 = EDGE_CURVE('',#7415,#7417,#7419,.T.);
#7415 = VERTEX_POINT('',#7416);
#7416 = CARTESIAN_POINT('',(90.,20.020725942164,33.5));
#7417 = VERTEX_POINT('',#7418);
#7418 = CARTESIAN_POINT('',(84.8,20.020725942164,33.5));
#7419 = LINE('',#7420,#7421);
#7420 = CARTESIAN_POINT('',(90.,20.020725942164,33.5));
#7421 = VECTOR('',#7422,1.);
#7422 = DIRECTION('',(-1.,0.,0.));
#7423 = ORIENTED_EDGE('',*,*,#7424,.T.);
#7424 = EDGE_CURVE('',#7417,#7377,#7425,.T.);
#7425 = LINE('',#7426,#7427);
#7426 = CARTESIAN_POINT('',(84.8,20.020725942164,33.5));
#7427 = VECTOR('',#7428,1.);
#7428 = DIRECTION('',(0.,0.5,-0.866025403784));
#7429 = ORIENTED_EDGE('',*,*,#7374,.F.);
#7430 = ORIENTED_EDGE('',*,*,#7431,.F.);
#7431 = EDGE_CURVE('',#7415,#7375,#7432,.T.);
#7432 = LINE('',#7433,#7434);
#7433 = CARTESIAN_POINT('',(90.,20.020725942164,33.5));
#7434 = VECTOR('',#7435,1.);
#7435 = DIRECTION('',(0.,0.5,-0.866025403784));
#7436 = PLANE('',#7437);
#7437 = AXIS2_PLACEMENT_3D('',#7438,#7439,#7440);
#7438 = CARTESIAN_POINT('',(90.,20.020725942164,33.5));
#7439 = DIRECTION('',(0.,-0.866025403784,-0.5));
#7440 = DIRECTION('',(0.,0.5,-0.866025403784));
#7441 = ADVANCED_FACE('',(#7442),#7467,.F.);
#7442 = FACE_BOUND('',#7443,.F.);
#7443 = EDGE_LOOP('',(#7444,#7445,#7453,#7461));
#7444 = ORIENTED_EDGE('',*,*,#7392,.T.);
#7445 = ORIENTED_EDGE('',*,*,#7446,.T.);
#7446 = EDGE_CURVE('',#7385,#7447,#7449,.T.);
#7447 = VERTEX_POINT('',#7448);
#7448 = CARTESIAN_POINT('',(84.8,15.979274057836,26.5));
#7449 = LINE('',#7450,#7451);
#7450 = CARTESIAN_POINT('',(84.8,20.020725942164,26.5));
#7451 = VECTOR('',#7452,1.);
#7452 = DIRECTION('',(0.,-1.,-1.098835820791E-16));
#7453 = ORIENTED_EDGE('',*,*,#7454,.F.);
#7454 = EDGE_CURVE('',#7455,#7447,#7457,.T.);
#7455 = VERTEX_POINT('',#7456);
#7456 = CARTESIAN_POINT('',(90.,15.979274057836,26.5));
#7457 = LINE('',#7458,#7459);
#7458 = CARTESIAN_POINT('',(90.,15.979274057836,26.5));
#7459 = VECTOR('',#7460,1.);
#7460 = DIRECTION('',(-1.,0.,0.));
#7461 = ORIENTED_EDGE('',*,*,#7462,.F.);
#7462 = EDGE_CURVE('',#7393,#7455,#7463,.T.);
#7463 = LINE('',#7464,#7465);
#7464 = CARTESIAN_POINT('',(90.,20.020725942164,26.5));
#7465 = VECTOR('',#7466,1.);
#7466 = DIRECTION('',(0.,-1.,-1.098835820791E-16));
#7467 = PLANE('',#7468);
#7468 = AXIS2_PLACEMENT_3D('',#7469,#7470,#7471);
#7469 = CARTESIAN_POINT('',(90.,20.020725942164,26.5));
#7470 = DIRECTION('',(-0.,-1.098835820791E-16,1.));
#7471 = DIRECTION('',(0.,-1.,-1.098835820791E-16));
#7472 = ADVANCED_FACE('',(#7473,#7500),#7511,.F.);
#7473 = FACE_BOUND('',#7474,.F.);
#7474 = EDGE_LOOP('',(#7475,#7476,#7477,#7485,#7493,#7499));
#7475 = ORIENTED_EDGE('',*,*,#7400,.T.);
#7476 = ORIENTED_EDGE('',*,*,#7462,.T.);
#7477 = ORIENTED_EDGE('',*,*,#7478,.T.);
#7478 = EDGE_CURVE('',#7455,#7479,#7481,.T.);
#7479 = VERTEX_POINT('',#7480);
#7480 = CARTESIAN_POINT('',(90.,13.958548115673,30.));
#7481 = LINE('',#7482,#7483);
#7482 = CARTESIAN_POINT('',(90.,15.979274057836,26.5));
#7483 = VECTOR('',#7484,1.);
#7484 = DIRECTION('',(-0.,-0.5,0.866025403784));
#7485 = ORIENTED_EDGE('',*,*,#7486,.T.);
#7486 = EDGE_CURVE('',#7479,#7487,#7489,.T.);
#7487 = VERTEX_POINT('',#7488);
#7488 = CARTESIAN_POINT('',(90.,15.979274057836,33.5));
#7489 = LINE('',#7490,#7491);
#7490 = CARTESIAN_POINT('',(90.,13.958548115673,30.));
#7491 = VECTOR('',#7492,1.);
#7492 = DIRECTION('',(0.,0.5,0.866025403784));
#7493 = ORIENTED_EDGE('',*,*,#7494,.T.);
#7494 = EDGE_CURVE('',#7487,#7415,#7495,.T.);
#7495 = LINE('',#7496,#7497);
#7496 = CARTESIAN_POINT('',(90.,15.979274057836,33.5));
#7497 = VECTOR('',#7498,1.);
#7498 = DIRECTION('',(0.,1.,2.197671641581E-16));
#7499 = ORIENTED_EDGE('',*,*,#7431,.T.);
#7500 = FACE_BOUND('',#7501,.F.);
#7501 = EDGE_LOOP('',(#7502));
#7502 = ORIENTED_EDGE('',*,*,#7503,.F.);
#7503 = EDGE_CURVE('',#7504,#7504,#7506,.T.);
#7504 = VERTEX_POINT('',#7505);
#7505 = CARTESIAN_POINT('',(90.,19.65,30.));
#7506 = CIRCLE('',#7507,1.65);
#7507 = AXIS2_PLACEMENT_3D('',#7508,#7509,#7510);
#7508 = CARTESIAN_POINT('',(90.,18.,30.));
#7509 = DIRECTION('',(-1.,0.,0.));
#7510 = DIRECTION('',(0.,1.,0.));
#7511 = PLANE('',#7512);
#7512 = AXIS2_PLACEMENT_3D('',#7513,#7514,#7515);
#7513 = CARTESIAN_POINT('',(90.,18.,30.));
#7514 = DIRECTION('',(-1.,0.,0.));
#7515 = DIRECTION('',(0.,1.,0.));
#7516 = ADVANCED_FACE('',(#7517,#7544),#7555,.T.);
#7517 = FACE_BOUND('',#7518,.T.);
#7518 = EDGE_LOOP('',(#7519,#7520,#7521,#7529,#7537,#7543));
#7519 = ORIENTED_EDGE('',*,*,#7384,.T.);
#7520 = ORIENTED_EDGE('',*,*,#7446,.T.);
#7521 = ORIENTED_EDGE('',*,*,#7522,.T.);
#7522 = EDGE_CURVE('',#7447,#7523,#7525,.T.);
#7523 = VERTEX_POINT('',#7524);
#7524 = CARTESIAN_POINT('',(84.8,13.958548115673,30.));
#7525 = LINE('',#7526,#7527);
#7526 = CARTESIAN_POINT('',(84.8,15.979274057836,26.5));
#7527 = VECTOR('',#7528,1.);
#7528 = DIRECTION('',(-0.,-0.5,0.866025403784));
#7529 = ORIENTED_EDGE('',*,*,#7530,.T.);
#7530 = EDGE_CURVE('',#7523,#7531,#7533,.T.);
#7531 = VERTEX_POINT('',#7532);
#7532 = CARTESIAN_POINT('',(84.8,15.979274057836,33.5));
#7533 = LINE('',#7534,#7535);
#7534 = CARTESIAN_POINT('',(84.8,13.958548115673,30.));
#7535 = VECTOR('',#7536,1.);
#7536 = DIRECTION('',(0.,0.5,0.866025403784));
#7537 = ORIENTED_EDGE('',*,*,#7538,.T.);
#7538 = EDGE_CURVE('',#7531,#7417,#7539,.T.);
#7539 = LINE('',#7540,#7541);
#7540 = CARTESIAN_POINT('',(84.8,15.979274057836,33.5));
#7541 = VECTOR('',#7542,1.);
#7542 = DIRECTION('',(0.,1.,2.197671641581E-16));
#7543 = ORIENTED_EDGE('',*,*,#7424,.T.);
#7544 = FACE_BOUND('',#7545,.T.);
#7545 = EDGE_LOOP('',(#7546));
#7546 = ORIENTED_EDGE('',*,*,#7547,.F.);
#7547 = EDGE_CURVE('',#7548,#7548,#7550,.T.);
#7548 = VERTEX_POINT('',#7549);
#7549 = CARTESIAN_POINT('',(84.8,19.65,30.));
#7550 = CIRCLE('',#7551,1.65);
#7551 = AXIS2_PLACEMENT_3D('',#7552,#7553,#7554);
#7552 = CARTESIAN_POINT('',(84.8,18.,30.));
#7553 = DIRECTION('',(-1.,0.,0.));
#7554 = DIRECTION('',(0.,1.,0.));
#7555 = PLANE('',#7556);
#7556 = AXIS2_PLACEMENT_3D('',#7557,#7558,#7559);
#7557 = CARTESIAN_POINT('',(84.8,18.,30.));
#7558 = DIRECTION('',(-1.,0.,0.));
#7559 = DIRECTION('',(0.,1.,0.));
#7560 = ADVANCED_FACE('',(#7561),#7572,.F.);
#7561 = FACE_BOUND('',#7562,.F.);
#7562 = EDGE_LOOP('',(#7563,#7569,#7570,#7571));
#7563 = ORIENTED_EDGE('',*,*,#7564,.T.);
#7564 = EDGE_CURVE('',#7487,#7531,#7565,.T.);
#7565 = LINE('',#7566,#7567);
#7566 = CARTESIAN_POINT('',(90.,15.979274057836,33.5));
#7567 = VECTOR('',#7568,1.);
#7568 = DIRECTION('',(-1.,0.,0.));
#7569 = ORIENTED_EDGE('',*,*,#7538,.T.);
#7570 = ORIENTED_EDGE('',*,*,#7414,.F.);
#7571 = ORIENTED_EDGE('',*,*,#7494,.F.);
#7572 = PLANE('',#7573);
#7573 = AXIS2_PLACEMENT_3D('',#7574,#7575,#7576);
#7574 = CARTESIAN_POINT('',(90.,15.979274057836,33.5));
#7575 = DIRECTION('',(0.,2.197671641581E-16,-1.));
#7576 = DIRECTION('',(0.,1.,2.197671641581E-16));
#7577 = ADVANCED_FACE('',(#7578),#7589,.F.);
#7578 = FACE_BOUND('',#7579,.F.);
#7579 = EDGE_LOOP('',(#7580,#7581,#7582,#7588));
#7580 = ORIENTED_EDGE('',*,*,#7454,.T.);
#7581 = ORIENTED_EDGE('',*,*,#7522,.T.);
#7582 = ORIENTED_EDGE('',*,*,#7583,.F.);
#7583 = EDGE_CURVE('',#7479,#7523,#7584,.T.);
#7584 = LINE('',#7585,#7586);
#7585 = CARTESIAN_POINT('',(90.,13.958548115673,30.));
#7586 = VECTOR('',#7587,1.);
#7587 = DIRECTION('',(-1.,0.,0.));
#7588 = ORIENTED_EDGE('',*,*,#7478,.F.);
#7589 = PLANE('',#7590);
#7590 = AXIS2_PLACEMENT_3D('',#7591,#7592,#7593);
#7591 = CARTESIAN_POINT('',(90.,15.979274057836,26.5));
#7592 = DIRECTION('',(0.,0.866025403784,0.5));
#7593 = DIRECTION('',(-0.,-0.5,0.866025403784));
#7594 = ADVANCED_FACE('',(#7595),#7601,.F.);
#7595 = FACE_BOUND('',#7596,.F.);
#7596 = EDGE_LOOP('',(#7597,#7598,#7599,#7600));
#7597 = ORIENTED_EDGE('',*,*,#7583,.T.);
#7598 = ORIENTED_EDGE('',*,*,#7530,.T.);
#7599 = ORIENTED_EDGE('',*,*,#7564,.F.);
#7600 = ORIENTED_EDGE('',*,*,#7486,.F.);
#7601 = PLANE('',#7602);
#7602 = AXIS2_PLACEMENT_3D('',#7603,#7604,#7605);
#7603 = CARTESIAN_POINT('',(90.,13.958548115673,30.));
#7604 = DIRECTION('',(0.,0.866025403784,-0.5));
#7605 = DIRECTION('',(0.,0.5,0.866025403784));
#7606 = ADVANCED_FACE('',(#7607),#7618,.F.);
#7607 = FACE_BOUND('',#7608,.F.);
#7608 = EDGE_LOOP('',(#7609,#7610,#7616,#7617));
#7609 = ORIENTED_EDGE('',*,*,#7547,.F.);
#7610 = ORIENTED_EDGE('',*,*,#7611,.F.);
#7611 = EDGE_CURVE('',#7504,#7548,#7612,.T.);
#7612 = LINE('',#7613,#7614);
#7613 = CARTESIAN_POINT('',(91.,19.65,30.));
#7614 = VECTOR('',#7615,1.);
#7615 = DIRECTION('',(-1.,0.,0.));
#7616 = ORIENTED_EDGE('',*,*,#7503,.T.);
#7617 = ORIENTED_EDGE('',*,*,#7611,.T.);
#7618 = CYLINDRICAL_SURFACE('',#7619,1.65);
#7619 = AXIS2_PLACEMENT_3D('',#7620,#7621,#7622);
#7620 = CARTESIAN_POINT('',(91.,18.,30.));
#7621 = DIRECTION('',(-1.,0.,0.));
#7622 = DIRECTION('',(0.,1.,0.));
#7623 = MANIFOLD_SOLID_BREP('',#7624);
#7624 = CLOSED_SHELL('',(#7625,#7667,#7700,#7734,#7759,#7785,#7802));
#7625 = ADVANCED_FACE('',(#7626),#7662,.T.);
#7626 = FACE_BOUND('',#7627,.T.);
#7627 = EDGE_LOOP('',(#7628,#7638,#7647,#7655));
#7628 = ORIENTED_EDGE('',*,*,#7629,.T.);
#7629 = EDGE_CURVE('',#7630,#7632,#7634,.T.);
#7630 = VERTEX_POINT('',#7631);
#7631 = CARTESIAN_POINT('',(7.383475387942E-33,2.12132034356,
    27.87867965644));
#7632 = VERTEX_POINT('',#7633);
#7633 = CARTESIAN_POINT('',(120.,2.12132034356,27.87867965644));
#7634 = LINE('',#7635,#7636);
#7635 = CARTESIAN_POINT('',(7.383475387942E-33,2.12132034356,
    27.87867965644));
#7636 = VECTOR('',#7637,1.);
#7637 = DIRECTION('',(1.,7.105321467889E-18,7.105321467889E-18));
#7638 = ORIENTED_EDGE('',*,*,#7639,.F.);
#7639 = EDGE_CURVE('',#7640,#7632,#7642,.T.);
#7640 = VERTEX_POINT('',#7641);
#7641 = CARTESIAN_POINT('',(120.,-2.12132034356,27.87867965644));
#7642 = CIRCLE('',#7643,3.);
#7643 = AXIS2_PLACEMENT_3D('',#7644,#7645,#7646);
#7644 = CARTESIAN_POINT('',(120.,8.526385761467E-16,30.));
#7645 = DIRECTION('',(1.,7.105321467889E-18,7.105321467889E-18));
#7646 = DIRECTION('',(0.,0.707106781187,-0.707106781187));
#7647 = ORIENTED_EDGE('',*,*,#7648,.F.);
#7648 = EDGE_CURVE('',#7649,#7640,#7651,.T.);
#7649 = VERTEX_POINT('',#7650);
#7650 = CARTESIAN_POINT('',(3.014532595473E-17,-2.12132034356,
    27.87867965644));
#7651 = LINE('',#7652,#7653);
#7652 = CARTESIAN_POINT('',(3.014532595473E-17,-2.12132034356,
    27.87867965644));
#7653 = VECTOR('',#7654,1.);
#7654 = DIRECTION('',(1.,7.105321467889E-18,7.105321467889E-18));
#7655 = ORIENTED_EDGE('',*,*,#7656,.T.);
#7656 = EDGE_CURVE('',#7649,#7630,#7657,.T.);
#7657 = CIRCLE('',#7658,3.);
#7658 = AXIS2_PLACEMENT_3D('',#7659,#7660,#7661);
#7659 = CARTESIAN_POINT('',(0.,0.,30.));
#7660 = DIRECTION('',(1.,7.105321467889E-18,7.105321467889E-18));
#7661 = DIRECTION('',(0.,0.707106781187,-0.707106781187));
#7662 = CYLINDRICAL_SURFACE('',#7663,3.);
#7663 = AXIS2_PLACEMENT_3D('',#7664,#7665,#7666);
#7664 = CARTESIAN_POINT('',(0.,0.,30.));
#7665 = DIRECTION('',(1.,7.105321467889E-18,7.105321467889E-18));
#7666 = DIRECTION('',(0.,0.707106781187,-0.707106781187));
#7667 = ADVANCED_FACE('',(#7668),#7695,.T.);
#7668 = FACE_BOUND('',#7669,.T.);
#7669 = EDGE_LOOP('',(#7670,#7679,#7680,#7689));
#7670 = ORIENTED_EDGE('',*,*,#7671,.F.);
#7671 = EDGE_CURVE('',#7632,#7672,#7674,.T.);
#7672 = VERTEX_POINT('',#7673);
#7673 = CARTESIAN_POINT('',(120.,2.940370892922,30.595163013011));
#7674 = CIRCLE('',#7675,3.);
#7675 = AXIS2_PLACEMENT_3D('',#7676,#7677,#7678);
#7676 = CARTESIAN_POINT('',(120.,8.526385761467E-16,30.));
#7677 = DIRECTION('',(1.,7.105321467889E-18,7.105321467889E-18));
#7678 = DIRECTION('',(0.,0.707106781187,-0.707106781187));
#7679 = ORIENTED_EDGE('',*,*,#7629,.F.);
#7680 = ORIENTED_EDGE('',*,*,#7681,.T.);
#7681 = EDGE_CURVE('',#7630,#7682,#7684,.T.);
#7682 = VERTEX_POINT('',#7683);
#7683 = CARTESIAN_POINT('',(-2.512110496227E-17,2.940370892922,
    30.595163013011));
#7684 = CIRCLE('',#7685,3.);
#7685 = AXIS2_PLACEMENT_3D('',#7686,#7687,#7688);
#7686 = CARTESIAN_POINT('',(0.,0.,30.));
#7687 = DIRECTION('',(1.,7.105321467889E-18,7.105321467889E-18));
#7688 = DIRECTION('',(0.,0.707106781187,-0.707106781187));
#7689 = ORIENTED_EDGE('',*,*,#7690,.T.);
#7690 = EDGE_CURVE('',#7682,#7672,#7691,.T.);
#7691 = LINE('',#7692,#7693);
#7692 = CARTESIAN_POINT('',(-2.512110496227E-17,2.940370892922,
    30.595163013011));
#7693 = VECTOR('',#7694,1.);
#7694 = DIRECTION('',(1.,7.105321467889E-18,7.105321467889E-18));
#7695 = CYLINDRICAL_SURFACE('',#7696,3.);
#7696 = AXIS2_PLACEMENT_3D('',#7697,#7698,#7699);
#7697 = CARTESIAN_POINT('',(0.,0.,30.));
#7698 = DIRECTION('',(1.,7.105321467889E-18,7.105321467889E-18));
#7699 = DIRECTION('',(0.,0.707106781187,-0.707106781187));
#7700 = ADVANCED_FACE('',(#7701),#7729,.F.);
#7701 = FACE_BOUND('',#7702,.F.);
#7702 = EDGE_LOOP('',(#7703,#7704,#7705,#7713,#7722));
#7703 = ORIENTED_EDGE('',*,*,#7656,.T.);
#7704 = ORIENTED_EDGE('',*,*,#7681,.T.);
#7705 = ORIENTED_EDGE('',*,*,#7706,.F.);
#7706 = EDGE_CURVE('',#7707,#7682,#7709,.T.);
#7707 = VERTEX_POINT('',#7708);
#7708 = CARTESIAN_POINT('',(-2.512110496227E-17,0.595163013011,
    32.940370892922));
#7709 = LINE('',#7710,#7711);
#7710 = CARTESIAN_POINT('',(-2.512110496227E-17,-0.353553390593,
    33.889087296526));
#7711 = VECTOR('',#7712,1.);
#7712 = DIRECTION('',(0.,0.707106781187,-0.707106781187));
#7713 = ORIENTED_EDGE('',*,*,#7714,.T.);
#7714 = EDGE_CURVE('',#7707,#7715,#7717,.T.);
#7715 = VERTEX_POINT('',#7716);
#7716 = CARTESIAN_POINT('',(9.310142806271E-33,-2.12132034356,
    32.12132034356));
#7717 = CIRCLE('',#7718,3.);
#7718 = AXIS2_PLACEMENT_3D('',#7719,#7720,#7721);
#7719 = CARTESIAN_POINT('',(0.,0.,30.));
#7720 = DIRECTION('',(1.,7.105321467889E-18,7.105321467889E-18));
#7721 = DIRECTION('',(0.,0.707106781187,-0.707106781187));
#7722 = ORIENTED_EDGE('',*,*,#7723,.T.);
#7723 = EDGE_CURVE('',#7715,#7649,#7724,.T.);
#7724 = CIRCLE('',#7725,3.);
#7725 = AXIS2_PLACEMENT_3D('',#7726,#7727,#7728);
#7726 = CARTESIAN_POINT('',(0.,0.,30.));
#7727 = DIRECTION('',(1.,7.105321467889E-18,7.105321467889E-18));
#7728 = DIRECTION('',(0.,0.707106781187,-0.707106781187));
#7729 = PLANE('',#7730);
#7730 = AXIS2_PLACEMENT_3D('',#7731,#7732,#7733);
#7731 = CARTESIAN_POINT('',(0.,0.,30.));
#7732 = DIRECTION('',(1.,7.105321467889E-18,7.105321467889E-18));
#7733 = DIRECTION('',(0.,0.707106781187,-0.707106781187));
#7734 = ADVANCED_FACE('',(#7735),#7754,.T.);
#7735 = FACE_BOUND('',#7736,.T.);
#7736 = EDGE_LOOP('',(#7737,#7738,#7747,#7753));
#7737 = ORIENTED_EDGE('',*,*,#7648,.T.);
#7738 = ORIENTED_EDGE('',*,*,#7739,.F.);
#7739 = EDGE_CURVE('',#7740,#7640,#7742,.T.);
#7740 = VERTEX_POINT('',#7741);
#7741 = CARTESIAN_POINT('',(120.,-2.12132034356,32.12132034356));
#7742 = CIRCLE('',#7743,3.);
#7743 = AXIS2_PLACEMENT_3D('',#7744,#7745,#7746);
#7744 = CARTESIAN_POINT('',(120.,8.526385761467E-16,30.));
#7745 = DIRECTION('',(1.,7.105321467889E-18,7.105321467889E-18));
#7746 = DIRECTION('',(0.,0.707106781187,-0.707106781187));
#7747 = ORIENTED_EDGE('',*,*,#7748,.F.);
#7748 = EDGE_CURVE('',#7715,#7740,#7749,.T.);
#7749 = LINE('',#7750,#7751);
#7750 = CARTESIAN_POINT('',(0.,-2.12132034356,32.12132034356));
#7751 = VECTOR('',#7752,1.);
#7752 = DIRECTION('',(1.,7.105321467889E-18,7.105321467889E-18));
#7753 = ORIENTED_EDGE('',*,*,#7723,.T.);
#7754 = CYLINDRICAL_SURFACE('',#7755,3.);
#7755 = AXIS2_PLACEMENT_3D('',#7756,#7757,#7758);
#7756 = CARTESIAN_POINT('',(0.,0.,30.));
#7757 = DIRECTION('',(1.,7.105321467889E-18,7.105321467889E-18));
#7758 = DIRECTION('',(0.,0.707106781187,-0.707106781187));
#7759 = ADVANCED_FACE('',(#7760),#7780,.T.);
#7760 = FACE_BOUND('',#7761,.T.);
#7761 = EDGE_LOOP('',(#7762,#7763,#7764,#7772,#7779));
#7762 = ORIENTED_EDGE('',*,*,#7639,.T.);
#7763 = ORIENTED_EDGE('',*,*,#7671,.T.);
#7764 = ORIENTED_EDGE('',*,*,#7765,.F.);
#7765 = EDGE_CURVE('',#7766,#7672,#7768,.T.);
#7766 = VERTEX_POINT('',#7767);
#7767 = CARTESIAN_POINT('',(120.,0.595163013011,32.940370892922));
#7768 = LINE('',#7769,#7770);
#7769 = CARTESIAN_POINT('',(120.,-0.353553390593,33.889087296526));
#7770 = VECTOR('',#7771,1.);
#7771 = DIRECTION('',(0.,0.707106781187,-0.707106781187));
#7772 = ORIENTED_EDGE('',*,*,#7773,.T.);
#7773 = EDGE_CURVE('',#7766,#7740,#7774,.T.);
#7774 = CIRCLE('',#7775,3.);
#7775 = AXIS2_PLACEMENT_3D('',#7776,#7777,#7778);
#7776 = CARTESIAN_POINT('',(120.,8.526385761467E-16,30.));
#7777 = DIRECTION('',(1.,7.105321467889E-18,7.105321467889E-18));
#7778 = DIRECTION('',(0.,0.707106781187,-0.707106781187));
#7779 = ORIENTED_EDGE('',*,*,#7739,.T.);
#7780 = PLANE('',#7781);
#7781 = AXIS2_PLACEMENT_3D('',#7782,#7783,#7784);
#7782 = CARTESIAN_POINT('',(120.,8.526385761467E-16,30.));
#7783 = DIRECTION('',(1.,7.105321467889E-18,7.105321467889E-18));
#7784 = DIRECTION('',(0.,0.707106781187,-0.707106781187));
#7785 = ADVANCED_FACE('',(#7786),#7797,.T.);
#7786 = FACE_BOUND('',#7787,.T.);
#7787 = EDGE_LOOP('',(#7788,#7789,#7795,#7796));
#7788 = ORIENTED_EDGE('',*,*,#7706,.F.);
#7789 = ORIENTED_EDGE('',*,*,#7790,.T.);
#7790 = EDGE_CURVE('',#7707,#7766,#7791,.T.);
#7791 = LINE('',#7792,#7793);
#7792 = CARTESIAN_POINT('',(-2.512110496227E-17,0.595163013011,
    32.940370892922));
#7793 = VECTOR('',#7794,1.);
#7794 = DIRECTION('',(1.,7.105321467889E-18,7.105321467889E-18));
#7795 = ORIENTED_EDGE('',*,*,#7765,.T.);
#7796 = ORIENTED_EDGE('',*,*,#7690,.F.);
#7797 = PLANE('',#7798);
#7798 = AXIS2_PLACEMENT_3D('',#7799,#7800,#7801);
#7799 = CARTESIAN_POINT('',(-2.512110496227E-17,-0.353553390593,
    33.889087296526));
#7800 = DIRECTION('',(-1.004844198491E-17,0.707106781187,0.707106781187)
  );
#7801 = DIRECTION('',(1.,7.105321467889E-18,7.105321467889E-18));
#7802 = ADVANCED_FACE('',(#7803),#7809,.T.);
#7803 = FACE_BOUND('',#7804,.T.);
#7804 = EDGE_LOOP('',(#7805,#7806,#7807,#7808));
#7805 = ORIENTED_EDGE('',*,*,#7773,.F.);
#7806 = ORIENTED_EDGE('',*,*,#7790,.F.);
#7807 = ORIENTED_EDGE('',*,*,#7714,.T.);
#7808 = ORIENTED_EDGE('',*,*,#7748,.T.);
#7809 = CYLINDRICAL_SURFACE('',#7810,3.);
#7810 = AXIS2_PLACEMENT_3D('',#7811,#7812,#7813);
#7811 = CARTESIAN_POINT('',(0.,0.,30.));
#7812 = DIRECTION('',(1.,7.105321467889E-18,7.105321467889E-18));
#7813 = DIRECTION('',(0.,0.707106781187,-0.707106781187));
#7814 = MANIFOLD_SOLID_BREP('',#7815);
#7815 = CLOSED_SHELL('',(#7816,#7849,#7869,#7889));
#7816 = ADVANCED_FACE('',(#7817),#7844,.T.);
#7817 = FACE_BOUND('',#7818,.T.);
#7818 = EDGE_LOOP('',(#7819,#7828,#7836,#7843));
#7819 = ORIENTED_EDGE('',*,*,#7820,.F.);
#7820 = EDGE_CURVE('',#7821,#7821,#7823,.T.);
#7821 = VERTEX_POINT('',#7822);
#7822 = CARTESIAN_POINT('',(14.,3.975,30.));
#7823 = CIRCLE('',#7824,3.975);
#7824 = AXIS2_PLACEMENT_3D('',#7825,#7826,#7827);
#7825 = CARTESIAN_POINT('',(14.,0.,30.));
#7826 = DIRECTION('',(1.,0.,0.));
#7827 = DIRECTION('',(0.,1.,0.));
#7828 = ORIENTED_EDGE('',*,*,#7829,.F.);
#7829 = EDGE_CURVE('',#7830,#7821,#7832,.T.);
#7830 = VERTEX_POINT('',#7831);
#7831 = CARTESIAN_POINT('',(10.,3.975,30.));
#7832 = LINE('',#7833,#7834);
#7833 = CARTESIAN_POINT('',(10.,3.975,30.));
#7834 = VECTOR('',#7835,1.);
#7835 = DIRECTION('',(1.,0.,0.));
#7836 = ORIENTED_EDGE('',*,*,#7837,.T.);
#7837 = EDGE_CURVE('',#7830,#7830,#7838,.T.);
#7838 = CIRCLE('',#7839,3.975);
#7839 = AXIS2_PLACEMENT_3D('',#7840,#7841,#7842);
#7840 = CARTESIAN_POINT('',(10.,0.,30.));
#7841 = DIRECTION('',(1.,0.,0.));
#7842 = DIRECTION('',(0.,1.,0.));
#7843 = ORIENTED_EDGE('',*,*,#7829,.T.);
#7844 = CYLINDRICAL_SURFACE('',#7845,3.975);
#7845 = AXIS2_PLACEMENT_3D('',#7846,#7847,#7848);
#7846 = CARTESIAN_POINT('',(10.,0.,30.));
#7847 = DIRECTION('',(1.,0.,0.));
#7848 = DIRECTION('',(0.,1.,0.));
#7849 = ADVANCED_FACE('',(#7850,#7853),#7864,.T.);
#7850 = FACE_BOUND('',#7851,.T.);
#7851 = EDGE_LOOP('',(#7852));
#7852 = ORIENTED_EDGE('',*,*,#7820,.T.);
#7853 = FACE_BOUND('',#7854,.T.);
#7854 = EDGE_LOOP('',(#7855));
#7855 = ORIENTED_EDGE('',*,*,#7856,.F.);
#7856 = EDGE_CURVE('',#7857,#7857,#7859,.T.);
#7857 = VERTEX_POINT('',#7858);
#7858 = CARTESIAN_POINT('',(14.,3.025,30.));
#7859 = CIRCLE('',#7860,3.025);
#7860 = AXIS2_PLACEMENT_3D('',#7861,#7862,#7863);
#7861 = CARTESIAN_POINT('',(14.,0.,30.));
#7862 = DIRECTION('',(1.,0.,0.));
#7863 = DIRECTION('',(0.,1.,0.));
#7864 = PLANE('',#7865);
#7865 = AXIS2_PLACEMENT_3D('',#7866,#7867,#7868);
#7866 = CARTESIAN_POINT('',(14.,0.,30.));
#7867 = DIRECTION('',(1.,0.,0.));
#7868 = DIRECTION('',(0.,1.,0.));
#7869 = ADVANCED_FACE('',(#7870,#7873),#7884,.F.);
#7870 = FACE_BOUND('',#7871,.F.);
#7871 = EDGE_LOOP('',(#7872));
#7872 = ORIENTED_EDGE('',*,*,#7837,.T.);
#7873 = FACE_BOUND('',#7874,.F.);
#7874 = EDGE_LOOP('',(#7875));
#7875 = ORIENTED_EDGE('',*,*,#7876,.F.);
#7876 = EDGE_CURVE('',#7877,#7877,#7879,.T.);
#7877 = VERTEX_POINT('',#7878);
#7878 = CARTESIAN_POINT('',(10.,3.025,30.));
#7879 = CIRCLE('',#7880,3.025);
#7880 = AXIS2_PLACEMENT_3D('',#7881,#7882,#7883);
#7881 = CARTESIAN_POINT('',(10.,0.,30.));
#7882 = DIRECTION('',(1.,0.,0.));
#7883 = DIRECTION('',(0.,1.,0.));
#7884 = PLANE('',#7885);
#7885 = AXIS2_PLACEMENT_3D('',#7886,#7887,#7888);
#7886 = CARTESIAN_POINT('',(10.,0.,30.));
#7887 = DIRECTION('',(1.,0.,0.));
#7888 = DIRECTION('',(0.,1.,0.));
#7889 = ADVANCED_FACE('',(#7890),#7901,.F.);
#7890 = FACE_BOUND('',#7891,.F.);
#7891 = EDGE_LOOP('',(#7892,#7893,#7899,#7900));
#7892 = ORIENTED_EDGE('',*,*,#7856,.F.);
#7893 = ORIENTED_EDGE('',*,*,#7894,.F.);
#7894 = EDGE_CURVE('',#7877,#7857,#7895,.T.);
#7895 = LINE('',#7896,#7897);
#7896 = CARTESIAN_POINT('',(9.,3.025,30.));
#7897 = VECTOR('',#7898,1.);
#7898 = DIRECTION('',(1.,0.,0.));
#7899 = ORIENTED_EDGE('',*,*,#7876,.T.);
#7900 = ORIENTED_EDGE('',*,*,#7894,.T.);
#7901 = CYLINDRICAL_SURFACE('',#7902,3.025);
#7902 = AXIS2_PLACEMENT_3D('',#7903,#7904,#7905);
#7903 = CARTESIAN_POINT('',(9.,0.,30.));
#7904 = DIRECTION('',(1.,0.,0.));
#7905 = DIRECTION('',(0.,1.,0.));
#7906 = MANIFOLD_SOLID_BREP('',#7907);
#7907 = CLOSED_SHELL('',(#7908,#7941,#7961,#7981));
#7908 = ADVANCED_FACE('',(#7909),#7936,.T.);
#7909 = FACE_BOUND('',#7910,.T.);
#7910 = EDGE_LOOP('',(#7911,#7920,#7928,#7935));
#7911 = ORIENTED_EDGE('',*,*,#7912,.F.);
#7912 = EDGE_CURVE('',#7913,#7913,#7915,.T.);
#7913 = VERTEX_POINT('',#7914);
#7914 = CARTESIAN_POINT('',(23.,3.975,30.));
#7915 = CIRCLE('',#7916,3.975);
#7916 = AXIS2_PLACEMENT_3D('',#7917,#7918,#7919);
#7917 = CARTESIAN_POINT('',(23.,0.,30.));
#7918 = DIRECTION('',(1.,0.,0.));
#7919 = DIRECTION('',(0.,1.,0.));
#7920 = ORIENTED_EDGE('',*,*,#7921,.F.);
#7921 = EDGE_CURVE('',#7922,#7913,#7924,.T.);
#7922 = VERTEX_POINT('',#7923);
#7923 = CARTESIAN_POINT('',(19.,3.975,30.));
#7924 = LINE('',#7925,#7926);
#7925 = CARTESIAN_POINT('',(19.,3.975,30.));
#7926 = VECTOR('',#7927,1.);
#7927 = DIRECTION('',(1.,0.,0.));
#7928 = ORIENTED_EDGE('',*,*,#7929,.T.);
#7929 = EDGE_CURVE('',#7922,#7922,#7930,.T.);
#7930 = CIRCLE('',#7931,3.975);
#7931 = AXIS2_PLACEMENT_3D('',#7932,#7933,#7934);
#7932 = CARTESIAN_POINT('',(19.,0.,30.));
#7933 = DIRECTION('',(1.,0.,0.));
#7934 = DIRECTION('',(0.,1.,0.));
#7935 = ORIENTED_EDGE('',*,*,#7921,.T.);
#7936 = CYLINDRICAL_SURFACE('',#7937,3.975);
#7937 = AXIS2_PLACEMENT_3D('',#7938,#7939,#7940);
#7938 = CARTESIAN_POINT('',(19.,0.,30.));
#7939 = DIRECTION('',(1.,0.,0.));
#7940 = DIRECTION('',(0.,1.,0.));
#7941 = ADVANCED_FACE('',(#7942,#7945),#7956,.T.);
#7942 = FACE_BOUND('',#7943,.T.);
#7943 = EDGE_LOOP('',(#7944));
#7944 = ORIENTED_EDGE('',*,*,#7912,.T.);
#7945 = FACE_BOUND('',#7946,.T.);
#7946 = EDGE_LOOP('',(#7947));
#7947 = ORIENTED_EDGE('',*,*,#7948,.F.);
#7948 = EDGE_CURVE('',#7949,#7949,#7951,.T.);
#7949 = VERTEX_POINT('',#7950);
#7950 = CARTESIAN_POINT('',(23.,3.025,30.));
#7951 = CIRCLE('',#7952,3.025);
#7952 = AXIS2_PLACEMENT_3D('',#7953,#7954,#7955);
#7953 = CARTESIAN_POINT('',(23.,0.,30.));
#7954 = DIRECTION('',(1.,0.,0.));
#7955 = DIRECTION('',(0.,1.,0.));
#7956 = PLANE('',#7957);
#7957 = AXIS2_PLACEMENT_3D('',#7958,#7959,#7960);
#7958 = CARTESIAN_POINT('',(23.,0.,30.));
#7959 = DIRECTION('',(1.,0.,0.));
#7960 = DIRECTION('',(0.,1.,0.));
#7961 = ADVANCED_FACE('',(#7962,#7965),#7976,.F.);
#7962 = FACE_BOUND('',#7963,.F.);
#7963 = EDGE_LOOP('',(#7964));
#7964 = ORIENTED_EDGE('',*,*,#7929,.T.);
#7965 = FACE_BOUND('',#7966,.F.);
#7966 = EDGE_LOOP('',(#7967));
#7967 = ORIENTED_EDGE('',*,*,#7968,.F.);
#7968 = EDGE_CURVE('',#7969,#7969,#7971,.T.);
#7969 = VERTEX_POINT('',#7970);
#7970 = CARTESIAN_POINT('',(19.,3.025,30.));
#7971 = CIRCLE('',#7972,3.025);
#7972 = AXIS2_PLACEMENT_3D('',#7973,#7974,#7975);
#7973 = CARTESIAN_POINT('',(19.,0.,30.));
#7974 = DIRECTION('',(1.,0.,0.));
#7975 = DIRECTION('',(0.,1.,0.));
#7976 = PLANE('',#7977);
#7977 = AXIS2_PLACEMENT_3D('',#7978,#7979,#7980);
#7978 = CARTESIAN_POINT('',(19.,0.,30.));
#7979 = DIRECTION('',(1.,0.,0.));
#7980 = DIRECTION('',(0.,1.,0.));
#7981 = ADVANCED_FACE('',(#7982),#7993,.F.);
#7982 = FACE_BOUND('',#7983,.F.);
#7983 = EDGE_LOOP('',(#7984,#7985,#7991,#7992));
#7984 = ORIENTED_EDGE('',*,*,#7948,.F.);
#7985 = ORIENTED_EDGE('',*,*,#7986,.F.);
#7986 = EDGE_CURVE('',#7969,#7949,#7987,.T.);
#7987 = LINE('',#7988,#7989);
#7988 = CARTESIAN_POINT('',(18.,3.025,30.));
#7989 = VECTOR('',#7990,1.);
#7990 = DIRECTION('',(1.,0.,0.));
#7991 = ORIENTED_EDGE('',*,*,#7968,.T.);
#7992 = ORIENTED_EDGE('',*,*,#7986,.T.);
#7993 = CYLINDRICAL_SURFACE('',#7994,3.025);
#7994 = AXIS2_PLACEMENT_3D('',#7995,#7996,#7997);
#7995 = CARTESIAN_POINT('',(18.,0.,30.));
#7996 = DIRECTION('',(1.,0.,0.));
#7997 = DIRECTION('',(0.,1.,0.));
#7998 = MANIFOLD_SOLID_BREP('',#7999);
#7999 = CLOSED_SHELL('',(#8000,#8042,#8075,#8117,#8165,#8200,#8241,#8266
    ,#8284,#8309,#8343,#8360,#8372));
#8000 = ADVANCED_FACE('',(#8001),#8037,.T.);
#8001 = FACE_BOUND('',#8002,.T.);
#8002 = EDGE_LOOP('',(#8003,#8013,#8022,#8030));
#8003 = ORIENTED_EDGE('',*,*,#8004,.T.);
#8004 = EDGE_CURVE('',#8005,#8007,#8009,.T.);
#8005 = VERTEX_POINT('',#8006);
#8006 = CARTESIAN_POINT('',(0.4,9.5,30.));
#8007 = VERTEX_POINT('',#8008);
#8008 = CARTESIAN_POINT('',(9.4,9.5,30.));
#8009 = LINE('',#8010,#8011);
#8010 = CARTESIAN_POINT('',(0.4,9.5,30.));
#8011 = VECTOR('',#8012,1.);
#8012 = DIRECTION('',(1.,0.,0.));
#8013 = ORIENTED_EDGE('',*,*,#8014,.F.);
#8014 = EDGE_CURVE('',#8015,#8007,#8017,.T.);
#8015 = VERTEX_POINT('',#8016);
#8016 = CARTESIAN_POINT('',(9.4,-0.75,39.470348462438));
#8017 = CIRCLE('',#8018,9.5);
#8018 = AXIS2_PLACEMENT_3D('',#8019,#8020,#8021);
#8019 = CARTESIAN_POINT('',(9.4,0.,30.));
#8020 = DIRECTION('',(1.,0.,0.));
#8021 = DIRECTION('',(0.,1.,0.));
#8022 = ORIENTED_EDGE('',*,*,#8023,.F.);
#8023 = EDGE_CURVE('',#8024,#8015,#8026,.T.);
#8024 = VERTEX_POINT('',#8025);
#8025 = CARTESIAN_POINT('',(0.4,-0.75,39.470348462438));
#8026 = LINE('',#8027,#8028);
#8027 = CARTESIAN_POINT('',(0.4,-0.75,39.470348462438));
#8028 = VECTOR('',#8029,1.);
#8029 = DIRECTION('',(1.,0.,0.));
#8030 = ORIENTED_EDGE('',*,*,#8031,.T.);
#8031 = EDGE_CURVE('',#8024,#8005,#8032,.T.);
#8032 = CIRCLE('',#8033,9.5);
#8033 = AXIS2_PLACEMENT_3D('',#8034,#8035,#8036);
#8034 = CARTESIAN_POINT('',(0.4,0.,30.));
#8035 = DIRECTION('',(1.,0.,0.));
#8036 = DIRECTION('',(0.,1.,0.));
#8037 = CYLINDRICAL_SURFACE('',#8038,9.5);
#8038 = AXIS2_PLACEMENT_3D('',#8039,#8040,#8041);
#8039 = CARTESIAN_POINT('',(0.4,0.,30.));
#8040 = DIRECTION('',(1.,0.,0.));
#8041 = DIRECTION('',(0.,1.,0.));
#8042 = ADVANCED_FACE('',(#8043),#8070,.T.);
#8043 = FACE_BOUND('',#8044,.T.);
#8044 = EDGE_LOOP('',(#8045,#8054,#8055,#8064));
#8045 = ORIENTED_EDGE('',*,*,#8046,.F.);
#8046 = EDGE_CURVE('',#8007,#8047,#8049,.T.);
#8047 = VERTEX_POINT('',#8048);
#8048 = CARTESIAN_POINT('',(9.4,0.75,39.470348462438));
#8049 = CIRCLE('',#8050,9.5);
#8050 = AXIS2_PLACEMENT_3D('',#8051,#8052,#8053);
#8051 = CARTESIAN_POINT('',(9.4,0.,30.));
#8052 = DIRECTION('',(1.,0.,0.));
#8053 = DIRECTION('',(0.,1.,0.));
#8054 = ORIENTED_EDGE('',*,*,#8004,.F.);
#8055 = ORIENTED_EDGE('',*,*,#8056,.T.);
#8056 = EDGE_CURVE('',#8005,#8057,#8059,.T.);
#8057 = VERTEX_POINT('',#8058);
#8058 = CARTESIAN_POINT('',(0.4,0.75,39.470348462438));
#8059 = CIRCLE('',#8060,9.5);
#8060 = AXIS2_PLACEMENT_3D('',#8061,#8062,#8063);
#8061 = CARTESIAN_POINT('',(0.4,0.,30.));
#8062 = DIRECTION('',(1.,0.,0.));
#8063 = DIRECTION('',(0.,1.,0.));
#8064 = ORIENTED_EDGE('',*,*,#8065,.T.);
#8065 = EDGE_CURVE('',#8057,#8047,#8066,.T.);
#8066 = LINE('',#8067,#8068);
#8067 = CARTESIAN_POINT('',(0.4,0.75,39.470348462438));
#8068 = VECTOR('',#8069,1.);
#8069 = DIRECTION('',(1.,0.,0.));
#8070 = CYLINDRICAL_SURFACE('',#8071,9.5);
#8071 = AXIS2_PLACEMENT_3D('',#8072,#8073,#8074);
#8072 = CARTESIAN_POINT('',(0.4,0.,30.));
#8073 = DIRECTION('',(1.,0.,0.));
#8074 = DIRECTION('',(0.,1.,0.));
#8075 = ADVANCED_FACE('',(#8076),#8112,.F.);
#8076 = FACE_BOUND('',#8077,.F.);
#8077 = EDGE_LOOP('',(#8078,#8079,#8080,#8088,#8097,#8106));
#8078 = ORIENTED_EDGE('',*,*,#8031,.T.);
#8079 = ORIENTED_EDGE('',*,*,#8056,.T.);
#8080 = ORIENTED_EDGE('',*,*,#8081,.F.);
#8081 = EDGE_CURVE('',#8082,#8057,#8084,.T.);
#8082 = VERTEX_POINT('',#8083);
#8083 = CARTESIAN_POINT('',(0.4,0.75,32.904737509656));
#8084 = LINE('',#8085,#8086);
#8085 = CARTESIAN_POINT('',(0.4,0.75,32.9));
#8086 = VECTOR('',#8087,1.);
#8087 = DIRECTION('',(0.,0.,1.));
#8088 = ORIENTED_EDGE('',*,*,#8089,.F.);
#8089 = EDGE_CURVE('',#8090,#8082,#8092,.T.);
#8090 = VERTEX_POINT('',#8091);
#8091 = CARTESIAN_POINT('',(0.4,3.,30.));
#8092 = CIRCLE('',#8093,3.);
#8093 = AXIS2_PLACEMENT_3D('',#8094,#8095,#8096);
#8094 = CARTESIAN_POINT('',(0.4,0.,30.));
#8095 = DIRECTION('',(1.,0.,0.));
#8096 = DIRECTION('',(0.,1.,0.));
#8097 = ORIENTED_EDGE('',*,*,#8098,.F.);
#8098 = EDGE_CURVE('',#8099,#8090,#8101,.T.);
#8099 = VERTEX_POINT('',#8100);
#8100 = CARTESIAN_POINT('',(0.4,-0.75,32.904737509656));
#8101 = CIRCLE('',#8102,3.);
#8102 = AXIS2_PLACEMENT_3D('',#8103,#8104,#8105);
#8103 = CARTESIAN_POINT('',(0.4,0.,30.));
#8104 = DIRECTION('',(1.,0.,0.));
#8105 = DIRECTION('',(0.,1.,0.));
#8106 = ORIENTED_EDGE('',*,*,#8107,.T.);
#8107 = EDGE_CURVE('',#8099,#8024,#8108,.T.);
#8108 = LINE('',#8109,#8110);
#8109 = CARTESIAN_POINT('',(0.4,-0.75,32.9));
#8110 = VECTOR('',#8111,1.);
#8111 = DIRECTION('',(0.,0.,1.));
#8112 = PLANE('',#8113);
#8113 = AXIS2_PLACEMENT_3D('',#8114,#8115,#8116);
#8114 = CARTESIAN_POINT('',(0.4,0.,30.));
#8115 = DIRECTION('',(1.,0.,0.));
#8116 = DIRECTION('',(0.,1.,0.));
#8117 = ADVANCED_FACE('',(#8118),#8160,.T.);
#8118 = FACE_BOUND('',#8119,.T.);
#8119 = EDGE_LOOP('',(#8120,#8128,#8129,#8130,#8138,#8146,#8154));
#8120 = ORIENTED_EDGE('',*,*,#8121,.F.);
#8121 = EDGE_CURVE('',#8099,#8122,#8124,.T.);
#8122 = VERTEX_POINT('',#8123);
#8123 = CARTESIAN_POINT('',(9.4,-0.75,32.904737509656));
#8124 = LINE('',#8125,#8126);
#8125 = CARTESIAN_POINT('',(-0.6,-0.75,32.904737509656));
#8126 = VECTOR('',#8127,1.);
#8127 = DIRECTION('',(1.,0.,0.));
#8128 = ORIENTED_EDGE('',*,*,#8107,.T.);
#8129 = ORIENTED_EDGE('',*,*,#8023,.T.);
#8130 = ORIENTED_EDGE('',*,*,#8131,.F.);
#8131 = EDGE_CURVE('',#8132,#8015,#8134,.T.);
#8132 = VERTEX_POINT('',#8133);
#8133 = CARTESIAN_POINT('',(9.4,-0.75,34.437059837325));
#8134 = LINE('',#8135,#8136);
#8135 = CARTESIAN_POINT('',(9.4,-0.75,31.45));
#8136 = VECTOR('',#8137,1.);
#8137 = DIRECTION('',(0.,0.,1.));
#8138 = ORIENTED_EDGE('',*,*,#8139,.T.);
#8139 = EDGE_CURVE('',#8132,#8140,#8142,.T.);
#8140 = VERTEX_POINT('',#8141);
#8141 = CARTESIAN_POINT('',(9.9,-0.75,34.437059837325));
#8142 = LINE('',#8143,#8144);
#8143 = CARTESIAN_POINT('',(9.4,-0.75,34.437059837325));
#8144 = VECTOR('',#8145,1.);
#8145 = DIRECTION('',(1.,0.,0.));
#8146 = ORIENTED_EDGE('',*,*,#8147,.F.);
#8147 = EDGE_CURVE('',#8148,#8140,#8150,.T.);
#8148 = VERTEX_POINT('',#8149);
#8149 = CARTESIAN_POINT('',(9.9,-0.75,32.904737509656));
#8150 = LINE('',#8151,#8152);
#8151 = CARTESIAN_POINT('',(9.9,-0.75,31.45));
#8152 = VECTOR('',#8153,1.);
#8153 = DIRECTION('',(0.,0.,1.));
#8154 = ORIENTED_EDGE('',*,*,#8155,.F.);
#8155 = EDGE_CURVE('',#8122,#8148,#8156,.T.);
#8156 = LINE('',#8157,#8158);
#8157 = CARTESIAN_POINT('',(8.4,-0.75,32.904737509656));
#8158 = VECTOR('',#8159,1.);
#8159 = DIRECTION('',(1.,0.,0.));
#8160 = PLANE('',#8161);
#8161 = AXIS2_PLACEMENT_3D('',#8162,#8163,#8164);
#8162 = CARTESIAN_POINT('',(0.4,-0.75,32.9));
#8163 = DIRECTION('',(0.,1.,0.));
#8164 = DIRECTION('',(1.,0.,0.));
#8165 = ADVANCED_FACE('',(#8166),#8195,.T.);
#8166 = FACE_BOUND('',#8167,.T.);
#8167 = EDGE_LOOP('',(#8168,#8169,#8170,#8178,#8187,#8194));
#8168 = ORIENTED_EDGE('',*,*,#8014,.T.);
#8169 = ORIENTED_EDGE('',*,*,#8046,.T.);
#8170 = ORIENTED_EDGE('',*,*,#8171,.F.);
#8171 = EDGE_CURVE('',#8172,#8047,#8174,.T.);
#8172 = VERTEX_POINT('',#8173);
#8173 = CARTESIAN_POINT('',(9.4,0.75,34.437059837325));
#8174 = LINE('',#8175,#8176);
#8175 = CARTESIAN_POINT('',(9.4,0.75,31.45));
#8176 = VECTOR('',#8177,1.);
#8177 = DIRECTION('',(0.,0.,1.));
#8178 = ORIENTED_EDGE('',*,*,#8179,.F.);
#8179 = EDGE_CURVE('',#8180,#8172,#8182,.T.);
#8180 = VERTEX_POINT('',#8181);
#8181 = CARTESIAN_POINT('',(9.4,4.5,30.));
#8182 = CIRCLE('',#8183,4.5);
#8183 = AXIS2_PLACEMENT_3D('',#8184,#8185,#8186);
#8184 = CARTESIAN_POINT('',(9.4,0.,30.));
#8185 = DIRECTION('',(1.,0.,0.));
#8186 = DIRECTION('',(0.,1.,0.));
#8187 = ORIENTED_EDGE('',*,*,#8188,.F.);
#8188 = EDGE_CURVE('',#8132,#8180,#8189,.T.);
#8189 = CIRCLE('',#8190,4.5);
#8190 = AXIS2_PLACEMENT_3D('',#8191,#8192,#8193);
#8191 = CARTESIAN_POINT('',(9.4,0.,30.));
#8192 = DIRECTION('',(1.,0.,0.));
#8193 = DIRECTION('',(0.,1.,0.));
#8194 = ORIENTED_EDGE('',*,*,#8131,.T.);
#8195 = PLANE('',#8196);
#8196 = AXIS2_PLACEMENT_3D('',#8197,#8198,#8199);
#8197 = CARTESIAN_POINT('',(9.4,0.,30.));
#8198 = DIRECTION('',(1.,0.,0.));
#8199 = DIRECTION('',(0.,1.,0.));
#8200 = ADVANCED_FACE('',(#8201),#8236,.F.);
#8201 = FACE_BOUND('',#8202,.F.);
#8202 = EDGE_LOOP('',(#8203,#8211,#8212,#8213,#8214,#8222,#8230));
#8203 = ORIENTED_EDGE('',*,*,#8204,.F.);
#8204 = EDGE_CURVE('',#8082,#8205,#8207,.T.);
#8205 = VERTEX_POINT('',#8206);
#8206 = CARTESIAN_POINT('',(9.4,0.75,32.904737509656));
#8207 = LINE('',#8208,#8209);
#8208 = CARTESIAN_POINT('',(-0.6,0.75,32.904737509656));
#8209 = VECTOR('',#8210,1.);
#8210 = DIRECTION('',(1.,0.,0.));
#8211 = ORIENTED_EDGE('',*,*,#8081,.T.);
#8212 = ORIENTED_EDGE('',*,*,#8065,.T.);
#8213 = ORIENTED_EDGE('',*,*,#8171,.F.);
#8214 = ORIENTED_EDGE('',*,*,#8215,.T.);
#8215 = EDGE_CURVE('',#8172,#8216,#8218,.T.);
#8216 = VERTEX_POINT('',#8217);
#8217 = CARTESIAN_POINT('',(9.9,0.75,34.437059837325));
#8218 = LINE('',#8219,#8220);
#8219 = CARTESIAN_POINT('',(9.4,0.75,34.437059837325));
#8220 = VECTOR('',#8221,1.);
#8221 = DIRECTION('',(1.,0.,0.));
#8222 = ORIENTED_EDGE('',*,*,#8223,.F.);
#8223 = EDGE_CURVE('',#8224,#8216,#8226,.T.);
#8224 = VERTEX_POINT('',#8225);
#8225 = CARTESIAN_POINT('',(9.9,0.75,32.904737509656));
#8226 = LINE('',#8227,#8228);
#8227 = CARTESIAN_POINT('',(9.9,0.75,31.45));
#8228 = VECTOR('',#8229,1.);
#8229 = DIRECTION('',(0.,0.,1.));
#8230 = ORIENTED_EDGE('',*,*,#8231,.F.);
#8231 = EDGE_CURVE('',#8205,#8224,#8232,.T.);
#8232 = LINE('',#8233,#8234);
#8233 = CARTESIAN_POINT('',(8.4,0.75,32.904737509656));
#8234 = VECTOR('',#8235,1.);
#8235 = DIRECTION('',(1.,0.,0.));
#8236 = PLANE('',#8237);
#8237 = AXIS2_PLACEMENT_3D('',#8238,#8239,#8240);
#8238 = CARTESIAN_POINT('',(0.4,0.75,32.9));
#8239 = DIRECTION('',(0.,1.,0.));
#8240 = DIRECTION('',(1.,0.,0.));
#8241 = ADVANCED_FACE('',(#8242),#8261,.F.);
#8242 = FACE_BOUND('',#8243,.F.);
#8243 = EDGE_LOOP('',(#8244,#8252,#8259,#8260));
#8244 = ORIENTED_EDGE('',*,*,#8245,.T.);
#8245 = EDGE_CURVE('',#8090,#8246,#8248,.T.);
#8246 = VERTEX_POINT('',#8247);
#8247 = CARTESIAN_POINT('',(9.4,3.,30.));
#8248 = LINE('',#8249,#8250);
#8249 = CARTESIAN_POINT('',(-0.6,3.,30.));
#8250 = VECTOR('',#8251,1.);
#8251 = DIRECTION('',(1.,0.,0.));
#8252 = ORIENTED_EDGE('',*,*,#8253,.F.);
#8253 = EDGE_CURVE('',#8122,#8246,#8254,.T.);
#8254 = CIRCLE('',#8255,3.);
#8255 = AXIS2_PLACEMENT_3D('',#8256,#8257,#8258);
#8256 = CARTESIAN_POINT('',(9.4,0.,30.));
#8257 = DIRECTION('',(1.,0.,0.));
#8258 = DIRECTION('',(0.,1.,0.));
#8259 = ORIENTED_EDGE('',*,*,#8121,.F.);
#8260 = ORIENTED_EDGE('',*,*,#8098,.T.);
#8261 = CYLINDRICAL_SURFACE('',#8262,3.);
#8262 = AXIS2_PLACEMENT_3D('',#8263,#8264,#8265);
#8263 = CARTESIAN_POINT('',(-0.6,0.,30.));
#8264 = DIRECTION('',(1.,0.,0.));
#8265 = DIRECTION('',(0.,1.,0.));
#8266 = ADVANCED_FACE('',(#8267),#8279,.F.);
#8267 = FACE_BOUND('',#8268,.F.);
#8268 = EDGE_LOOP('',(#8269,#8276,#8277,#8278));
#8269 = ORIENTED_EDGE('',*,*,#8270,.F.);
#8270 = EDGE_CURVE('',#8246,#8205,#8271,.T.);
#8271 = CIRCLE('',#8272,3.);
#8272 = AXIS2_PLACEMENT_3D('',#8273,#8274,#8275);
#8273 = CARTESIAN_POINT('',(9.4,0.,30.));
#8274 = DIRECTION('',(1.,0.,0.));
#8275 = DIRECTION('',(0.,1.,0.));
#8276 = ORIENTED_EDGE('',*,*,#8245,.F.);
#8277 = ORIENTED_EDGE('',*,*,#8089,.T.);
#8278 = ORIENTED_EDGE('',*,*,#8204,.T.);
#8279 = CYLINDRICAL_SURFACE('',#8280,3.);
#8280 = AXIS2_PLACEMENT_3D('',#8281,#8282,#8283);
#8281 = CARTESIAN_POINT('',(-0.6,0.,30.));
#8282 = DIRECTION('',(1.,0.,0.));
#8283 = DIRECTION('',(0.,1.,0.));
#8284 = ADVANCED_FACE('',(#8285),#8304,.F.);
#8285 = FACE_BOUND('',#8286,.F.);
#8286 = EDGE_LOOP('',(#8287,#8295,#8302,#8303));
#8287 = ORIENTED_EDGE('',*,*,#8288,.T.);
#8288 = EDGE_CURVE('',#8246,#8289,#8291,.T.);
#8289 = VERTEX_POINT('',#8290);
#8290 = CARTESIAN_POINT('',(9.9,3.,30.));
#8291 = LINE('',#8292,#8293);
#8292 = CARTESIAN_POINT('',(8.4,3.,30.));
#8293 = VECTOR('',#8294,1.);
#8294 = DIRECTION('',(1.,0.,0.));
#8295 = ORIENTED_EDGE('',*,*,#8296,.F.);
#8296 = EDGE_CURVE('',#8148,#8289,#8297,.T.);
#8297 = CIRCLE('',#8298,3.);
#8298 = AXIS2_PLACEMENT_3D('',#8299,#8300,#8301);
#8299 = CARTESIAN_POINT('',(9.9,0.,30.));
#8300 = DIRECTION('',(1.,0.,0.));
#8301 = DIRECTION('',(0.,1.,0.));
#8302 = ORIENTED_EDGE('',*,*,#8155,.F.);
#8303 = ORIENTED_EDGE('',*,*,#8253,.T.);
#8304 = CYLINDRICAL_SURFACE('',#8305,3.);
#8305 = AXIS2_PLACEMENT_3D('',#8306,#8307,#8308);
#8306 = CARTESIAN_POINT('',(8.4,0.,30.));
#8307 = DIRECTION('',(1.,0.,0.));
#8308 = DIRECTION('',(0.,1.,0.));
#8309 = ADVANCED_FACE('',(#8310),#8338,.T.);
#8310 = FACE_BOUND('',#8311,.T.);
#8311 = EDGE_LOOP('',(#8312,#8321,#8328,#8329,#8336,#8337));
#8312 = ORIENTED_EDGE('',*,*,#8313,.T.);
#8313 = EDGE_CURVE('',#8140,#8314,#8316,.T.);
#8314 = VERTEX_POINT('',#8315);
#8315 = CARTESIAN_POINT('',(9.9,4.5,30.));
#8316 = CIRCLE('',#8317,4.5);
#8317 = AXIS2_PLACEMENT_3D('',#8318,#8319,#8320);
#8318 = CARTESIAN_POINT('',(9.9,0.,30.));
#8319 = DIRECTION('',(1.,0.,0.));
#8320 = DIRECTION('',(0.,1.,0.));
#8321 = ORIENTED_EDGE('',*,*,#8322,.T.);
#8322 = EDGE_CURVE('',#8314,#8216,#8323,.T.);
#8323 = CIRCLE('',#8324,4.5);
#8324 = AXIS2_PLACEMENT_3D('',#8325,#8326,#8327);
#8325 = CARTESIAN_POINT('',(9.9,0.,30.));
#8326 = DIRECTION('',(1.,0.,0.));
#8327 = DIRECTION('',(0.,1.,0.));
#8328 = ORIENTED_EDGE('',*,*,#8223,.F.);
#8329 = ORIENTED_EDGE('',*,*,#8330,.F.);
#8330 = EDGE_CURVE('',#8289,#8224,#8331,.T.);
#8331 = CIRCLE('',#8332,3.);
#8332 = AXIS2_PLACEMENT_3D('',#8333,#8334,#8335);
#8333 = CARTESIAN_POINT('',(9.9,0.,30.));
#8334 = DIRECTION('',(1.,0.,0.));
#8335 = DIRECTION('',(0.,1.,0.));
#8336 = ORIENTED_EDGE('',*,*,#8296,.F.);
#8337 = ORIENTED_EDGE('',*,*,#8147,.T.);
#8338 = PLANE('',#8339);
#8339 = AXIS2_PLACEMENT_3D('',#8340,#8341,#8342);
#8340 = CARTESIAN_POINT('',(9.9,0.,30.));
#8341 = DIRECTION('',(1.,0.,0.));
#8342 = DIRECTION('',(0.,1.,0.));
#8343 = ADVANCED_FACE('',(#8344),#8355,.T.);
#8344 = FACE_BOUND('',#8345,.T.);
#8345 = EDGE_LOOP('',(#8346,#8352,#8353,#8354));
#8346 = ORIENTED_EDGE('',*,*,#8347,.T.);
#8347 = EDGE_CURVE('',#8180,#8314,#8348,.T.);
#8348 = LINE('',#8349,#8350);
#8349 = CARTESIAN_POINT('',(9.4,4.5,30.));
#8350 = VECTOR('',#8351,1.);
#8351 = DIRECTION('',(1.,0.,0.));
#8352 = ORIENTED_EDGE('',*,*,#8313,.F.);
#8353 = ORIENTED_EDGE('',*,*,#8139,.F.);
#8354 = ORIENTED_EDGE('',*,*,#8188,.T.);
#8355 = CYLINDRICAL_SURFACE('',#8356,4.5);
#8356 = AXIS2_PLACEMENT_3D('',#8357,#8358,#8359);
#8357 = CARTESIAN_POINT('',(9.4,0.,30.));
#8358 = DIRECTION('',(1.,0.,0.));
#8359 = DIRECTION('',(0.,1.,0.));
#8360 = ADVANCED_FACE('',(#8361),#8367,.T.);
#8361 = FACE_BOUND('',#8362,.T.);
#8362 = EDGE_LOOP('',(#8363,#8364,#8365,#8366));
#8363 = ORIENTED_EDGE('',*,*,#8322,.F.);
#8364 = ORIENTED_EDGE('',*,*,#8347,.F.);
#8365 = ORIENTED_EDGE('',*,*,#8179,.T.);
#8366 = ORIENTED_EDGE('',*,*,#8215,.T.);
#8367 = CYLINDRICAL_SURFACE('',#8368,4.5);
#8368 = AXIS2_PLACEMENT_3D('',#8369,#8370,#8371);
#8369 = CARTESIAN_POINT('',(9.4,0.,30.));
#8370 = DIRECTION('',(1.,0.,0.));
#8371 = DIRECTION('',(0.,1.,0.));
#8372 = ADVANCED_FACE('',(#8373),#8379,.F.);
#8373 = FACE_BOUND('',#8374,.F.);
#8374 = EDGE_LOOP('',(#8375,#8376,#8377,#8378));
#8375 = ORIENTED_EDGE('',*,*,#8330,.F.);
#8376 = ORIENTED_EDGE('',*,*,#8288,.F.);
#8377 = ORIENTED_EDGE('',*,*,#8270,.T.);
#8378 = ORIENTED_EDGE('',*,*,#8231,.T.);
#8379 = CYLINDRICAL_SURFACE('',#8380,3.);
#8380 = AXIS2_PLACEMENT_3D('',#8381,#8382,#8383);
#8381 = CARTESIAN_POINT('',(8.4,0.,30.));
#8382 = DIRECTION('',(1.,0.,0.));
#8383 = DIRECTION('',(0.,1.,0.));
#8384 = MANIFOLD_SOLID_BREP('',#8385);
#8385 = CLOSED_SHELL('',(#8386,#8419,#8428));
#8386 = ADVANCED_FACE('',(#8387),#8414,.T.);
#8387 = FACE_BOUND('',#8388,.T.);
#8388 = EDGE_LOOP('',(#8389,#8398,#8406,#8413));
#8389 = ORIENTED_EDGE('',*,*,#8390,.F.);
#8390 = EDGE_CURVE('',#8391,#8391,#8393,.T.);
#8391 = VERTEX_POINT('',#8392);
#8392 = CARTESIAN_POINT('',(8.4,-3.23,35.44));
#8393 = CIRCLE('',#8394,3.5);
#8394 = AXIS2_PLACEMENT_3D('',#8395,#8396,#8397);
#8395 = CARTESIAN_POINT('',(4.9,-3.23,35.44));
#8396 = DIRECTION('',(-0.,1.,0.));
#8397 = DIRECTION('',(1.,0.,0.));
#8398 = ORIENTED_EDGE('',*,*,#8399,.F.);
#8399 = EDGE_CURVE('',#8400,#8391,#8402,.T.);
#8400 = VERTEX_POINT('',#8401);
#8401 = CARTESIAN_POINT('',(8.4,-7.23,35.44));
#8402 = LINE('',#8403,#8404);
#8403 = CARTESIAN_POINT('',(8.4,-7.23,35.44));
#8404 = VECTOR('',#8405,1.);
#8405 = DIRECTION('',(0.,1.,0.));
#8406 = ORIENTED_EDGE('',*,*,#8407,.T.);
#8407 = EDGE_CURVE('',#8400,#8400,#8408,.T.);
#8408 = CIRCLE('',#8409,3.5);
#8409 = AXIS2_PLACEMENT_3D('',#8410,#8411,#8412);
#8410 = CARTESIAN_POINT('',(4.9,-7.23,35.44));
#8411 = DIRECTION('',(-0.,1.,0.));
#8412 = DIRECTION('',(1.,0.,0.));
#8413 = ORIENTED_EDGE('',*,*,#8399,.T.);
#8414 = CYLINDRICAL_SURFACE('',#8415,3.5);
#8415 = AXIS2_PLACEMENT_3D('',#8416,#8417,#8418);
#8416 = CARTESIAN_POINT('',(4.9,-7.23,35.44));
#8417 = DIRECTION('',(0.,1.,0.));
#8418 = DIRECTION('',(1.,0.,0.));
#8419 = ADVANCED_FACE('',(#8420),#8423,.T.);
#8420 = FACE_BOUND('',#8421,.T.);
#8421 = EDGE_LOOP('',(#8422));
#8422 = ORIENTED_EDGE('',*,*,#8390,.T.);
#8423 = PLANE('',#8424);
#8424 = AXIS2_PLACEMENT_3D('',#8425,#8426,#8427);
#8425 = CARTESIAN_POINT('',(4.9,-3.23,35.44));
#8426 = DIRECTION('',(0.,1.,0.));
#8427 = DIRECTION('',(1.,0.,0.));
#8428 = ADVANCED_FACE('',(#8429),#8432,.F.);
#8429 = FACE_BOUND('',#8430,.T.);
#8430 = EDGE_LOOP('',(#8431));
#8431 = ORIENTED_EDGE('',*,*,#8407,.F.);
#8432 = PLANE('',#8433);
#8433 = AXIS2_PLACEMENT_3D('',#8434,#8435,#8436);
#8434 = CARTESIAN_POINT('',(4.9,-7.23,35.44));
#8435 = DIRECTION('',(0.,1.,0.));
#8436 = DIRECTION('',(1.,0.,0.));
#8437 = MANIFOLD_SOLID_BREP('',#8438);
#8438 = CLOSED_SHELL('',(#8439,#8481,#8514,#8556,#8604,#8639,#8680,#8705
    ,#8723,#8748,#8782,#8799,#8811));
#8439 = ADVANCED_FACE('',(#8440),#8476,.T.);
#8440 = FACE_BOUND('',#8441,.T.);
#8441 = EDGE_LOOP('',(#8442,#8452,#8461,#8469));
#8442 = ORIENTED_EDGE('',*,*,#8443,.T.);
#8443 = EDGE_CURVE('',#8444,#8446,#8448,.T.);
#8444 = VERTEX_POINT('',#8445);
#8445 = CARTESIAN_POINT('',(32.6,9.5,30.));
#8446 = VERTEX_POINT('',#8447);
#8447 = CARTESIAN_POINT('',(23.6,9.5,30.));
#8448 = LINE('',#8449,#8450);
#8449 = CARTESIAN_POINT('',(32.6,9.5,30.));
#8450 = VECTOR('',#8451,1.);
#8451 = DIRECTION('',(-1.,0.,0.));
#8452 = ORIENTED_EDGE('',*,*,#8453,.F.);
#8453 = EDGE_CURVE('',#8454,#8446,#8456,.T.);
#8454 = VERTEX_POINT('',#8455);
#8455 = CARTESIAN_POINT('',(23.6,-0.75,20.529651537562));
#8456 = CIRCLE('',#8457,9.5);
#8457 = AXIS2_PLACEMENT_3D('',#8458,#8459,#8460);
#8458 = CARTESIAN_POINT('',(23.6,0.,30.));
#8459 = DIRECTION('',(-1.,0.,0.));
#8460 = DIRECTION('',(0.,1.,0.));
#8461 = ORIENTED_EDGE('',*,*,#8462,.F.);
#8462 = EDGE_CURVE('',#8463,#8454,#8465,.T.);
#8463 = VERTEX_POINT('',#8464);
#8464 = CARTESIAN_POINT('',(32.6,-0.75,20.529651537562));
#8465 = LINE('',#8466,#8467);
#8466 = CARTESIAN_POINT('',(32.6,-0.75,20.529651537562));
#8467 = VECTOR('',#8468,1.);
#8468 = DIRECTION('',(-1.,0.,0.));
#8469 = ORIENTED_EDGE('',*,*,#8470,.T.);
#8470 = EDGE_CURVE('',#8463,#8444,#8471,.T.);
#8471 = CIRCLE('',#8472,9.5);
#8472 = AXIS2_PLACEMENT_3D('',#8473,#8474,#8475);
#8473 = CARTESIAN_POINT('',(32.6,0.,30.));
#8474 = DIRECTION('',(-1.,0.,0.));
#8475 = DIRECTION('',(0.,1.,0.));
#8476 = CYLINDRICAL_SURFACE('',#8477,9.5);
#8477 = AXIS2_PLACEMENT_3D('',#8478,#8479,#8480);
#8478 = CARTESIAN_POINT('',(32.6,0.,30.));
#8479 = DIRECTION('',(-1.,0.,0.));
#8480 = DIRECTION('',(0.,1.,0.));
#8481 = ADVANCED_FACE('',(#8482),#8509,.T.);
#8482 = FACE_BOUND('',#8483,.T.);
#8483 = EDGE_LOOP('',(#8484,#8493,#8494,#8503));
#8484 = ORIENTED_EDGE('',*,*,#8485,.F.);
#8485 = EDGE_CURVE('',#8446,#8486,#8488,.T.);
#8486 = VERTEX_POINT('',#8487);
#8487 = CARTESIAN_POINT('',(23.6,0.75,20.529651537562));
#8488 = CIRCLE('',#8489,9.5);
#8489 = AXIS2_PLACEMENT_3D('',#8490,#8491,#8492);
#8490 = CARTESIAN_POINT('',(23.6,0.,30.));
#8491 = DIRECTION('',(-1.,0.,0.));
#8492 = DIRECTION('',(0.,1.,0.));
#8493 = ORIENTED_EDGE('',*,*,#8443,.F.);
#8494 = ORIENTED_EDGE('',*,*,#8495,.T.);
#8495 = EDGE_CURVE('',#8444,#8496,#8498,.T.);
#8496 = VERTEX_POINT('',#8497);
#8497 = CARTESIAN_POINT('',(32.6,0.75,20.529651537562));
#8498 = CIRCLE('',#8499,9.5);
#8499 = AXIS2_PLACEMENT_3D('',#8500,#8501,#8502);
#8500 = CARTESIAN_POINT('',(32.6,0.,30.));
#8501 = DIRECTION('',(-1.,0.,0.));
#8502 = DIRECTION('',(0.,1.,0.));
#8503 = ORIENTED_EDGE('',*,*,#8504,.T.);
#8504 = EDGE_CURVE('',#8496,#8486,#8505,.T.);
#8505 = LINE('',#8506,#8507);
#8506 = CARTESIAN_POINT('',(32.6,0.75,20.529651537562));
#8507 = VECTOR('',#8508,1.);
#8508 = DIRECTION('',(-1.,0.,0.));
#8509 = CYLINDRICAL_SURFACE('',#8510,9.5);
#8510 = AXIS2_PLACEMENT_3D('',#8511,#8512,#8513);
#8511 = CARTESIAN_POINT('',(32.6,0.,30.));
#8512 = DIRECTION('',(-1.,0.,0.));
#8513 = DIRECTION('',(0.,1.,0.));
#8514 = ADVANCED_FACE('',(#8515),#8551,.F.);
#8515 = FACE_BOUND('',#8516,.F.);
#8516 = EDGE_LOOP('',(#8517,#8518,#8519,#8527,#8536,#8545));
#8517 = ORIENTED_EDGE('',*,*,#8470,.T.);
#8518 = ORIENTED_EDGE('',*,*,#8495,.T.);
#8519 = ORIENTED_EDGE('',*,*,#8520,.F.);
#8520 = EDGE_CURVE('',#8521,#8496,#8523,.T.);
#8521 = VERTEX_POINT('',#8522);
#8522 = CARTESIAN_POINT('',(32.6,0.75,27.095262490344));
#8523 = LINE('',#8524,#8525);
#8524 = CARTESIAN_POINT('',(32.6,0.75,27.1));
#8525 = VECTOR('',#8526,1.);
#8526 = DIRECTION('',(0.,0.,-1.));
#8527 = ORIENTED_EDGE('',*,*,#8528,.F.);
#8528 = EDGE_CURVE('',#8529,#8521,#8531,.T.);
#8529 = VERTEX_POINT('',#8530);
#8530 = CARTESIAN_POINT('',(32.6,3.,30.));
#8531 = CIRCLE('',#8532,3.);
#8532 = AXIS2_PLACEMENT_3D('',#8533,#8534,#8535);
#8533 = CARTESIAN_POINT('',(32.6,0.,30.));
#8534 = DIRECTION('',(-1.,0.,0.));
#8535 = DIRECTION('',(0.,1.,0.));
#8536 = ORIENTED_EDGE('',*,*,#8537,.F.);
#8537 = EDGE_CURVE('',#8538,#8529,#8540,.T.);
#8538 = VERTEX_POINT('',#8539);
#8539 = CARTESIAN_POINT('',(32.6,-0.75,27.095262490344));
#8540 = CIRCLE('',#8541,3.);
#8541 = AXIS2_PLACEMENT_3D('',#8542,#8543,#8544);
#8542 = CARTESIAN_POINT('',(32.6,0.,30.));
#8543 = DIRECTION('',(-1.,0.,0.));
#8544 = DIRECTION('',(0.,1.,0.));
#8545 = ORIENTED_EDGE('',*,*,#8546,.T.);
#8546 = EDGE_CURVE('',#8538,#8463,#8547,.T.);
#8547 = LINE('',#8548,#8549);
#8548 = CARTESIAN_POINT('',(32.6,-0.75,27.1));
#8549 = VECTOR('',#8550,1.);
#8550 = DIRECTION('',(0.,0.,-1.));
#8551 = PLANE('',#8552);
#8552 = AXIS2_PLACEMENT_3D('',#8553,#8554,#8555);
#8553 = CARTESIAN_POINT('',(32.6,0.,30.));
#8554 = DIRECTION('',(-1.,0.,0.));
#8555 = DIRECTION('',(0.,1.,0.));
#8556 = ADVANCED_FACE('',(#8557),#8599,.T.);
#8557 = FACE_BOUND('',#8558,.T.);
#8558 = EDGE_LOOP('',(#8559,#8567,#8568,#8569,#8577,#8585,#8593));
#8559 = ORIENTED_EDGE('',*,*,#8560,.F.);
#8560 = EDGE_CURVE('',#8538,#8561,#8563,.T.);
#8561 = VERTEX_POINT('',#8562);
#8562 = CARTESIAN_POINT('',(23.6,-0.75,27.095262490344));
#8563 = LINE('',#8564,#8565);
#8564 = CARTESIAN_POINT('',(33.6,-0.75,27.095262490344));
#8565 = VECTOR('',#8566,1.);
#8566 = DIRECTION('',(-1.,0.,0.));
#8567 = ORIENTED_EDGE('',*,*,#8546,.T.);
#8568 = ORIENTED_EDGE('',*,*,#8462,.T.);
#8569 = ORIENTED_EDGE('',*,*,#8570,.F.);
#8570 = EDGE_CURVE('',#8571,#8454,#8573,.T.);
#8571 = VERTEX_POINT('',#8572);
#8572 = CARTESIAN_POINT('',(23.6,-0.75,25.562940162675));
#8573 = LINE('',#8574,#8575);
#8574 = CARTESIAN_POINT('',(23.6,-0.75,28.55));
#8575 = VECTOR('',#8576,1.);
#8576 = DIRECTION('',(0.,0.,-1.));
#8577 = ORIENTED_EDGE('',*,*,#8578,.T.);
#8578 = EDGE_CURVE('',#8571,#8579,#8581,.T.);
#8579 = VERTEX_POINT('',#8580);
#8580 = CARTESIAN_POINT('',(23.1,-0.75,25.562940162675));
#8581 = LINE('',#8582,#8583);
#8582 = CARTESIAN_POINT('',(23.6,-0.75,25.562940162675));
#8583 = VECTOR('',#8584,1.);
#8584 = DIRECTION('',(-1.,0.,0.));
#8585 = ORIENTED_EDGE('',*,*,#8586,.F.);
#8586 = EDGE_CURVE('',#8587,#8579,#8589,.T.);
#8587 = VERTEX_POINT('',#8588);
#8588 = CARTESIAN_POINT('',(23.1,-0.75,27.095262490344));
#8589 = LINE('',#8590,#8591);
#8590 = CARTESIAN_POINT('',(23.1,-0.75,28.55));
#8591 = VECTOR('',#8592,1.);
#8592 = DIRECTION('',(0.,0.,-1.));
#8593 = ORIENTED_EDGE('',*,*,#8594,.F.);
#8594 = EDGE_CURVE('',#8561,#8587,#8595,.T.);
#8595 = LINE('',#8596,#8597);
#8596 = CARTESIAN_POINT('',(24.6,-0.75,27.095262490344));
#8597 = VECTOR('',#8598,1.);
#8598 = DIRECTION('',(-1.,0.,0.));
#8599 = PLANE('',#8600);
#8600 = AXIS2_PLACEMENT_3D('',#8601,#8602,#8603);
#8601 = CARTESIAN_POINT('',(32.6,-0.75,27.1));
#8602 = DIRECTION('',(0.,1.,0.));
#8603 = DIRECTION('',(-1.,0.,0.));
#8604 = ADVANCED_FACE('',(#8605),#8634,.T.);
#8605 = FACE_BOUND('',#8606,.T.);
#8606 = EDGE_LOOP('',(#8607,#8608,#8609,#8617,#8626,#8633));
#8607 = ORIENTED_EDGE('',*,*,#8453,.T.);
#8608 = ORIENTED_EDGE('',*,*,#8485,.T.);
#8609 = ORIENTED_EDGE('',*,*,#8610,.F.);
#8610 = EDGE_CURVE('',#8611,#8486,#8613,.T.);
#8611 = VERTEX_POINT('',#8612);
#8612 = CARTESIAN_POINT('',(23.6,0.75,25.562940162675));
#8613 = LINE('',#8614,#8615);
#8614 = CARTESIAN_POINT('',(23.6,0.75,28.55));
#8615 = VECTOR('',#8616,1.);
#8616 = DIRECTION('',(0.,0.,-1.));
#8617 = ORIENTED_EDGE('',*,*,#8618,.F.);
#8618 = EDGE_CURVE('',#8619,#8611,#8621,.T.);
#8619 = VERTEX_POINT('',#8620);
#8620 = CARTESIAN_POINT('',(23.6,4.5,30.));
#8621 = CIRCLE('',#8622,4.5);
#8622 = AXIS2_PLACEMENT_3D('',#8623,#8624,#8625);
#8623 = CARTESIAN_POINT('',(23.6,0.,30.));
#8624 = DIRECTION('',(-1.,0.,0.));
#8625 = DIRECTION('',(0.,1.,0.));
#8626 = ORIENTED_EDGE('',*,*,#8627,.F.);
#8627 = EDGE_CURVE('',#8571,#8619,#8628,.T.);
#8628 = CIRCLE('',#8629,4.5);
#8629 = AXIS2_PLACEMENT_3D('',#8630,#8631,#8632);
#8630 = CARTESIAN_POINT('',(23.6,0.,30.));
#8631 = DIRECTION('',(-1.,0.,0.));
#8632 = DIRECTION('',(0.,1.,0.));
#8633 = ORIENTED_EDGE('',*,*,#8570,.T.);
#8634 = PLANE('',#8635);
#8635 = AXIS2_PLACEMENT_3D('',#8636,#8637,#8638);
#8636 = CARTESIAN_POINT('',(23.6,0.,30.));
#8637 = DIRECTION('',(-1.,0.,0.));
#8638 = DIRECTION('',(0.,1.,0.));
#8639 = ADVANCED_FACE('',(#8640),#8675,.F.);
#8640 = FACE_BOUND('',#8641,.F.);
#8641 = EDGE_LOOP('',(#8642,#8650,#8651,#8652,#8653,#8661,#8669));
#8642 = ORIENTED_EDGE('',*,*,#8643,.F.);
#8643 = EDGE_CURVE('',#8521,#8644,#8646,.T.);
#8644 = VERTEX_POINT('',#8645);
#8645 = CARTESIAN_POINT('',(23.6,0.75,27.095262490344));
#8646 = LINE('',#8647,#8648);
#8647 = CARTESIAN_POINT('',(33.6,0.75,27.095262490344));
#8648 = VECTOR('',#8649,1.);
#8649 = DIRECTION('',(-1.,0.,0.));
#8650 = ORIENTED_EDGE('',*,*,#8520,.T.);
#8651 = ORIENTED_EDGE('',*,*,#8504,.T.);
#8652 = ORIENTED_EDGE('',*,*,#8610,.F.);
#8653 = ORIENTED_EDGE('',*,*,#8654,.T.);
#8654 = EDGE_CURVE('',#8611,#8655,#8657,.T.);
#8655 = VERTEX_POINT('',#8656);
#8656 = CARTESIAN_POINT('',(23.1,0.75,25.562940162675));
#8657 = LINE('',#8658,#8659);
#8658 = CARTESIAN_POINT('',(23.6,0.75,25.562940162675));
#8659 = VECTOR('',#8660,1.);
#8660 = DIRECTION('',(-1.,0.,0.));
#8661 = ORIENTED_EDGE('',*,*,#8662,.F.);
#8662 = EDGE_CURVE('',#8663,#8655,#8665,.T.);
#8663 = VERTEX_POINT('',#8664);
#8664 = CARTESIAN_POINT('',(23.1,0.75,27.095262490344));
#8665 = LINE('',#8666,#8667);
#8666 = CARTESIAN_POINT('',(23.1,0.75,28.55));
#8667 = VECTOR('',#8668,1.);
#8668 = DIRECTION('',(0.,0.,-1.));
#8669 = ORIENTED_EDGE('',*,*,#8670,.F.);
#8670 = EDGE_CURVE('',#8644,#8663,#8671,.T.);
#8671 = LINE('',#8672,#8673);
#8672 = CARTESIAN_POINT('',(24.6,0.75,27.095262490344));
#8673 = VECTOR('',#8674,1.);
#8674 = DIRECTION('',(-1.,0.,0.));
#8675 = PLANE('',#8676);
#8676 = AXIS2_PLACEMENT_3D('',#8677,#8678,#8679);
#8677 = CARTESIAN_POINT('',(32.6,0.75,27.1));
#8678 = DIRECTION('',(0.,1.,0.));
#8679 = DIRECTION('',(-1.,0.,0.));
#8680 = ADVANCED_FACE('',(#8681),#8700,.F.);
#8681 = FACE_BOUND('',#8682,.F.);
#8682 = EDGE_LOOP('',(#8683,#8691,#8698,#8699));
#8683 = ORIENTED_EDGE('',*,*,#8684,.T.);
#8684 = EDGE_CURVE('',#8529,#8685,#8687,.T.);
#8685 = VERTEX_POINT('',#8686);
#8686 = CARTESIAN_POINT('',(23.6,3.,30.));
#8687 = LINE('',#8688,#8689);
#8688 = CARTESIAN_POINT('',(33.6,3.,30.));
#8689 = VECTOR('',#8690,1.);
#8690 = DIRECTION('',(-1.,0.,0.));
#8691 = ORIENTED_EDGE('',*,*,#8692,.F.);
#8692 = EDGE_CURVE('',#8561,#8685,#8693,.T.);
#8693 = CIRCLE('',#8694,3.);
#8694 = AXIS2_PLACEMENT_3D('',#8695,#8696,#8697);
#8695 = CARTESIAN_POINT('',(23.6,0.,30.));
#8696 = DIRECTION('',(-1.,0.,0.));
#8697 = DIRECTION('',(0.,1.,0.));
#8698 = ORIENTED_EDGE('',*,*,#8560,.F.);
#8699 = ORIENTED_EDGE('',*,*,#8537,.T.);
#8700 = CYLINDRICAL_SURFACE('',#8701,3.);
#8701 = AXIS2_PLACEMENT_3D('',#8702,#8703,#8704);
#8702 = CARTESIAN_POINT('',(33.6,0.,30.));
#8703 = DIRECTION('',(-1.,0.,0.));
#8704 = DIRECTION('',(0.,1.,0.));
#8705 = ADVANCED_FACE('',(#8706),#8718,.F.);
#8706 = FACE_BOUND('',#8707,.F.);
#8707 = EDGE_LOOP('',(#8708,#8715,#8716,#8717));
#8708 = ORIENTED_EDGE('',*,*,#8709,.F.);
#8709 = EDGE_CURVE('',#8685,#8644,#8710,.T.);
#8710 = CIRCLE('',#8711,3.);
#8711 = AXIS2_PLACEMENT_3D('',#8712,#8713,#8714);
#8712 = CARTESIAN_POINT('',(23.6,0.,30.));
#8713 = DIRECTION('',(-1.,0.,0.));
#8714 = DIRECTION('',(0.,1.,0.));
#8715 = ORIENTED_EDGE('',*,*,#8684,.F.);
#8716 = ORIENTED_EDGE('',*,*,#8528,.T.);
#8717 = ORIENTED_EDGE('',*,*,#8643,.T.);
#8718 = CYLINDRICAL_SURFACE('',#8719,3.);
#8719 = AXIS2_PLACEMENT_3D('',#8720,#8721,#8722);
#8720 = CARTESIAN_POINT('',(33.6,0.,30.));
#8721 = DIRECTION('',(-1.,0.,0.));
#8722 = DIRECTION('',(0.,1.,0.));
#8723 = ADVANCED_FACE('',(#8724),#8743,.F.);
#8724 = FACE_BOUND('',#8725,.F.);
#8725 = EDGE_LOOP('',(#8726,#8734,#8741,#8742));
#8726 = ORIENTED_EDGE('',*,*,#8727,.T.);
#8727 = EDGE_CURVE('',#8685,#8728,#8730,.T.);
#8728 = VERTEX_POINT('',#8729);
#8729 = CARTESIAN_POINT('',(23.1,3.,30.));
#8730 = LINE('',#8731,#8732);
#8731 = CARTESIAN_POINT('',(24.6,3.,30.));
#8732 = VECTOR('',#8733,1.);
#8733 = DIRECTION('',(-1.,0.,0.));
#8734 = ORIENTED_EDGE('',*,*,#8735,.F.);
#8735 = EDGE_CURVE('',#8587,#8728,#8736,.T.);
#8736 = CIRCLE('',#8737,3.);
#8737 = AXIS2_PLACEMENT_3D('',#8738,#8739,#8740);
#8738 = CARTESIAN_POINT('',(23.1,0.,30.));
#8739 = DIRECTION('',(-1.,0.,0.));
#8740 = DIRECTION('',(0.,1.,0.));
#8741 = ORIENTED_EDGE('',*,*,#8594,.F.);
#8742 = ORIENTED_EDGE('',*,*,#8692,.T.);
#8743 = CYLINDRICAL_SURFACE('',#8744,3.);
#8744 = AXIS2_PLACEMENT_3D('',#8745,#8746,#8747);
#8745 = CARTESIAN_POINT('',(24.6,0.,30.));
#8746 = DIRECTION('',(-1.,0.,0.));
#8747 = DIRECTION('',(0.,1.,0.));
#8748 = ADVANCED_FACE('',(#8749),#8777,.T.);
#8749 = FACE_BOUND('',#8750,.T.);
#8750 = EDGE_LOOP('',(#8751,#8760,#8767,#8768,#8775,#8776));
#8751 = ORIENTED_EDGE('',*,*,#8752,.T.);
#8752 = EDGE_CURVE('',#8579,#8753,#8755,.T.);
#8753 = VERTEX_POINT('',#8754);
#8754 = CARTESIAN_POINT('',(23.1,4.5,30.));
#8755 = CIRCLE('',#8756,4.5);
#8756 = AXIS2_PLACEMENT_3D('',#8757,#8758,#8759);
#8757 = CARTESIAN_POINT('',(23.1,0.,30.));
#8758 = DIRECTION('',(-1.,0.,0.));
#8759 = DIRECTION('',(0.,1.,0.));
#8760 = ORIENTED_EDGE('',*,*,#8761,.T.);
#8761 = EDGE_CURVE('',#8753,#8655,#8762,.T.);
#8762 = CIRCLE('',#8763,4.5);
#8763 = AXIS2_PLACEMENT_3D('',#8764,#8765,#8766);
#8764 = CARTESIAN_POINT('',(23.1,0.,30.));
#8765 = DIRECTION('',(-1.,0.,0.));
#8766 = DIRECTION('',(0.,1.,0.));
#8767 = ORIENTED_EDGE('',*,*,#8662,.F.);
#8768 = ORIENTED_EDGE('',*,*,#8769,.F.);
#8769 = EDGE_CURVE('',#8728,#8663,#8770,.T.);
#8770 = CIRCLE('',#8771,3.);
#8771 = AXIS2_PLACEMENT_3D('',#8772,#8773,#8774);
#8772 = CARTESIAN_POINT('',(23.1,0.,30.));
#8773 = DIRECTION('',(-1.,0.,0.));
#8774 = DIRECTION('',(0.,1.,0.));
#8775 = ORIENTED_EDGE('',*,*,#8735,.F.);
#8776 = ORIENTED_EDGE('',*,*,#8586,.T.);
#8777 = PLANE('',#8778);
#8778 = AXIS2_PLACEMENT_3D('',#8779,#8780,#8781);
#8779 = CARTESIAN_POINT('',(23.1,0.,30.));
#8780 = DIRECTION('',(-1.,0.,0.));
#8781 = DIRECTION('',(0.,1.,0.));
#8782 = ADVANCED_FACE('',(#8783),#8794,.T.);
#8783 = FACE_BOUND('',#8784,.T.);
#8784 = EDGE_LOOP('',(#8785,#8791,#8792,#8793));
#8785 = ORIENTED_EDGE('',*,*,#8786,.T.);
#8786 = EDGE_CURVE('',#8619,#8753,#8787,.T.);
#8787 = LINE('',#8788,#8789);
#8788 = CARTESIAN_POINT('',(23.6,4.5,30.));
#8789 = VECTOR('',#8790,1.);
#8790 = DIRECTION('',(-1.,0.,0.));
#8791 = ORIENTED_EDGE('',*,*,#8752,.F.);
#8792 = ORIENTED_EDGE('',*,*,#8578,.F.);
#8793 = ORIENTED_EDGE('',*,*,#8627,.T.);
#8794 = CYLINDRICAL_SURFACE('',#8795,4.5);
#8795 = AXIS2_PLACEMENT_3D('',#8796,#8797,#8798);
#8796 = CARTESIAN_POINT('',(23.6,0.,30.));
#8797 = DIRECTION('',(-1.,0.,0.));
#8798 = DIRECTION('',(0.,1.,0.));
#8799 = ADVANCED_FACE('',(#8800),#8806,.T.);
#8800 = FACE_BOUND('',#8801,.T.);
#8801 = EDGE_LOOP('',(#8802,#8803,#8804,#8805));
#8802 = ORIENTED_EDGE('',*,*,#8761,.F.);
#8803 = ORIENTED_EDGE('',*,*,#8786,.F.);
#8804 = ORIENTED_EDGE('',*,*,#8618,.T.);
#8805 = ORIENTED_EDGE('',*,*,#8654,.T.);
#8806 = CYLINDRICAL_SURFACE('',#8807,4.5);
#8807 = AXIS2_PLACEMENT_3D('',#8808,#8809,#8810);
#8808 = CARTESIAN_POINT('',(23.6,0.,30.));
#8809 = DIRECTION('',(-1.,0.,0.));
#8810 = DIRECTION('',(0.,1.,0.));
#8811 = ADVANCED_FACE('',(#8812),#8818,.F.);
#8812 = FACE_BOUND('',#8813,.F.);
#8813 = EDGE_LOOP('',(#8814,#8815,#8816,#8817));
#8814 = ORIENTED_EDGE('',*,*,#8769,.F.);
#8815 = ORIENTED_EDGE('',*,*,#8727,.F.);
#8816 = ORIENTED_EDGE('',*,*,#8709,.T.);
#8817 = ORIENTED_EDGE('',*,*,#8670,.T.);
#8818 = CYLINDRICAL_SURFACE('',#8819,3.);
#8819 = AXIS2_PLACEMENT_3D('',#8820,#8821,#8822);
#8820 = CARTESIAN_POINT('',(24.6,0.,30.));
#8821 = DIRECTION('',(-1.,0.,0.));
#8822 = DIRECTION('',(0.,1.,0.));
#8823 = MANIFOLD_SOLID_BREP('',#8824);
#8824 = CLOSED_SHELL('',(#8825,#8858,#8867));
#8825 = ADVANCED_FACE('',(#8826),#8853,.T.);
#8826 = FACE_BOUND('',#8827,.T.);
#8827 = EDGE_LOOP('',(#8828,#8837,#8845,#8852));
#8828 = ORIENTED_EDGE('',*,*,#8829,.F.);
#8829 = EDGE_CURVE('',#8830,#8830,#8832,.T.);
#8830 = VERTEX_POINT('',#8831);
#8831 = CARTESIAN_POINT('',(24.6,-3.23,24.56));
#8832 = CIRCLE('',#8833,3.5);
#8833 = AXIS2_PLACEMENT_3D('',#8834,#8835,#8836);
#8834 = CARTESIAN_POINT('',(28.1,-3.23,24.56));
#8835 = DIRECTION('',(0.,1.,-0.));
#8836 = DIRECTION('',(-1.,0.,0.));
#8837 = ORIENTED_EDGE('',*,*,#8838,.F.);
#8838 = EDGE_CURVE('',#8839,#8830,#8841,.T.);
#8839 = VERTEX_POINT('',#8840);
#8840 = CARTESIAN_POINT('',(24.6,-7.23,24.56));
#8841 = LINE('',#8842,#8843);
#8842 = CARTESIAN_POINT('',(24.6,-7.23,24.56));
#8843 = VECTOR('',#8844,1.);
#8844 = DIRECTION('',(0.,1.,0.));
#8845 = ORIENTED_EDGE('',*,*,#8846,.T.);
#8846 = EDGE_CURVE('',#8839,#8839,#8847,.T.);
#8847 = CIRCLE('',#8848,3.5);
#8848 = AXIS2_PLACEMENT_3D('',#8849,#8850,#8851);
#8849 = CARTESIAN_POINT('',(28.1,-7.23,24.56));
#8850 = DIRECTION('',(0.,1.,-0.));
#8851 = DIRECTION('',(-1.,0.,0.));
#8852 = ORIENTED_EDGE('',*,*,#8838,.T.);
#8853 = CYLINDRICAL_SURFACE('',#8854,3.5);
#8854 = AXIS2_PLACEMENT_3D('',#8855,#8856,#8857);
#8855 = CARTESIAN_POINT('',(28.1,-7.23,24.56));
#8856 = DIRECTION('',(0.,1.,0.));
#8857 = DIRECTION('',(-1.,0.,0.));
#8858 = ADVANCED_FACE('',(#8859),#8862,.T.);
#8859 = FACE_BOUND('',#8860,.T.);
#8860 = EDGE_LOOP('',(#8861));
#8861 = ORIENTED_EDGE('',*,*,#8829,.T.);
#8862 = PLANE('',#8863);
#8863 = AXIS2_PLACEMENT_3D('',#8864,#8865,#8866);
#8864 = CARTESIAN_POINT('',(28.1,-3.23,24.56));
#8865 = DIRECTION('',(0.,1.,0.));
#8866 = DIRECTION('',(-1.,0.,0.));
#8867 = ADVANCED_FACE('',(#8868),#8871,.F.);
#8868 = FACE_BOUND('',#8869,.T.);
#8869 = EDGE_LOOP('',(#8870));
#8870 = ORIENTED_EDGE('',*,*,#8846,.F.);
#8871 = PLANE('',#8872);
#8872 = AXIS2_PLACEMENT_3D('',#8873,#8874,#8875);
#8873 = CARTESIAN_POINT('',(28.1,-7.23,24.56));
#8874 = DIRECTION('',(0.,1.,0.));
#8875 = DIRECTION('',(-1.,0.,0.));
#8876 = MANIFOLD_SOLID_BREP('',#8877);
#8877 = CLOSED_SHELL('',(#8878,#8911,#8975,#8995,#9038,#9081,#9124,#9149
    ,#9192,#9217,#9314,#9330,#9347,#9363,#9418,#9435,#9455,#9480,#9502)
  );
#8878 = ADVANCED_FACE('',(#8879),#8906,.T.);
#8879 = FACE_BOUND('',#8880,.T.);
#8880 = EDGE_LOOP('',(#8881,#8890,#8898,#8905));
#8881 = ORIENTED_EDGE('',*,*,#8882,.F.);
#8882 = EDGE_CURVE('',#8883,#8883,#8885,.T.);
#8883 = VERTEX_POINT('',#8884);
#8884 = CARTESIAN_POINT('',(43.,16.,30.));
#8885 = CIRCLE('',#8886,16.);
#8886 = AXIS2_PLACEMENT_3D('',#8887,#8888,#8889);
#8887 = CARTESIAN_POINT('',(43.,0.,30.));
#8888 = DIRECTION('',(1.,0.,0.));
#8889 = DIRECTION('',(0.,1.,0.));
#8890 = ORIENTED_EDGE('',*,*,#8891,.F.);
#8891 = EDGE_CURVE('',#8892,#8883,#8894,.T.);
#8892 = VERTEX_POINT('',#8893);
#8893 = CARTESIAN_POINT('',(35.,16.,30.));
#8894 = LINE('',#8895,#8896);
#8895 = CARTESIAN_POINT('',(35.,16.,30.));
#8896 = VECTOR('',#8897,1.);
#8897 = DIRECTION('',(1.,0.,0.));
#8898 = ORIENTED_EDGE('',*,*,#8899,.T.);
#8899 = EDGE_CURVE('',#8892,#8892,#8900,.T.);
#8900 = CIRCLE('',#8901,16.);
#8901 = AXIS2_PLACEMENT_3D('',#8902,#8903,#8904);
#8902 = CARTESIAN_POINT('',(35.,0.,30.));
#8903 = DIRECTION('',(1.,0.,0.));
#8904 = DIRECTION('',(0.,1.,0.));
#8905 = ORIENTED_EDGE('',*,*,#8891,.T.);
#8906 = CYLINDRICAL_SURFACE('',#8907,16.);
#8907 = AXIS2_PLACEMENT_3D('',#8908,#8909,#8910);
#8908 = CARTESIAN_POINT('',(35.,0.,30.));
#8909 = DIRECTION('',(1.,0.,0.));
#8910 = DIRECTION('',(0.,1.,0.));
#8911 = ADVANCED_FACE('',(#8912,#8915,#8926,#8937,#8948,#8959),#8970,.T.
  );
#8912 = FACE_BOUND('',#8913,.T.);
#8913 = EDGE_LOOP('',(#8914));
#8914 = ORIENTED_EDGE('',*,*,#8882,.T.);
#8915 = FACE_BOUND('',#8916,.T.);
#8916 = EDGE_LOOP('',(#8917));
#8917 = ORIENTED_EDGE('',*,*,#8918,.F.);
#8918 = EDGE_CURVE('',#8919,#8919,#8921,.T.);
#8919 = VERTEX_POINT('',#8920);
#8920 = CARTESIAN_POINT('',(43.,-6.35,22.));
#8921 = CIRCLE('',#8922,1.65);
#8922 = AXIS2_PLACEMENT_3D('',#8923,#8924,#8925);
#8923 = CARTESIAN_POINT('',(43.,-8.,22.));
#8924 = DIRECTION('',(1.,0.,0.));
#8925 = DIRECTION('',(0.,1.,0.));
#8926 = FACE_BOUND('',#8927,.T.);
#8927 = EDGE_LOOP('',(#8928));
#8928 = ORIENTED_EDGE('',*,*,#8929,.F.);
#8929 = EDGE_CURVE('',#8930,#8930,#8932,.T.);
#8930 = VERTEX_POINT('',#8931);
#8931 = CARTESIAN_POINT('',(43.,9.65,22.));
#8932 = CIRCLE('',#8933,1.65);
#8933 = AXIS2_PLACEMENT_3D('',#8934,#8935,#8936);
#8934 = CARTESIAN_POINT('',(43.,8.,22.));
#8935 = DIRECTION('',(1.,0.,0.));
#8936 = DIRECTION('',(0.,1.,0.));
#8937 = FACE_BOUND('',#8938,.T.);
#8938 = EDGE_LOOP('',(#8939));
#8939 = ORIENTED_EDGE('',*,*,#8940,.F.);
#8940 = EDGE_CURVE('',#8941,#8941,#8943,.T.);
#8941 = VERTEX_POINT('',#8942);
#8942 = CARTESIAN_POINT('',(43.,-6.35,38.));
#8943 = CIRCLE('',#8944,1.65);
#8944 = AXIS2_PLACEMENT_3D('',#8945,#8946,#8947);
#8945 = CARTESIAN_POINT('',(43.,-8.,38.));
#8946 = DIRECTION('',(1.,0.,0.));
#8947 = DIRECTION('',(0.,1.,0.));
#8948 = FACE_BOUND('',#8949,.T.);
#8949 = EDGE_LOOP('',(#8950));
#8950 = ORIENTED_EDGE('',*,*,#8951,.F.);
#8951 = EDGE_CURVE('',#8952,#8952,#8954,.T.);
#8952 = VERTEX_POINT('',#8953);
#8953 = CARTESIAN_POINT('',(43.,7.,30.));
#8954 = CIRCLE('',#8955,7.);
#8955 = AXIS2_PLACEMENT_3D('',#8956,#8957,#8958);
#8956 = CARTESIAN_POINT('',(43.,0.,30.));
#8957 = DIRECTION('',(1.,0.,0.));
#8958 = DIRECTION('',(0.,1.,0.));
#8959 = FACE_BOUND('',#8960,.T.);
#8960 = EDGE_LOOP('',(#8961));
#8961 = ORIENTED_EDGE('',*,*,#8962,.F.);
#8962 = EDGE_CURVE('',#8963,#8963,#8965,.T.);
#8963 = VERTEX_POINT('',#8964);
#8964 = CARTESIAN_POINT('',(43.,9.65,38.));
#8965 = CIRCLE('',#8966,1.65);
#8966 = AXIS2_PLACEMENT_3D('',#8967,#8968,#8969);
#8967 = CARTESIAN_POINT('',(43.,8.,38.));
#8968 = DIRECTION('',(1.,0.,0.));
#8969 = DIRECTION('',(0.,1.,0.));
#8970 = PLANE('',#8971);
#8971 = AXIS2_PLACEMENT_3D('',#8972,#8973,#8974);
#8972 = CARTESIAN_POINT('',(43.,0.,30.));
#8973 = DIRECTION('',(1.,0.,0.));
#8974 = DIRECTION('',(0.,1.,0.));
#8975 = ADVANCED_FACE('',(#8976,#8979),#8990,.F.);
#8976 = FACE_BOUND('',#8977,.F.);
#8977 = EDGE_LOOP('',(#8978));
#8978 = ORIENTED_EDGE('',*,*,#8899,.T.);
#8979 = FACE_BOUND('',#8980,.F.);
#8980 = EDGE_LOOP('',(#8981));
#8981 = ORIENTED_EDGE('',*,*,#8982,.F.);
#8982 = EDGE_CURVE('',#8983,#8983,#8985,.T.);
#8983 = VERTEX_POINT('',#8984);
#8984 = CARTESIAN_POINT('',(35.,15.,30.));
#8985 = CIRCLE('',#8986,15.);
#8986 = AXIS2_PLACEMENT_3D('',#8987,#8988,#8989);
#8987 = CARTESIAN_POINT('',(35.,0.,30.));
#8988 = DIRECTION('',(1.,0.,0.));
#8989 = DIRECTION('',(0.,1.,0.));
#8990 = PLANE('',#8991);
#8991 = AXIS2_PLACEMENT_3D('',#8992,#8993,#8994);
#8992 = CARTESIAN_POINT('',(35.,0.,30.));
#8993 = DIRECTION('',(1.,0.,0.));
#8994 = DIRECTION('',(0.,1.,0.));
#8995 = ADVANCED_FACE('',(#8996),#9033,.F.);
#8996 = FACE_BOUND('',#8997,.F.);
#8997 = EDGE_LOOP('',(#8998,#9006,#9007,#9008,#9017,#9026));
#8998 = ORIENTED_EDGE('',*,*,#8999,.T.);
#8999 = EDGE_CURVE('',#9000,#8919,#9002,.T.);
#9000 = VERTEX_POINT('',#9001);
#9001 = CARTESIAN_POINT('',(35.,-6.35,22.));
#9002 = LINE('',#9003,#9004);
#9003 = CARTESIAN_POINT('',(34.,-6.35,22.));
#9004 = VECTOR('',#9005,1.);
#9005 = DIRECTION('',(1.,0.,0.));
#9006 = ORIENTED_EDGE('',*,*,#8918,.F.);
#9007 = ORIENTED_EDGE('',*,*,#8999,.F.);
#9008 = ORIENTED_EDGE('',*,*,#9009,.T.);
#9009 = EDGE_CURVE('',#9000,#9010,#9012,.T.);
#9010 = VERTEX_POINT('',#9011);
#9011 = CARTESIAN_POINT('',(35.,-9.505375834435,22.675532084435));
#9012 = CIRCLE('',#9013,1.65);
#9013 = AXIS2_PLACEMENT_3D('',#9014,#9015,#9016);
#9014 = CARTESIAN_POINT('',(35.,-8.,22.));
#9015 = DIRECTION('',(1.,0.,0.));
#9016 = DIRECTION('',(0.,1.,0.));
#9017 = ORIENTED_EDGE('',*,*,#9018,.T.);
#9018 = EDGE_CURVE('',#9010,#9019,#9021,.T.);
#9019 = VERTEX_POINT('',#9020);
#9020 = CARTESIAN_POINT('',(35.,-7.324467915565,20.494624165565));
#9021 = CIRCLE('',#9022,1.65);
#9022 = AXIS2_PLACEMENT_3D('',#9023,#9024,#9025);
#9023 = CARTESIAN_POINT('',(35.,-8.,22.));
#9024 = DIRECTION('',(1.,0.,0.));
#9025 = DIRECTION('',(0.,1.,0.));
#9026 = ORIENTED_EDGE('',*,*,#9027,.T.);
#9027 = EDGE_CURVE('',#9019,#9000,#9028,.T.);
#9028 = CIRCLE('',#9029,1.65);
#9029 = AXIS2_PLACEMENT_3D('',#9030,#9031,#9032);
#9030 = CARTESIAN_POINT('',(35.,-8.,22.));
#9031 = DIRECTION('',(1.,0.,0.));
#9032 = DIRECTION('',(0.,1.,0.));
#9033 = CYLINDRICAL_SURFACE('',#9034,1.65);
#9034 = AXIS2_PLACEMENT_3D('',#9035,#9036,#9037);
#9035 = CARTESIAN_POINT('',(34.,-8.,22.));
#9036 = DIRECTION('',(1.,0.,0.));
#9037 = DIRECTION('',(0.,1.,0.));
#9038 = ADVANCED_FACE('',(#9039),#9076,.F.);
#9039 = FACE_BOUND('',#9040,.F.);
#9040 = EDGE_LOOP('',(#9041,#9049,#9050,#9051,#9060,#9069));
#9041 = ORIENTED_EDGE('',*,*,#9042,.T.);
#9042 = EDGE_CURVE('',#9043,#8930,#9045,.T.);
#9043 = VERTEX_POINT('',#9044);
#9044 = CARTESIAN_POINT('',(35.,9.65,22.));
#9045 = LINE('',#9046,#9047);
#9046 = CARTESIAN_POINT('',(34.,9.65,22.));
#9047 = VECTOR('',#9048,1.);
#9048 = DIRECTION('',(1.,0.,0.));
#9049 = ORIENTED_EDGE('',*,*,#8929,.F.);
#9050 = ORIENTED_EDGE('',*,*,#9042,.F.);
#9051 = ORIENTED_EDGE('',*,*,#9052,.T.);
#9052 = EDGE_CURVE('',#9043,#9053,#9055,.T.);
#9053 = VERTEX_POINT('',#9054);
#9054 = CARTESIAN_POINT('',(35.,9.505375834435,22.675532084435));
#9055 = CIRCLE('',#9056,1.65);
#9056 = AXIS2_PLACEMENT_3D('',#9057,#9058,#9059);
#9057 = CARTESIAN_POINT('',(35.,8.,22.));
#9058 = DIRECTION('',(1.,0.,0.));
#9059 = DIRECTION('',(0.,1.,0.));
#9060 = ORIENTED_EDGE('',*,*,#9061,.T.);
#9061 = EDGE_CURVE('',#9053,#9062,#9064,.T.);
#9062 = VERTEX_POINT('',#9063);
#9063 = CARTESIAN_POINT('',(35.,7.324467915566,20.494624165565));
#9064 = CIRCLE('',#9065,1.65);
#9065 = AXIS2_PLACEMENT_3D('',#9066,#9067,#9068);
#9066 = CARTESIAN_POINT('',(35.,8.,22.));
#9067 = DIRECTION('',(1.,0.,0.));
#9068 = DIRECTION('',(0.,1.,0.));
#9069 = ORIENTED_EDGE('',*,*,#9070,.T.);
#9070 = EDGE_CURVE('',#9062,#9043,#9071,.T.);
#9071 = CIRCLE('',#9072,1.65);
#9072 = AXIS2_PLACEMENT_3D('',#9073,#9074,#9075);
#9073 = CARTESIAN_POINT('',(35.,8.,22.));
#9074 = DIRECTION('',(1.,0.,0.));
#9075 = DIRECTION('',(0.,1.,0.));
#9076 = CYLINDRICAL_SURFACE('',#9077,1.65);
#9077 = AXIS2_PLACEMENT_3D('',#9078,#9079,#9080);
#9078 = CARTESIAN_POINT('',(34.,8.,22.));
#9079 = DIRECTION('',(1.,0.,0.));
#9080 = DIRECTION('',(0.,1.,0.));
#9081 = ADVANCED_FACE('',(#9082),#9119,.F.);
#9082 = FACE_BOUND('',#9083,.F.);
#9083 = EDGE_LOOP('',(#9084,#9092,#9093,#9094,#9103,#9112));
#9084 = ORIENTED_EDGE('',*,*,#9085,.T.);
#9085 = EDGE_CURVE('',#9086,#8941,#9088,.T.);
#9086 = VERTEX_POINT('',#9087);
#9087 = CARTESIAN_POINT('',(35.,-6.35,38.));
#9088 = LINE('',#9089,#9090);
#9089 = CARTESIAN_POINT('',(34.,-6.35,38.));
#9090 = VECTOR('',#9091,1.);
#9091 = DIRECTION('',(1.,0.,0.));
#9092 = ORIENTED_EDGE('',*,*,#8940,.F.);
#9093 = ORIENTED_EDGE('',*,*,#9085,.F.);
#9094 = ORIENTED_EDGE('',*,*,#9095,.T.);
#9095 = EDGE_CURVE('',#9086,#9096,#9098,.T.);
#9096 = VERTEX_POINT('',#9097);
#9097 = CARTESIAN_POINT('',(35.,-7.324467915565,39.505375834435));
#9098 = CIRCLE('',#9099,1.65);
#9099 = AXIS2_PLACEMENT_3D('',#9100,#9101,#9102);
#9100 = CARTESIAN_POINT('',(35.,-8.,38.));
#9101 = DIRECTION('',(1.,0.,0.));
#9102 = DIRECTION('',(0.,1.,0.));
#9103 = ORIENTED_EDGE('',*,*,#9104,.T.);
#9104 = EDGE_CURVE('',#9096,#9105,#9107,.T.);
#9105 = VERTEX_POINT('',#9106);
#9106 = CARTESIAN_POINT('',(35.,-9.505375834435,37.324467915565));
#9107 = CIRCLE('',#9108,1.65);
#9108 = AXIS2_PLACEMENT_3D('',#9109,#9110,#9111);
#9109 = CARTESIAN_POINT('',(35.,-8.,38.));
#9110 = DIRECTION('',(1.,0.,0.));
#9111 = DIRECTION('',(0.,1.,0.));
#9112 = ORIENTED_EDGE('',*,*,#9113,.T.);
#9113 = EDGE_CURVE('',#9105,#9086,#9114,.T.);
#9114 = CIRCLE('',#9115,1.65);
#9115 = AXIS2_PLACEMENT_3D('',#9116,#9117,#9118);
#9116 = CARTESIAN_POINT('',(35.,-8.,38.));
#9117 = DIRECTION('',(1.,0.,0.));
#9118 = DIRECTION('',(0.,1.,0.));
#9119 = CYLINDRICAL_SURFACE('',#9120,1.65);
#9120 = AXIS2_PLACEMENT_3D('',#9121,#9122,#9123);
#9121 = CARTESIAN_POINT('',(34.,-8.,38.));
#9122 = DIRECTION('',(1.,0.,0.));
#9123 = DIRECTION('',(0.,1.,0.));
#9124 = ADVANCED_FACE('',(#9125),#9144,.T.);
#9125 = FACE_BOUND('',#9126,.T.);
#9126 = EDGE_LOOP('',(#9127,#9136,#9142,#9143));
#9127 = ORIENTED_EDGE('',*,*,#9128,.F.);
#9128 = EDGE_CURVE('',#9129,#9129,#9131,.T.);
#9129 = VERTEX_POINT('',#9130);
#9130 = CARTESIAN_POINT('',(45.,7.,30.));
#9131 = CIRCLE('',#9132,7.);
#9132 = AXIS2_PLACEMENT_3D('',#9133,#9134,#9135);
#9133 = CARTESIAN_POINT('',(45.,0.,30.));
#9134 = DIRECTION('',(1.,0.,0.));
#9135 = DIRECTION('',(0.,1.,0.));
#9136 = ORIENTED_EDGE('',*,*,#9137,.F.);
#9137 = EDGE_CURVE('',#8952,#9129,#9138,.T.);
#9138 = LINE('',#9139,#9140);
#9139 = CARTESIAN_POINT('',(43.,7.,30.));
#9140 = VECTOR('',#9141,1.);
#9141 = DIRECTION('',(1.,0.,0.));
#9142 = ORIENTED_EDGE('',*,*,#8951,.T.);
#9143 = ORIENTED_EDGE('',*,*,#9137,.T.);
#9144 = CYLINDRICAL_SURFACE('',#9145,7.);
#9145 = AXIS2_PLACEMENT_3D('',#9146,#9147,#9148);
#9146 = CARTESIAN_POINT('',(43.,0.,30.));
#9147 = DIRECTION('',(1.,0.,0.));
#9148 = DIRECTION('',(0.,1.,0.));
#9149 = ADVANCED_FACE('',(#9150),#9187,.F.);
#9150 = FACE_BOUND('',#9151,.F.);
#9151 = EDGE_LOOP('',(#9152,#9160,#9161,#9162,#9171,#9180));
#9152 = ORIENTED_EDGE('',*,*,#9153,.T.);
#9153 = EDGE_CURVE('',#9154,#8963,#9156,.T.);
#9154 = VERTEX_POINT('',#9155);
#9155 = CARTESIAN_POINT('',(35.,9.65,38.));
#9156 = LINE('',#9157,#9158);
#9157 = CARTESIAN_POINT('',(34.,9.65,38.));
#9158 = VECTOR('',#9159,1.);
#9159 = DIRECTION('',(1.,0.,0.));
#9160 = ORIENTED_EDGE('',*,*,#8962,.F.);
#9161 = ORIENTED_EDGE('',*,*,#9153,.F.);
#9162 = ORIENTED_EDGE('',*,*,#9163,.T.);
#9163 = EDGE_CURVE('',#9154,#9164,#9166,.T.);
#9164 = VERTEX_POINT('',#9165);
#9165 = CARTESIAN_POINT('',(35.,7.324467915565,39.505375834435));
#9166 = CIRCLE('',#9167,1.65);
#9167 = AXIS2_PLACEMENT_3D('',#9168,#9169,#9170);
#9168 = CARTESIAN_POINT('',(35.,8.,38.));
#9169 = DIRECTION('',(1.,0.,0.));
#9170 = DIRECTION('',(0.,1.,0.));
#9171 = ORIENTED_EDGE('',*,*,#9172,.T.);
#9172 = EDGE_CURVE('',#9164,#9173,#9175,.T.);
#9173 = VERTEX_POINT('',#9174);
#9174 = CARTESIAN_POINT('',(35.,9.505375834435,37.324467915565));
#9175 = CIRCLE('',#9176,1.65);
#9176 = AXIS2_PLACEMENT_3D('',#9177,#9178,#9179);
#9177 = CARTESIAN_POINT('',(35.,8.,38.));
#9178 = DIRECTION('',(1.,0.,0.));
#9179 = DIRECTION('',(0.,1.,0.));
#9180 = ORIENTED_EDGE('',*,*,#9181,.T.);
#9181 = EDGE_CURVE('',#9173,#9154,#9182,.T.);
#9182 = CIRCLE('',#9183,1.65);
#9183 = AXIS2_PLACEMENT_3D('',#9184,#9185,#9186);
#9184 = CARTESIAN_POINT('',(35.,8.,38.));
#9185 = DIRECTION('',(1.,0.,0.));
#9186 = DIRECTION('',(0.,1.,0.));
#9187 = CYLINDRICAL_SURFACE('',#9188,1.65);
#9188 = AXIS2_PLACEMENT_3D('',#9189,#9190,#9191);
#9189 = CARTESIAN_POINT('',(34.,8.,38.));
#9190 = DIRECTION('',(1.,0.,0.));
#9191 = DIRECTION('',(0.,1.,0.));
#9192 = ADVANCED_FACE('',(#9193),#9212,.T.);
#9193 = FACE_BOUND('',#9194,.T.);
#9194 = EDGE_LOOP('',(#9195,#9196,#9204,#9211));
#9195 = ORIENTED_EDGE('',*,*,#8982,.F.);
#9196 = ORIENTED_EDGE('',*,*,#9197,.F.);
#9197 = EDGE_CURVE('',#9198,#8983,#9200,.T.);
#9198 = VERTEX_POINT('',#9199);
#9199 = CARTESIAN_POINT('',(34.6,15.,30.));
#9200 = LINE('',#9201,#9202);
#9201 = CARTESIAN_POINT('',(34.6,15.,30.));
#9202 = VECTOR('',#9203,1.);
#9203 = DIRECTION('',(1.,0.,0.));
#9204 = ORIENTED_EDGE('',*,*,#9205,.T.);
#9205 = EDGE_CURVE('',#9198,#9198,#9206,.T.);
#9206 = CIRCLE('',#9207,15.);
#9207 = AXIS2_PLACEMENT_3D('',#9208,#9209,#9210);
#9208 = CARTESIAN_POINT('',(34.6,0.,30.));
#9209 = DIRECTION('',(1.,0.,0.));
#9210 = DIRECTION('',(0.,1.,0.));
#9211 = ORIENTED_EDGE('',*,*,#9197,.T.);
#9212 = CYLINDRICAL_SURFACE('',#9213,15.);
#9213 = AXIS2_PLACEMENT_3D('',#9214,#9215,#9216);
#9214 = CARTESIAN_POINT('',(34.6,0.,30.));
#9215 = DIRECTION('',(1.,0.,0.));
#9216 = DIRECTION('',(0.,1.,0.));
#9217 = ADVANCED_FACE('',(#9218,#9263),#9309,.F.);
#9218 = FACE_BOUND('',#9219,.F.);
#9219 = EDGE_LOOP('',(#9220,#9221,#9222,#9229,#9230,#9239,#9246,#9247,
    #9254,#9255,#9256));
#9220 = ORIENTED_EDGE('',*,*,#9009,.F.);
#9221 = ORIENTED_EDGE('',*,*,#9027,.F.);
#9222 = ORIENTED_EDGE('',*,*,#9223,.T.);
#9223 = EDGE_CURVE('',#9019,#9062,#9224,.T.);
#9224 = CIRCLE('',#9225,12.);
#9225 = AXIS2_PLACEMENT_3D('',#9226,#9227,#9228);
#9226 = CARTESIAN_POINT('',(35.,0.,30.));
#9227 = DIRECTION('',(1.,0.,0.));
#9228 = DIRECTION('',(0.,1.,0.));
#9229 = ORIENTED_EDGE('',*,*,#9061,.F.);
#9230 = ORIENTED_EDGE('',*,*,#9231,.T.);
#9231 = EDGE_CURVE('',#9053,#9232,#9234,.T.);
#9232 = VERTEX_POINT('',#9233);
#9233 = CARTESIAN_POINT('',(35.,12.,30.));
#9234 = CIRCLE('',#9235,12.);
#9235 = AXIS2_PLACEMENT_3D('',#9236,#9237,#9238);
#9236 = CARTESIAN_POINT('',(35.,0.,30.));
#9237 = DIRECTION('',(1.,0.,0.));
#9238 = DIRECTION('',(0.,1.,0.));
#9239 = ORIENTED_EDGE('',*,*,#9240,.T.);
#9240 = EDGE_CURVE('',#9232,#9173,#9241,.T.);
#9241 = CIRCLE('',#9242,12.);
#9242 = AXIS2_PLACEMENT_3D('',#9243,#9244,#9245);
#9243 = CARTESIAN_POINT('',(35.,0.,30.));
#9244 = DIRECTION('',(1.,0.,0.));
#9245 = DIRECTION('',(0.,1.,0.));
#9246 = ORIENTED_EDGE('',*,*,#9172,.F.);
#9247 = ORIENTED_EDGE('',*,*,#9248,.T.);
#9248 = EDGE_CURVE('',#9164,#9096,#9249,.T.);
#9249 = CIRCLE('',#9250,12.);
#9250 = AXIS2_PLACEMENT_3D('',#9251,#9252,#9253);
#9251 = CARTESIAN_POINT('',(35.,0.,30.));
#9252 = DIRECTION('',(1.,0.,0.));
#9253 = DIRECTION('',(0.,1.,0.));
#9254 = ORIENTED_EDGE('',*,*,#9095,.F.);
#9255 = ORIENTED_EDGE('',*,*,#9113,.F.);
#9256 = ORIENTED_EDGE('',*,*,#9257,.T.);
#9257 = EDGE_CURVE('',#9105,#9010,#9258,.T.);
#9258 = CIRCLE('',#9259,12.);
#9259 = AXIS2_PLACEMENT_3D('',#9260,#9261,#9262);
#9260 = CARTESIAN_POINT('',(35.,0.,30.));
#9261 = DIRECTION('',(1.,0.,0.));
#9262 = DIRECTION('',(0.,1.,0.));
#9263 = FACE_BOUND('',#9264,.F.);
#9264 = EDGE_LOOP('',(#9265,#9276,#9285,#9294,#9302));
#9265 = ORIENTED_EDGE('',*,*,#9266,.F.);
#9266 = EDGE_CURVE('',#9267,#9269,#9271,.T.);
#9267 = VERTEX_POINT('',#9268);
#9268 = CARTESIAN_POINT('',(35.,-2.12132034356,27.87867965644));
#9269 = VERTEX_POINT('',#9270);
#9270 = CARTESIAN_POINT('',(35.,2.12132034356,27.87867965644));
#9271 = CIRCLE('',#9272,3.);
#9272 = AXIS2_PLACEMENT_3D('',#9273,#9274,#9275);
#9273 = CARTESIAN_POINT('',(35.,0.,30.));
#9274 = DIRECTION('',(1.,-0.,0.));
#9275 = DIRECTION('',(0.,0.707106781187,-0.707106781187));
#9276 = ORIENTED_EDGE('',*,*,#9277,.F.);
#9277 = EDGE_CURVE('',#9278,#9267,#9280,.T.);
#9278 = VERTEX_POINT('',#9279);
#9279 = CARTESIAN_POINT('',(35.,-2.12132034356,32.12132034356));
#9280 = CIRCLE('',#9281,3.);
#9281 = AXIS2_PLACEMENT_3D('',#9282,#9283,#9284);
#9282 = CARTESIAN_POINT('',(35.,0.,30.));
#9283 = DIRECTION('',(1.,-0.,0.));
#9284 = DIRECTION('',(0.,0.707106781187,-0.707106781187));
#9285 = ORIENTED_EDGE('',*,*,#9286,.F.);
#9286 = EDGE_CURVE('',#9287,#9278,#9289,.T.);
#9287 = VERTEX_POINT('',#9288);
#9288 = CARTESIAN_POINT('',(35.,0.559974952432,32.947274682253));
#9289 = CIRCLE('',#9290,3.);
#9290 = AXIS2_PLACEMENT_3D('',#9291,#9292,#9293);
#9291 = CARTESIAN_POINT('',(35.,0.,30.));
#9292 = DIRECTION('',(1.,-0.,0.));
#9293 = DIRECTION('',(0.,0.707106781187,-0.707106781187));
#9294 = ORIENTED_EDGE('',*,*,#9295,.F.);
#9295 = EDGE_CURVE('',#9296,#9287,#9298,.T.);
#9296 = VERTEX_POINT('',#9297);
#9297 = CARTESIAN_POINT('',(35.,2.947274682253,30.559974952432));
#9298 = LINE('',#9299,#9300);
#9299 = CARTESIAN_POINT('',(35.,0.692964645563,32.814284989122));
#9300 = VECTOR('',#9301,1.);
#9301 = DIRECTION('',(0.,-0.707106781187,0.707106781187));
#9302 = ORIENTED_EDGE('',*,*,#9303,.F.);
#9303 = EDGE_CURVE('',#9269,#9296,#9304,.T.);
#9304 = CIRCLE('',#9305,3.);
#9305 = AXIS2_PLACEMENT_3D('',#9306,#9307,#9308);
#9306 = CARTESIAN_POINT('',(35.,0.,30.));
#9307 = DIRECTION('',(1.,-0.,0.));
#9308 = DIRECTION('',(0.,0.707106781187,-0.707106781187));
#9309 = PLANE('',#9310);
#9310 = AXIS2_PLACEMENT_3D('',#9311,#9312,#9313);
#9311 = CARTESIAN_POINT('',(35.,0.,30.));
#9312 = DIRECTION('',(1.,0.,0.));
#9313 = DIRECTION('',(0.,1.,0.));
#9314 = ADVANCED_FACE('',(#9315),#9325,.T.);
#9315 = FACE_BOUND('',#9316,.T.);
#9316 = EDGE_LOOP('',(#9317,#9318));
#9317 = ORIENTED_EDGE('',*,*,#9018,.T.);
#9318 = ORIENTED_EDGE('',*,*,#9319,.F.);
#9319 = EDGE_CURVE('',#9010,#9019,#9320,.T.);
#9320 = CIRCLE('',#9321,12.);
#9321 = AXIS2_PLACEMENT_3D('',#9322,#9323,#9324);
#9322 = CARTESIAN_POINT('',(35.,0.,30.));
#9323 = DIRECTION('',(1.,0.,0.));
#9324 = DIRECTION('',(0.,1.,0.));
#9325 = PLANE('',#9326);
#9326 = AXIS2_PLACEMENT_3D('',#9327,#9328,#9329);
#9327 = CARTESIAN_POINT('',(35.,0.,30.));
#9328 = DIRECTION('',(1.,0.,0.));
#9329 = DIRECTION('',(0.,1.,0.));
#9330 = ADVANCED_FACE('',(#9331),#9342,.T.);
#9331 = FACE_BOUND('',#9332,.T.);
#9332 = EDGE_LOOP('',(#9333,#9334,#9341));
#9333 = ORIENTED_EDGE('',*,*,#9052,.T.);
#9334 = ORIENTED_EDGE('',*,*,#9335,.F.);
#9335 = EDGE_CURVE('',#9062,#9053,#9336,.T.);
#9336 = CIRCLE('',#9337,12.);
#9337 = AXIS2_PLACEMENT_3D('',#9338,#9339,#9340);
#9338 = CARTESIAN_POINT('',(35.,0.,30.));
#9339 = DIRECTION('',(1.,0.,0.));
#9340 = DIRECTION('',(0.,1.,0.));
#9341 = ORIENTED_EDGE('',*,*,#9070,.T.);
#9342 = PLANE('',#9343);
#9343 = AXIS2_PLACEMENT_3D('',#9344,#9345,#9346);
#9344 = CARTESIAN_POINT('',(35.,0.,30.));
#9345 = DIRECTION('',(1.,0.,0.));
#9346 = DIRECTION('',(0.,1.,0.));
#9347 = ADVANCED_FACE('',(#9348),#9358,.T.);
#9348 = FACE_BOUND('',#9349,.T.);
#9349 = EDGE_LOOP('',(#9350,#9357));
#9350 = ORIENTED_EDGE('',*,*,#9351,.F.);
#9351 = EDGE_CURVE('',#9096,#9105,#9352,.T.);
#9352 = CIRCLE('',#9353,12.);
#9353 = AXIS2_PLACEMENT_3D('',#9354,#9355,#9356);
#9354 = CARTESIAN_POINT('',(35.,0.,30.));
#9355 = DIRECTION('',(1.,0.,0.));
#9356 = DIRECTION('',(0.,1.,0.));
#9357 = ORIENTED_EDGE('',*,*,#9104,.T.);
#9358 = PLANE('',#9359);
#9359 = AXIS2_PLACEMENT_3D('',#9360,#9361,#9362);
#9360 = CARTESIAN_POINT('',(35.,0.,30.));
#9361 = DIRECTION('',(1.,0.,0.));
#9362 = DIRECTION('',(0.,1.,0.));
#9363 = ADVANCED_FACE('',(#9364,#9367),#9413,.T.);
#9364 = FACE_BOUND('',#9365,.T.);
#9365 = EDGE_LOOP('',(#9366));
#9366 = ORIENTED_EDGE('',*,*,#9128,.T.);
#9367 = FACE_BOUND('',#9368,.T.);
#9368 = EDGE_LOOP('',(#9369,#9380,#9389,#9398,#9406));
#9369 = ORIENTED_EDGE('',*,*,#9370,.F.);
#9370 = EDGE_CURVE('',#9371,#9373,#9375,.T.);
#9371 = VERTEX_POINT('',#9372);
#9372 = CARTESIAN_POINT('',(45.,-2.12132034356,27.87867965644));
#9373 = VERTEX_POINT('',#9374);
#9374 = CARTESIAN_POINT('',(45.,2.12132034356,27.87867965644));
#9375 = CIRCLE('',#9376,3.);
#9376 = AXIS2_PLACEMENT_3D('',#9377,#9378,#9379);
#9377 = CARTESIAN_POINT('',(45.,0.,30.));
#9378 = DIRECTION('',(1.,-0.,0.));
#9379 = DIRECTION('',(0.,0.707106781187,-0.707106781187));
#9380 = ORIENTED_EDGE('',*,*,#9381,.F.);
#9381 = EDGE_CURVE('',#9382,#9371,#9384,.T.);
#9382 = VERTEX_POINT('',#9383);
#9383 = CARTESIAN_POINT('',(45.,-2.12132034356,32.12132034356));
#9384 = CIRCLE('',#9385,3.);
#9385 = AXIS2_PLACEMENT_3D('',#9386,#9387,#9388);
#9386 = CARTESIAN_POINT('',(45.,0.,30.));
#9387 = DIRECTION('',(1.,-0.,0.));
#9388 = DIRECTION('',(0.,0.707106781187,-0.707106781187));
#9389 = ORIENTED_EDGE('',*,*,#9390,.F.);
#9390 = EDGE_CURVE('',#9391,#9382,#9393,.T.);
#9391 = VERTEX_POINT('',#9392);
#9392 = CARTESIAN_POINT('',(45.,0.559974952432,32.947274682253));
#9393 = CIRCLE('',#9394,3.);
#9394 = AXIS2_PLACEMENT_3D('',#9395,#9396,#9397);
#9395 = CARTESIAN_POINT('',(45.,0.,30.));
#9396 = DIRECTION('',(1.,-0.,0.));
#9397 = DIRECTION('',(0.,0.707106781187,-0.707106781187));
#9398 = ORIENTED_EDGE('',*,*,#9399,.F.);
#9399 = EDGE_CURVE('',#9400,#9391,#9402,.T.);
#9400 = VERTEX_POINT('',#9401);
#9401 = CARTESIAN_POINT('',(45.,2.947274682253,30.559974952432));
#9402 = LINE('',#9403,#9404);
#9403 = CARTESIAN_POINT('',(45.,0.692964645563,32.814284989122));
#9404 = VECTOR('',#9405,1.);
#9405 = DIRECTION('',(0.,-0.707106781187,0.707106781187));
#9406 = ORIENTED_EDGE('',*,*,#9407,.F.);
#9407 = EDGE_CURVE('',#9373,#9400,#9408,.T.);
#9408 = CIRCLE('',#9409,3.);
#9409 = AXIS2_PLACEMENT_3D('',#9410,#9411,#9412);
#9410 = CARTESIAN_POINT('',(45.,0.,30.));
#9411 = DIRECTION('',(1.,-0.,0.));
#9412 = DIRECTION('',(0.,0.707106781187,-0.707106781187));
#9413 = PLANE('',#9414);
#9414 = AXIS2_PLACEMENT_3D('',#9415,#9416,#9417);
#9415 = CARTESIAN_POINT('',(45.,0.,30.));
#9416 = DIRECTION('',(1.,0.,0.));
#9417 = DIRECTION('',(0.,1.,0.));
#9418 = ADVANCED_FACE('',(#9419),#9430,.T.);
#9419 = FACE_BOUND('',#9420,.T.);
#9420 = EDGE_LOOP('',(#9421,#9428,#9429));
#9421 = ORIENTED_EDGE('',*,*,#9422,.F.);
#9422 = EDGE_CURVE('',#9173,#9164,#9423,.T.);
#9423 = CIRCLE('',#9424,12.);
#9424 = AXIS2_PLACEMENT_3D('',#9425,#9426,#9427);
#9425 = CARTESIAN_POINT('',(35.,0.,30.));
#9426 = DIRECTION('',(1.,0.,0.));
#9427 = DIRECTION('',(0.,1.,0.));
#9428 = ORIENTED_EDGE('',*,*,#9181,.T.);
#9429 = ORIENTED_EDGE('',*,*,#9163,.T.);
#9430 = PLANE('',#9431);
#9431 = AXIS2_PLACEMENT_3D('',#9432,#9433,#9434);
#9432 = CARTESIAN_POINT('',(35.,0.,30.));
#9433 = DIRECTION('',(1.,0.,0.));
#9434 = DIRECTION('',(0.,1.,0.));
#9435 = ADVANCED_FACE('',(#9436,#9439),#9450,.F.);
#9436 = FACE_BOUND('',#9437,.F.);
#9437 = EDGE_LOOP('',(#9438));
#9438 = ORIENTED_EDGE('',*,*,#9205,.T.);
#9439 = FACE_BOUND('',#9440,.F.);
#9440 = EDGE_LOOP('',(#9441));
#9441 = ORIENTED_EDGE('',*,*,#9442,.F.);
#9442 = EDGE_CURVE('',#9443,#9443,#9445,.T.);
#9443 = VERTEX_POINT('',#9444);
#9444 = CARTESIAN_POINT('',(34.6,12.,30.));
#9445 = CIRCLE('',#9446,12.);
#9446 = AXIS2_PLACEMENT_3D('',#9447,#9448,#9449);
#9447 = CARTESIAN_POINT('',(34.6,0.,30.));
#9448 = DIRECTION('',(1.,0.,0.));
#9449 = DIRECTION('',(0.,1.,0.));
#9450 = PLANE('',#9451);
#9451 = AXIS2_PLACEMENT_3D('',#9452,#9453,#9454);
#9452 = CARTESIAN_POINT('',(34.6,0.,30.));
#9453 = DIRECTION('',(1.,0.,0.));
#9454 = DIRECTION('',(0.,1.,0.));
#9455 = ADVANCED_FACE('',(#9456),#9475,.F.);
#9456 = FACE_BOUND('',#9457,.F.);
#9457 = EDGE_LOOP('',(#9458,#9464,#9465,#9466,#9467,#9468,#9469,#9470,
    #9471,#9472,#9473,#9474));
#9458 = ORIENTED_EDGE('',*,*,#9459,.T.);
#9459 = EDGE_CURVE('',#9443,#9232,#9460,.T.);
#9460 = LINE('',#9461,#9462);
#9461 = CARTESIAN_POINT('',(33.6,12.,30.));
#9462 = VECTOR('',#9463,1.);
#9463 = DIRECTION('',(1.,0.,0.));
#9464 = ORIENTED_EDGE('',*,*,#9231,.F.);
#9465 = ORIENTED_EDGE('',*,*,#9335,.F.);
#9466 = ORIENTED_EDGE('',*,*,#9223,.F.);
#9467 = ORIENTED_EDGE('',*,*,#9319,.F.);
#9468 = ORIENTED_EDGE('',*,*,#9257,.F.);
#9469 = ORIENTED_EDGE('',*,*,#9351,.F.);
#9470 = ORIENTED_EDGE('',*,*,#9248,.F.);
#9471 = ORIENTED_EDGE('',*,*,#9422,.F.);
#9472 = ORIENTED_EDGE('',*,*,#9240,.F.);
#9473 = ORIENTED_EDGE('',*,*,#9459,.F.);
#9474 = ORIENTED_EDGE('',*,*,#9442,.T.);
#9475 = CYLINDRICAL_SURFACE('',#9476,12.);
#9476 = AXIS2_PLACEMENT_3D('',#9477,#9478,#9479);
#9477 = CARTESIAN_POINT('',(33.6,0.,30.));
#9478 = DIRECTION('',(1.,0.,0.));
#9479 = DIRECTION('',(0.,1.,0.));
#9480 = ADVANCED_FACE('',(#9481),#9497,.F.);
#9481 = FACE_BOUND('',#9482,.F.);
#9482 = EDGE_LOOP('',(#9483,#9484,#9490,#9491));
#9483 = ORIENTED_EDGE('',*,*,#9295,.T.);
#9484 = ORIENTED_EDGE('',*,*,#9485,.T.);
#9485 = EDGE_CURVE('',#9287,#9391,#9486,.T.);
#9486 = LINE('',#9487,#9488);
#9487 = CARTESIAN_POINT('',(34.,0.559974952432,32.947274682253));
#9488 = VECTOR('',#9489,1.);
#9489 = DIRECTION('',(1.,0.,0.));
#9490 = ORIENTED_EDGE('',*,*,#9399,.F.);
#9491 = ORIENTED_EDGE('',*,*,#9492,.F.);
#9492 = EDGE_CURVE('',#9296,#9400,#9493,.T.);
#9493 = LINE('',#9494,#9495);
#9494 = CARTESIAN_POINT('',(34.,2.947274682253,30.559974952432));
#9495 = VECTOR('',#9496,1.);
#9496 = DIRECTION('',(1.,0.,0.));
#9497 = PLANE('',#9498);
#9498 = AXIS2_PLACEMENT_3D('',#9499,#9500,#9501);
#9499 = CARTESIAN_POINT('',(34.,-0.367695526217,33.874945160902));
#9500 = DIRECTION('',(0.,0.707106781187,0.707106781187));
#9501 = DIRECTION('',(1.,0.,0.));
#9502 = ADVANCED_FACE('',(#9503),#9515,.F.);
#9503 = FACE_BOUND('',#9504,.F.);
#9504 = EDGE_LOOP('',(#9505,#9506,#9507,#9508,#9509,#9510,#9511,#9512,
    #9513,#9514));
#9505 = ORIENTED_EDGE('',*,*,#9492,.T.);
#9506 = ORIENTED_EDGE('',*,*,#9407,.F.);
#9507 = ORIENTED_EDGE('',*,*,#9370,.F.);
#9508 = ORIENTED_EDGE('',*,*,#9381,.F.);
#9509 = ORIENTED_EDGE('',*,*,#9390,.F.);
#9510 = ORIENTED_EDGE('',*,*,#9485,.F.);
#9511 = ORIENTED_EDGE('',*,*,#9286,.T.);
#9512 = ORIENTED_EDGE('',*,*,#9277,.T.);
#9513 = ORIENTED_EDGE('',*,*,#9266,.T.);
#9514 = ORIENTED_EDGE('',*,*,#9303,.T.);
#9515 = CYLINDRICAL_SURFACE('',#9516,3.);
#9516 = AXIS2_PLACEMENT_3D('',#9517,#9518,#9519);
#9517 = CARTESIAN_POINT('',(34.,0.,30.));
#9518 = DIRECTION('',(1.,0.,0.));
#9519 = DIRECTION('',(0.,0.707106781187,-0.707106781187));
#9520 = MANIFOLD_SOLID_BREP('',#9521);
#9521 = CLOSED_SHELL('',(#9522,#9564,#9650,#9674,#9753,#9770,#9782,#9799
    ,#9816,#9833,#9858,#9875,#9900));
#9522 = ADVANCED_FACE('',(#9523),#9559,.T.);
#9523 = FACE_BOUND('',#9524,.T.);
#9524 = EDGE_LOOP('',(#9525,#9536,#9544,#9553));
#9525 = ORIENTED_EDGE('',*,*,#9526,.F.);
#9526 = EDGE_CURVE('',#9527,#9529,#9531,.T.);
#9527 = VERTEX_POINT('',#9528);
#9528 = CARTESIAN_POINT('',(47.,19.899748742132,32.));
#9529 = VERTEX_POINT('',#9530);
#9530 = CARTESIAN_POINT('',(47.,19.899748742132,28.));
#9531 = CIRCLE('',#9532,20.);
#9532 = AXIS2_PLACEMENT_3D('',#9533,#9534,#9535);
#9533 = CARTESIAN_POINT('',(47.,0.,30.));
#9534 = DIRECTION('',(1.,0.,0.));
#9535 = DIRECTION('',(0.,1.,0.));
#9536 = ORIENTED_EDGE('',*,*,#9537,.F.);
#9537 = EDGE_CURVE('',#9538,#9527,#9540,.T.);
#9538 = VERTEX_POINT('',#9539);
#9539 = CARTESIAN_POINT('',(43.,19.899748742132,32.));
#9540 = LINE('',#9541,#9542);
#9541 = CARTESIAN_POINT('',(43.,19.899748742132,32.));
#9542 = VECTOR('',#9543,1.);
#9543 = DIRECTION('',(1.,0.,0.));
#9544 = ORIENTED_EDGE('',*,*,#9545,.T.);
#9545 = EDGE_CURVE('',#9538,#9546,#9548,.T.);
#9546 = VERTEX_POINT('',#9547);
#9547 = CARTESIAN_POINT('',(43.,19.899748742132,28.));
#9548 = CIRCLE('',#9549,20.);
#9549 = AXIS2_PLACEMENT_3D('',#9550,#9551,#9552);
#9550 = CARTESIAN_POINT('',(43.,0.,30.));
#9551 = DIRECTION('',(1.,0.,0.));
#9552 = DIRECTION('',(0.,1.,0.));
#9553 = ORIENTED_EDGE('',*,*,#9554,.T.);
#9554 = EDGE_CURVE('',#9546,#9529,#9555,.T.);
#9555 = LINE('',#9556,#9557);
#9556 = CARTESIAN_POINT('',(43.,19.899748742132,28.));
#9557 = VECTOR('',#9558,1.);
#9558 = DIRECTION('',(1.,0.,0.));
#9559 = CYLINDRICAL_SURFACE('',#9560,20.);
#9560 = AXIS2_PLACEMENT_3D('',#9561,#9562,#9563);
#9561 = CARTESIAN_POINT('',(43.,0.,30.));
#9562 = DIRECTION('',(1.,0.,0.));
#9563 = DIRECTION('',(0.,1.,0.));
#9564 = ADVANCED_FACE('',(#9565,#9590,#9601,#9612,#9623,#9634),#9645,.T.
  );
#9565 = FACE_BOUND('',#9566,.T.);
#9566 = EDGE_LOOP('',(#9567,#9575,#9576,#9584));
#9567 = ORIENTED_EDGE('',*,*,#9568,.F.);
#9568 = EDGE_CURVE('',#9527,#9569,#9571,.T.);
#9569 = VERTEX_POINT('',#9570);
#9570 = CARTESIAN_POINT('',(47.,19.,32.));
#9571 = LINE('',#9572,#9573);
#9572 = CARTESIAN_POINT('',(47.,9.5,32.));
#9573 = VECTOR('',#9574,1.);
#9574 = DIRECTION('',(0.,-1.,0.));
#9575 = ORIENTED_EDGE('',*,*,#9526,.T.);
#9576 = ORIENTED_EDGE('',*,*,#9577,.T.);
#9577 = EDGE_CURVE('',#9529,#9578,#9580,.T.);
#9578 = VERTEX_POINT('',#9579);
#9579 = CARTESIAN_POINT('',(47.,19.,28.));
#9580 = LINE('',#9581,#9582);
#9581 = CARTESIAN_POINT('',(47.,9.5,28.));
#9582 = VECTOR('',#9583,1.);
#9583 = DIRECTION('',(0.,-1.,0.));
#9584 = ORIENTED_EDGE('',*,*,#9585,.T.);
#9585 = EDGE_CURVE('',#9578,#9569,#9586,.T.);
#9586 = LINE('',#9587,#9588);
#9587 = CARTESIAN_POINT('',(47.,19.,29.));
#9588 = VECTOR('',#9589,1.);
#9589 = DIRECTION('',(0.,0.,1.));
#9590 = FACE_BOUND('',#9591,.T.);
#9591 = EDGE_LOOP('',(#9592));
#9592 = ORIENTED_EDGE('',*,*,#9593,.F.);
#9593 = EDGE_CURVE('',#9594,#9594,#9596,.T.);
#9594 = VERTEX_POINT('',#9595);
#9595 = CARTESIAN_POINT('',(47.,-5.75,22.));
#9596 = CIRCLE('',#9597,2.25);
#9597 = AXIS2_PLACEMENT_3D('',#9598,#9599,#9600);
#9598 = CARTESIAN_POINT('',(47.,-8.,22.));
#9599 = DIRECTION('',(1.,0.,0.));
#9600 = DIRECTION('',(0.,1.,0.));
#9601 = FACE_BOUND('',#9602,.T.);
#9602 = EDGE_LOOP('',(#9603));
#9603 = ORIENTED_EDGE('',*,*,#9604,.F.);
#9604 = EDGE_CURVE('',#9605,#9605,#9607,.T.);
#9605 = VERTEX_POINT('',#9606);
#9606 = CARTESIAN_POINT('',(47.,10.25,22.));
#9607 = CIRCLE('',#9608,2.25);
#9608 = AXIS2_PLACEMENT_3D('',#9609,#9610,#9611);
#9609 = CARTESIAN_POINT('',(47.,8.,22.));
#9610 = DIRECTION('',(1.,0.,0.));
#9611 = DIRECTION('',(0.,1.,0.));
#9612 = FACE_BOUND('',#9613,.T.);
#9613 = EDGE_LOOP('',(#9614));
#9614 = ORIENTED_EDGE('',*,*,#9615,.F.);
#9615 = EDGE_CURVE('',#9616,#9616,#9618,.T.);
#9616 = VERTEX_POINT('',#9617);
#9617 = CARTESIAN_POINT('',(47.,-5.75,38.));
#9618 = CIRCLE('',#9619,2.25);
#9619 = AXIS2_PLACEMENT_3D('',#9620,#9621,#9622);
#9620 = CARTESIAN_POINT('',(47.,-8.,38.));
#9621 = DIRECTION('',(1.,0.,0.));
#9622 = DIRECTION('',(0.,1.,0.));
#9623 = FACE_BOUND('',#9624,.T.);
#9624 = EDGE_LOOP('',(#9625));
#9625 = ORIENTED_EDGE('',*,*,#9626,.F.);
#9626 = EDGE_CURVE('',#9627,#9627,#9629,.T.);
#9627 = VERTEX_POINT('',#9628);
#9628 = CARTESIAN_POINT('',(47.,3.25,30.));
#9629 = CIRCLE('',#9630,3.25);
#9630 = AXIS2_PLACEMENT_3D('',#9631,#9632,#9633);
#9631 = CARTESIAN_POINT('',(47.,0.,30.));
#9632 = DIRECTION('',(1.,0.,0.));
#9633 = DIRECTION('',(0.,1.,0.));
#9634 = FACE_BOUND('',#9635,.T.);
#9635 = EDGE_LOOP('',(#9636));
#9636 = ORIENTED_EDGE('',*,*,#9637,.F.);
#9637 = EDGE_CURVE('',#9638,#9638,#9640,.T.);
#9638 = VERTEX_POINT('',#9639);
#9639 = CARTESIAN_POINT('',(47.,10.25,38.));
#9640 = CIRCLE('',#9641,2.25);
#9641 = AXIS2_PLACEMENT_3D('',#9642,#9643,#9644);
#9642 = CARTESIAN_POINT('',(47.,8.,38.));
#9643 = DIRECTION('',(1.,0.,0.));
#9644 = DIRECTION('',(0.,1.,0.));
#9645 = PLANE('',#9646);
#9646 = AXIS2_PLACEMENT_3D('',#9647,#9648,#9649);
#9647 = CARTESIAN_POINT('',(47.,0.,30.));
#9648 = DIRECTION('',(1.,0.,0.));
#9649 = DIRECTION('',(0.,1.,0.));
#9650 = ADVANCED_FACE('',(#9651),#9669,.T.);
#9651 = FACE_BOUND('',#9652,.T.);
#9652 = EDGE_LOOP('',(#9653,#9661,#9667,#9668));
#9653 = ORIENTED_EDGE('',*,*,#9654,.T.);
#9654 = EDGE_CURVE('',#9546,#9655,#9657,.T.);
#9655 = VERTEX_POINT('',#9656);
#9656 = CARTESIAN_POINT('',(43.,19.,28.));
#9657 = LINE('',#9658,#9659);
#9658 = CARTESIAN_POINT('',(43.,9.5,28.));
#9659 = VECTOR('',#9660,1.);
#9660 = DIRECTION('',(0.,-1.,0.));
#9661 = ORIENTED_EDGE('',*,*,#9662,.T.);
#9662 = EDGE_CURVE('',#9655,#9578,#9663,.T.);
#9663 = LINE('',#9664,#9665);
#9664 = CARTESIAN_POINT('',(42.,19.,28.));
#9665 = VECTOR('',#9666,1.);
#9666 = DIRECTION('',(1.,0.,0.));
#9667 = ORIENTED_EDGE('',*,*,#9577,.F.);
#9668 = ORIENTED_EDGE('',*,*,#9554,.F.);
#9669 = PLANE('',#9670);
#9670 = AXIS2_PLACEMENT_3D('',#9671,#9672,#9673);
#9671 = CARTESIAN_POINT('',(42.,19.,28.));
#9672 = DIRECTION('',(0.,0.,1.));
#9673 = DIRECTION('',(1.,0.,0.));
#9674 = ADVANCED_FACE('',(#9675,#9693,#9704,#9715,#9726,#9737),#9748,.F.
  );
#9675 = FACE_BOUND('',#9676,.F.);
#9676 = EDGE_LOOP('',(#9677,#9685,#9686,#9687));
#9677 = ORIENTED_EDGE('',*,*,#9678,.F.);
#9678 = EDGE_CURVE('',#9538,#9679,#9681,.T.);
#9679 = VERTEX_POINT('',#9680);
#9680 = CARTESIAN_POINT('',(43.,19.,32.));
#9681 = LINE('',#9682,#9683);
#9682 = CARTESIAN_POINT('',(43.,9.5,32.));
#9683 = VECTOR('',#9684,1.);
#9684 = DIRECTION('',(0.,-1.,0.));
#9685 = ORIENTED_EDGE('',*,*,#9545,.T.);
#9686 = ORIENTED_EDGE('',*,*,#9654,.T.);
#9687 = ORIENTED_EDGE('',*,*,#9688,.T.);
#9688 = EDGE_CURVE('',#9655,#9679,#9689,.T.);
#9689 = LINE('',#9690,#9691);
#9690 = CARTESIAN_POINT('',(43.,19.,29.));
#9691 = VECTOR('',#9692,1.);
#9692 = DIRECTION('',(0.,0.,1.));
#9693 = FACE_BOUND('',#9694,.F.);
#9694 = EDGE_LOOP('',(#9695));
#9695 = ORIENTED_EDGE('',*,*,#9696,.F.);
#9696 = EDGE_CURVE('',#9697,#9697,#9699,.T.);
#9697 = VERTEX_POINT('',#9698);
#9698 = CARTESIAN_POINT('',(43.,-5.75,22.));
#9699 = CIRCLE('',#9700,2.25);
#9700 = AXIS2_PLACEMENT_3D('',#9701,#9702,#9703);
#9701 = CARTESIAN_POINT('',(43.,-8.,22.));
#9702 = DIRECTION('',(1.,0.,0.));
#9703 = DIRECTION('',(0.,1.,0.));
#9704 = FACE_BOUND('',#9705,.F.);
#9705 = EDGE_LOOP('',(#9706));
#9706 = ORIENTED_EDGE('',*,*,#9707,.F.);
#9707 = EDGE_CURVE('',#9708,#9708,#9710,.T.);
#9708 = VERTEX_POINT('',#9709);
#9709 = CARTESIAN_POINT('',(43.,10.25,22.));
#9710 = CIRCLE('',#9711,2.25);
#9711 = AXIS2_PLACEMENT_3D('',#9712,#9713,#9714);
#9712 = CARTESIAN_POINT('',(43.,8.,22.));
#9713 = DIRECTION('',(1.,0.,0.));
#9714 = DIRECTION('',(0.,1.,0.));
#9715 = FACE_BOUND('',#9716,.F.);
#9716 = EDGE_LOOP('',(#9717));
#9717 = ORIENTED_EDGE('',*,*,#9718,.F.);
#9718 = EDGE_CURVE('',#9719,#9719,#9721,.T.);
#9719 = VERTEX_POINT('',#9720);
#9720 = CARTESIAN_POINT('',(43.,-5.75,38.));
#9721 = CIRCLE('',#9722,2.25);
#9722 = AXIS2_PLACEMENT_3D('',#9723,#9724,#9725);
#9723 = CARTESIAN_POINT('',(43.,-8.,38.));
#9724 = DIRECTION('',(1.,0.,0.));
#9725 = DIRECTION('',(0.,1.,0.));
#9726 = FACE_BOUND('',#9727,.F.);
#9727 = EDGE_LOOP('',(#9728));
#9728 = ORIENTED_EDGE('',*,*,#9729,.F.);
#9729 = EDGE_CURVE('',#9730,#9730,#9732,.T.);
#9730 = VERTEX_POINT('',#9731);
#9731 = CARTESIAN_POINT('',(43.,7.15,30.));
#9732 = CIRCLE('',#9733,7.15);
#9733 = AXIS2_PLACEMENT_3D('',#9734,#9735,#9736);
#9734 = CARTESIAN_POINT('',(43.,0.,30.));
#9735 = DIRECTION('',(1.,0.,0.));
#9736 = DIRECTION('',(0.,1.,0.));
#9737 = FACE_BOUND('',#9738,.F.);
#9738 = EDGE_LOOP('',(#9739));
#9739 = ORIENTED_EDGE('',*,*,#9740,.F.);
#9740 = EDGE_CURVE('',#9741,#9741,#9743,.T.);
#9741 = VERTEX_POINT('',#9742);
#9742 = CARTESIAN_POINT('',(43.,10.25,38.));
#9743 = CIRCLE('',#9744,2.25);
#9744 = AXIS2_PLACEMENT_3D('',#9745,#9746,#9747);
#9745 = CARTESIAN_POINT('',(43.,8.,38.));
#9746 = DIRECTION('',(1.,0.,0.));
#9747 = DIRECTION('',(0.,1.,0.));
#9748 = PLANE('',#9749);
#9749 = AXIS2_PLACEMENT_3D('',#9750,#9751,#9752);
#9750 = CARTESIAN_POINT('',(43.,0.,30.));
#9751 = DIRECTION('',(1.,0.,0.));
#9752 = DIRECTION('',(0.,1.,0.));
#9753 = ADVANCED_FACE('',(#9754),#9765,.F.);
#9754 = FACE_BOUND('',#9755,.F.);
#9755 = EDGE_LOOP('',(#9756,#9757,#9763,#9764));
#9756 = ORIENTED_EDGE('',*,*,#9678,.T.);
#9757 = ORIENTED_EDGE('',*,*,#9758,.T.);
#9758 = EDGE_CURVE('',#9679,#9569,#9759,.T.);
#9759 = LINE('',#9760,#9761);
#9760 = CARTESIAN_POINT('',(42.,19.,32.));
#9761 = VECTOR('',#9762,1.);
#9762 = DIRECTION('',(1.,0.,0.));
#9763 = ORIENTED_EDGE('',*,*,#9568,.F.);
#9764 = ORIENTED_EDGE('',*,*,#9537,.F.);
#9765 = PLANE('',#9766);
#9766 = AXIS2_PLACEMENT_3D('',#9767,#9768,#9769);
#9767 = CARTESIAN_POINT('',(42.,19.,32.));
#9768 = DIRECTION('',(0.,0.,1.));
#9769 = DIRECTION('',(1.,0.,0.));
#9770 = ADVANCED_FACE('',(#9771),#9777,.T.);
#9771 = FACE_BOUND('',#9772,.T.);
#9772 = EDGE_LOOP('',(#9773,#9774,#9775,#9776));
#9773 = ORIENTED_EDGE('',*,*,#9662,.F.);
#9774 = ORIENTED_EDGE('',*,*,#9688,.T.);
#9775 = ORIENTED_EDGE('',*,*,#9758,.T.);
#9776 = ORIENTED_EDGE('',*,*,#9585,.F.);
#9777 = PLANE('',#9778);
#9778 = AXIS2_PLACEMENT_3D('',#9779,#9780,#9781);
#9779 = CARTESIAN_POINT('',(42.,19.,28.));
#9780 = DIRECTION('',(0.,1.,0.));
#9781 = DIRECTION('',(1.,0.,0.));
#9782 = ADVANCED_FACE('',(#9783),#9794,.F.);
#9783 = FACE_BOUND('',#9784,.F.);
#9784 = EDGE_LOOP('',(#9785,#9786,#9792,#9793));
#9785 = ORIENTED_EDGE('',*,*,#9593,.F.);
#9786 = ORIENTED_EDGE('',*,*,#9787,.F.);
#9787 = EDGE_CURVE('',#9697,#9594,#9788,.T.);
#9788 = LINE('',#9789,#9790);
#9789 = CARTESIAN_POINT('',(42.,-5.75,22.));
#9790 = VECTOR('',#9791,1.);
#9791 = DIRECTION('',(1.,0.,0.));
#9792 = ORIENTED_EDGE('',*,*,#9696,.T.);
#9793 = ORIENTED_EDGE('',*,*,#9787,.T.);
#9794 = CYLINDRICAL_SURFACE('',#9795,2.25);
#9795 = AXIS2_PLACEMENT_3D('',#9796,#9797,#9798);
#9796 = CARTESIAN_POINT('',(42.,-8.,22.));
#9797 = DIRECTION('',(1.,0.,0.));
#9798 = DIRECTION('',(0.,1.,0.));
#9799 = ADVANCED_FACE('',(#9800),#9811,.F.);
#9800 = FACE_BOUND('',#9801,.F.);
#9801 = EDGE_LOOP('',(#9802,#9803,#9809,#9810));
#9802 = ORIENTED_EDGE('',*,*,#9604,.F.);
#9803 = ORIENTED_EDGE('',*,*,#9804,.F.);
#9804 = EDGE_CURVE('',#9708,#9605,#9805,.T.);
#9805 = LINE('',#9806,#9807);
#9806 = CARTESIAN_POINT('',(42.,10.25,22.));
#9807 = VECTOR('',#9808,1.);
#9808 = DIRECTION('',(1.,0.,0.));
#9809 = ORIENTED_EDGE('',*,*,#9707,.T.);
#9810 = ORIENTED_EDGE('',*,*,#9804,.T.);
#9811 = CYLINDRICAL_SURFACE('',#9812,2.25);
#9812 = AXIS2_PLACEMENT_3D('',#9813,#9814,#9815);
#9813 = CARTESIAN_POINT('',(42.,8.,22.));
#9814 = DIRECTION('',(1.,0.,0.));
#9815 = DIRECTION('',(0.,1.,0.));
#9816 = ADVANCED_FACE('',(#9817),#9828,.F.);
#9817 = FACE_BOUND('',#9818,.F.);
#9818 = EDGE_LOOP('',(#9819,#9820,#9826,#9827));
#9819 = ORIENTED_EDGE('',*,*,#9615,.F.);
#9820 = ORIENTED_EDGE('',*,*,#9821,.F.);
#9821 = EDGE_CURVE('',#9719,#9616,#9822,.T.);
#9822 = LINE('',#9823,#9824);
#9823 = CARTESIAN_POINT('',(42.,-5.75,38.));
#9824 = VECTOR('',#9825,1.);
#9825 = DIRECTION('',(1.,0.,0.));
#9826 = ORIENTED_EDGE('',*,*,#9718,.T.);
#9827 = ORIENTED_EDGE('',*,*,#9821,.T.);
#9828 = CYLINDRICAL_SURFACE('',#9829,2.25);
#9829 = AXIS2_PLACEMENT_3D('',#9830,#9831,#9832);
#9830 = CARTESIAN_POINT('',(42.,-8.,38.));
#9831 = DIRECTION('',(1.,0.,0.));
#9832 = DIRECTION('',(0.,1.,0.));
#9833 = ADVANCED_FACE('',(#9834),#9853,.F.);
#9834 = FACE_BOUND('',#9835,.F.);
#9835 = EDGE_LOOP('',(#9836,#9844,#9845,#9846));
#9836 = ORIENTED_EDGE('',*,*,#9837,.T.);
#9837 = EDGE_CURVE('',#9838,#9627,#9840,.T.);
#9838 = VERTEX_POINT('',#9839);
#9839 = CARTESIAN_POINT('',(45.15,3.25,30.));
#9840 = LINE('',#9841,#9842);
#9841 = CARTESIAN_POINT('',(42.,3.25,30.));
#9842 = VECTOR('',#9843,1.);
#9843 = DIRECTION('',(1.,0.,0.));
#9844 = ORIENTED_EDGE('',*,*,#9626,.F.);
#9845 = ORIENTED_EDGE('',*,*,#9837,.F.);
#9846 = ORIENTED_EDGE('',*,*,#9847,.T.);
#9847 = EDGE_CURVE('',#9838,#9838,#9848,.T.);
#9848 = CIRCLE('',#9849,3.25);
#9849 = AXIS2_PLACEMENT_3D('',#9850,#9851,#9852);
#9850 = CARTESIAN_POINT('',(45.15,0.,30.));
#9851 = DIRECTION('',(1.,0.,0.));
#9852 = DIRECTION('',(0.,1.,0.));
#9853 = CYLINDRICAL_SURFACE('',#9854,3.25);
#9854 = AXIS2_PLACEMENT_3D('',#9855,#9856,#9857);
#9855 = CARTESIAN_POINT('',(42.,0.,30.));
#9856 = DIRECTION('',(1.,0.,0.));
#9857 = DIRECTION('',(0.,1.,0.));
#9858 = ADVANCED_FACE('',(#9859),#9870,.F.);
#9859 = FACE_BOUND('',#9860,.F.);
#9860 = EDGE_LOOP('',(#9861,#9862,#9868,#9869));
#9861 = ORIENTED_EDGE('',*,*,#9637,.F.);
#9862 = ORIENTED_EDGE('',*,*,#9863,.F.);
#9863 = EDGE_CURVE('',#9741,#9638,#9864,.T.);
#9864 = LINE('',#9865,#9866);
#9865 = CARTESIAN_POINT('',(42.,10.25,38.));
#9866 = VECTOR('',#9867,1.);
#9867 = DIRECTION('',(1.,0.,0.));
#9868 = ORIENTED_EDGE('',*,*,#9740,.T.);
#9869 = ORIENTED_EDGE('',*,*,#9863,.T.);
#9870 = CYLINDRICAL_SURFACE('',#9871,2.25);
#9871 = AXIS2_PLACEMENT_3D('',#9872,#9873,#9874);
#9872 = CARTESIAN_POINT('',(42.,8.,38.));
#9873 = DIRECTION('',(1.,0.,0.));
#9874 = DIRECTION('',(0.,1.,0.));
#9875 = ADVANCED_FACE('',(#9876),#9895,.F.);
#9876 = FACE_BOUND('',#9877,.F.);
#9877 = EDGE_LOOP('',(#9878,#9887,#9893,#9894));
#9878 = ORIENTED_EDGE('',*,*,#9879,.F.);
#9879 = EDGE_CURVE('',#9880,#9880,#9882,.T.);
#9880 = VERTEX_POINT('',#9881);
#9881 = CARTESIAN_POINT('',(45.15,7.15,30.));
#9882 = CIRCLE('',#9883,7.15);
#9883 = AXIS2_PLACEMENT_3D('',#9884,#9885,#9886);
#9884 = CARTESIAN_POINT('',(45.15,0.,30.));
#9885 = DIRECTION('',(1.,0.,0.));
#9886 = DIRECTION('',(0.,1.,0.));
#9887 = ORIENTED_EDGE('',*,*,#9888,.F.);
#9888 = EDGE_CURVE('',#9730,#9880,#9889,.T.);
#9889 = LINE('',#9890,#9891);
#9890 = CARTESIAN_POINT('',(43.,7.15,30.));
#9891 = VECTOR('',#9892,1.);
#9892 = DIRECTION('',(1.,0.,0.));
#9893 = ORIENTED_EDGE('',*,*,#9729,.T.);
#9894 = ORIENTED_EDGE('',*,*,#9888,.T.);
#9895 = CYLINDRICAL_SURFACE('',#9896,7.15);
#9896 = AXIS2_PLACEMENT_3D('',#9897,#9898,#9899);
#9897 = CARTESIAN_POINT('',(43.,0.,30.));
#9898 = DIRECTION('',(1.,0.,0.));
#9899 = DIRECTION('',(0.,1.,0.));
#9900 = ADVANCED_FACE('',(#9901,#9904),#9907,.F.);
#9901 = FACE_BOUND('',#9902,.F.);
#9902 = EDGE_LOOP('',(#9903));
#9903 = ORIENTED_EDGE('',*,*,#9879,.T.);
#9904 = FACE_BOUND('',#9905,.F.);
#9905 = EDGE_LOOP('',(#9906));
#9906 = ORIENTED_EDGE('',*,*,#9847,.F.);
#9907 = PLANE('',#9908);
#9908 = AXIS2_PLACEMENT_3D('',#9909,#9910,#9911);
#9909 = CARTESIAN_POINT('',(45.15,0.,30.));
#9910 = DIRECTION('',(1.,0.,0.));
#9911 = DIRECTION('',(0.,1.,0.));
#9912 = MANIFOLD_SOLID_BREP('',#9913);
#9913 = CLOSED_SHELL('',(#9914,#9947,#9967,#9987));
#9914 = ADVANCED_FACE('',(#9915),#9942,.T.);
#9915 = FACE_BOUND('',#9916,.T.);
#9916 = EDGE_LOOP('',(#9917,#9926,#9934,#9941));
#9917 = ORIENTED_EDGE('',*,*,#9918,.F.);
#9918 = EDGE_CURVE('',#9919,#9919,#9921,.T.);
#9919 = VERTEX_POINT('',#9920);
#9920 = CARTESIAN_POINT('',(48.,-4.,22.));
#9921 = CIRCLE('',#9922,4.);
#9922 = AXIS2_PLACEMENT_3D('',#9923,#9924,#9925);
#9923 = CARTESIAN_POINT('',(48.,-8.,22.));
#9924 = DIRECTION('',(1.,0.,0.));
#9925 = DIRECTION('',(0.,1.,0.));
#9926 = ORIENTED_EDGE('',*,*,#9927,.F.);
#9927 = EDGE_CURVE('',#9928,#9919,#9930,.T.);
#9928 = VERTEX_POINT('',#9929);
#9929 = CARTESIAN_POINT('',(47.,-4.,22.));
#9930 = LINE('',#9931,#9932);
#9931 = CARTESIAN_POINT('',(47.,-4.,22.));
#9932 = VECTOR('',#9933,1.);
#9933 = DIRECTION('',(1.,0.,0.));
#9934 = ORIENTED_EDGE('',*,*,#9935,.T.);
#9935 = EDGE_CURVE('',#9928,#9928,#9936,.T.);
#9936 = CIRCLE('',#9937,4.);
#9937 = AXIS2_PLACEMENT_3D('',#9938,#9939,#9940);
#9938 = CARTESIAN_POINT('',(47.,-8.,22.));
#9939 = DIRECTION('',(1.,0.,0.));
#9940 = DIRECTION('',(0.,1.,0.));
#9941 = ORIENTED_EDGE('',*,*,#9927,.T.);
#9942 = CYLINDRICAL_SURFACE('',#9943,4.);
#9943 = AXIS2_PLACEMENT_3D('',#9944,#9945,#9946);
#9944 = CARTESIAN_POINT('',(47.,-8.,22.));
#9945 = DIRECTION('',(1.,0.,0.));
#9946 = DIRECTION('',(0.,1.,0.));
#9947 = ADVANCED_FACE('',(#9948,#9951),#9962,.T.);
#9948 = FACE_BOUND('',#9949,.T.);
#9949 = EDGE_LOOP('',(#9950));
#9950 = ORIENTED_EDGE('',*,*,#9918,.T.);
#9951 = FACE_BOUND('',#9952,.T.);
#9952 = EDGE_LOOP('',(#9953));
#9953 = ORIENTED_EDGE('',*,*,#9954,.F.);
#9954 = EDGE_CURVE('',#9955,#9955,#9957,.T.);
#9955 = VERTEX_POINT('',#9956);
#9956 = CARTESIAN_POINT('',(48.,-6.,22.));
#9957 = CIRCLE('',#9958,2.);
#9958 = AXIS2_PLACEMENT_3D('',#9959,#9960,#9961);
#9959 = CARTESIAN_POINT('',(48.,-8.,22.));
#9960 = DIRECTION('',(1.,0.,0.));
#9961 = DIRECTION('',(0.,1.,0.));
#9962 = PLANE('',#9963);
#9963 = AXIS2_PLACEMENT_3D('',#9964,#9965,#9966);
#9964 = CARTESIAN_POINT('',(48.,-8.,22.));
#9965 = DIRECTION('',(1.,0.,0.));
#9966 = DIRECTION('',(0.,1.,0.));
#9967 = ADVANCED_FACE('',(#9968,#9971),#9982,.F.);
#9968 = FACE_BOUND('',#9969,.F.);
#9969 = EDGE_LOOP('',(#9970));
#9970 = ORIENTED_EDGE('',*,*,#9935,.T.);
#9971 = FACE_BOUND('',#9972,.F.);
#9972 = EDGE_LOOP('',(#9973));
#9973 = ORIENTED_EDGE('',*,*,#9974,.F.);
#9974 = EDGE_CURVE('',#9975,#9975,#9977,.T.);
#9975 = VERTEX_POINT('',#9976);
#9976 = CARTESIAN_POINT('',(47.,-6.,22.));
#9977 = CIRCLE('',#9978,2.);
#9978 = AXIS2_PLACEMENT_3D('',#9979,#9980,#9981);
#9979 = CARTESIAN_POINT('',(47.,-8.,22.));
#9980 = DIRECTION('',(1.,0.,0.));
#9981 = DIRECTION('',(0.,1.,0.));
#9982 = PLANE('',#9983);
#9983 = AXIS2_PLACEMENT_3D('',#9984,#9985,#9986);
#9984 = CARTESIAN_POINT('',(47.,-8.,22.));
#9985 = DIRECTION('',(1.,0.,0.));
#9986 = DIRECTION('',(0.,1.,0.));
#9987 = ADVANCED_FACE('',(#9988),#9999,.F.);
#9988 = FACE_BOUND('',#9989,.F.);
#9989 = EDGE_LOOP('',(#9990,#9991,#9997,#9998));
#9990 = ORIENTED_EDGE('',*,*,#9954,.F.);
#9991 = ORIENTED_EDGE('',*,*,#9992,.F.);
#9992 = EDGE_CURVE('',#9975,#9955,#9993,.T.);
#9993 = LINE('',#9994,#9995);
#9994 = CARTESIAN_POINT('',(46.,-6.,22.));
#9995 = VECTOR('',#9996,1.);
#9996 = DIRECTION('',(1.,0.,0.));
#9997 = ORIENTED_EDGE('',*,*,#9974,.T.);
#9998 = ORIENTED_EDGE('',*,*,#9992,.T.);
#9999 = CYLINDRICAL_SURFACE('',#10000,2.);
#10000 = AXIS2_PLACEMENT_3D('',#10001,#10002,#10003);
#10001 = CARTESIAN_POINT('',(46.,-8.,22.));
#10002 = DIRECTION('',(1.,0.,0.));
#10003 = DIRECTION('',(0.,1.,0.));
#10004 = MANIFOLD_SOLID_BREP('',#10005);
#10005 = CLOSED_SHELL('',(#10006,#10039,#10048,#10068,#10093,#10152,
    #10183,#10207,#10231,#10255,#10279,#10296));
#10006 = ADVANCED_FACE('',(#10007),#10034,.T.);
#10007 = FACE_BOUND('',#10008,.T.);
#10008 = EDGE_LOOP('',(#10009,#10018,#10026,#10033));
#10009 = ORIENTED_EDGE('',*,*,#10010,.F.);
#10010 = EDGE_CURVE('',#10011,#10011,#10013,.T.);
#10011 = VERTEX_POINT('',#10012);
#10012 = CARTESIAN_POINT('',(36.,-6.,22.));
#10013 = CIRCLE('',#10014,2.);
#10014 = AXIS2_PLACEMENT_3D('',#10015,#10016,#10017);
#10015 = CARTESIAN_POINT('',(36.,-8.,22.));
#10016 = DIRECTION('',(-1.,0.,0.));
#10017 = DIRECTION('',(0.,1.,0.));
#10018 = ORIENTED_EDGE('',*,*,#10019,.F.);
#10019 = EDGE_CURVE('',#10020,#10011,#10022,.T.);
#10020 = VERTEX_POINT('',#10021);
#10021 = CARTESIAN_POINT('',(48.,-6.,22.));
#10022 = LINE('',#10023,#10024);
#10023 = CARTESIAN_POINT('',(48.,-6.,22.));
#10024 = VECTOR('',#10025,1.);
#10025 = DIRECTION('',(-1.,0.,0.));
#10026 = ORIENTED_EDGE('',*,*,#10027,.T.);
#10027 = EDGE_CURVE('',#10020,#10020,#10028,.T.);
#10028 = CIRCLE('',#10029,2.);
#10029 = AXIS2_PLACEMENT_3D('',#10030,#10031,#10032);
#10030 = CARTESIAN_POINT('',(48.,-8.,22.));
#10031 = DIRECTION('',(-1.,0.,0.));
#10032 = DIRECTION('',(0.,1.,0.));
#10033 = ORIENTED_EDGE('',*,*,#10019,.T.);
#10034 = CYLINDRICAL_SURFACE('',#10035,2.);
#10035 = AXIS2_PLACEMENT_3D('',#10036,#10037,#10038);
#10036 = CARTESIAN_POINT('',(48.,-8.,22.));
#10037 = DIRECTION('',(-1.,0.,0.));
#10038 = DIRECTION('',(0.,1.,0.));
#10039 = ADVANCED_FACE('',(#10040),#10043,.T.);
#10040 = FACE_BOUND('',#10041,.T.);
#10041 = EDGE_LOOP('',(#10042));
#10042 = ORIENTED_EDGE('',*,*,#10010,.T.);
#10043 = PLANE('',#10044);
#10044 = AXIS2_PLACEMENT_3D('',#10045,#10046,#10047);
#10045 = CARTESIAN_POINT('',(36.,-8.,22.));
#10046 = DIRECTION('',(-1.,0.,0.));
#10047 = DIRECTION('',(0.,1.,0.));
#10048 = ADVANCED_FACE('',(#10049,#10060),#10063,.T.);
#10049 = FACE_BOUND('',#10050,.T.);
#10050 = EDGE_LOOP('',(#10051));
#10051 = ORIENTED_EDGE('',*,*,#10052,.T.);
#10052 = EDGE_CURVE('',#10053,#10053,#10055,.T.);
#10053 = VERTEX_POINT('',#10054);
#10054 = CARTESIAN_POINT('',(48.,-4.5,22.));
#10055 = CIRCLE('',#10056,3.5);
#10056 = AXIS2_PLACEMENT_3D('',#10057,#10058,#10059);
#10057 = CARTESIAN_POINT('',(48.,-8.,22.));
#10058 = DIRECTION('',(-1.,0.,0.));
#10059 = DIRECTION('',(0.,1.,0.));
#10060 = FACE_BOUND('',#10061,.T.);
#10061 = EDGE_LOOP('',(#10062));
#10062 = ORIENTED_EDGE('',*,*,#10027,.F.);
#10063 = PLANE('',#10064);
#10064 = AXIS2_PLACEMENT_3D('',#10065,#10066,#10067);
#10065 = CARTESIAN_POINT('',(48.,-8.,22.));
#10066 = DIRECTION('',(-1.,0.,0.));
#10067 = DIRECTION('',(0.,1.,0.));
#10068 = ADVANCED_FACE('',(#10069),#10088,.T.);
#10069 = FACE_BOUND('',#10070,.T.);
#10070 = EDGE_LOOP('',(#10071,#10072,#10080,#10087));
#10071 = ORIENTED_EDGE('',*,*,#10052,.F.);
#10072 = ORIENTED_EDGE('',*,*,#10073,.F.);
#10073 = EDGE_CURVE('',#10074,#10053,#10076,.T.);
#10074 = VERTEX_POINT('',#10075);
#10075 = CARTESIAN_POINT('',(52.,-4.5,22.));
#10076 = LINE('',#10077,#10078);
#10077 = CARTESIAN_POINT('',(52.,-4.5,22.));
#10078 = VECTOR('',#10079,1.);
#10079 = DIRECTION('',(-1.,0.,0.));
#10080 = ORIENTED_EDGE('',*,*,#10081,.T.);
#10081 = EDGE_CURVE('',#10074,#10074,#10082,.T.);
#10082 = CIRCLE('',#10083,3.5);
#10083 = AXIS2_PLACEMENT_3D('',#10084,#10085,#10086);
#10084 = CARTESIAN_POINT('',(52.,-8.,22.));
#10085 = DIRECTION('',(-1.,0.,0.));
#10086 = DIRECTION('',(0.,1.,0.));
#10087 = ORIENTED_EDGE('',*,*,#10073,.T.);
#10088 = CYLINDRICAL_SURFACE('',#10089,3.5);
#10089 = AXIS2_PLACEMENT_3D('',#10090,#10091,#10092);
#10090 = CARTESIAN_POINT('',(52.,-8.,22.));
#10091 = DIRECTION('',(-1.,0.,0.));
#10092 = DIRECTION('',(0.,1.,0.));
#10093 = ADVANCED_FACE('',(#10094,#10097),#10147,.F.);
#10094 = FACE_BOUND('',#10095,.F.);
#10095 = EDGE_LOOP('',(#10096));
#10096 = ORIENTED_EDGE('',*,*,#10081,.T.);
#10097 = FACE_BOUND('',#10098,.F.);
#10098 = EDGE_LOOP('',(#10099,#10109,#10117,#10125,#10133,#10141));
#10099 = ORIENTED_EDGE('',*,*,#10100,.T.);
#10100 = EDGE_CURVE('',#10101,#10103,#10105,.T.);
#10101 = VERTEX_POINT('',#10102);
#10102 = CARTESIAN_POINT('',(52.,-8.866025403784,20.5));
#10103 = VERTEX_POINT('',#10104);
#10104 = CARTESIAN_POINT('',(52.,-7.133974596216,20.5));
#10105 = LINE('',#10106,#10107);
#10106 = CARTESIAN_POINT('',(52.,-7.566987298108,20.5));
#10107 = VECTOR('',#10108,1.);
#10108 = DIRECTION('',(0.,1.,1.281975124256E-16));
#10109 = ORIENTED_EDGE('',*,*,#10110,.T.);
#10110 = EDGE_CURVE('',#10103,#10111,#10113,.T.);
#10111 = VERTEX_POINT('',#10112);
#10112 = CARTESIAN_POINT('',(52.,-6.267949192431,22.));
#10113 = LINE('',#10114,#10115);
#10114 = CARTESIAN_POINT('',(52.,-6.484455543377,21.625));
#10115 = VECTOR('',#10116,1.);
#10116 = DIRECTION('',(0.,0.5,0.866025403784));
#10117 = ORIENTED_EDGE('',*,*,#10118,.T.);
#10118 = EDGE_CURVE('',#10111,#10119,#10121,.T.);
#10119 = VERTEX_POINT('',#10120);
#10120 = CARTESIAN_POINT('',(52.,-7.133974596216,23.5));
#10121 = LINE('',#10122,#10123);
#10122 = CARTESIAN_POINT('',(52.,-6.917468245269,23.125));
#10123 = VECTOR('',#10124,1.);
#10124 = DIRECTION('',(-0.,-0.5,0.866025403784));
#10125 = ORIENTED_EDGE('',*,*,#10126,.T.);
#10126 = EDGE_CURVE('',#10119,#10127,#10129,.T.);
#10127 = VERTEX_POINT('',#10128);
#10128 = CARTESIAN_POINT('',(52.,-8.866025403784,23.5));
#10129 = LINE('',#10130,#10131);
#10130 = CARTESIAN_POINT('',(52.,-8.433012701892,23.5));
#10131 = VECTOR('',#10132,1.);
#10132 = DIRECTION('',(0.,-1.,-2.563950248511E-16));
#10133 = ORIENTED_EDGE('',*,*,#10134,.T.);
#10134 = EDGE_CURVE('',#10127,#10135,#10137,.T.);
#10135 = VERTEX_POINT('',#10136);
#10136 = CARTESIAN_POINT('',(52.,-9.732050807569,22.));
#10137 = LINE('',#10138,#10139);
#10138 = CARTESIAN_POINT('',(52.,-9.515544456623,22.375));
#10139 = VECTOR('',#10140,1.);
#10140 = DIRECTION('',(0.,-0.5,-0.866025403784));
#10141 = ORIENTED_EDGE('',*,*,#10142,.T.);
#10142 = EDGE_CURVE('',#10135,#10101,#10143,.T.);
#10143 = LINE('',#10144,#10145);
#10144 = CARTESIAN_POINT('',(52.,-9.082531754731,20.875));
#10145 = VECTOR('',#10146,1.);
#10146 = DIRECTION('',(0.,0.5,-0.866025403784));
#10147 = PLANE('',#10148);
#10148 = AXIS2_PLACEMENT_3D('',#10149,#10150,#10151);
#10149 = CARTESIAN_POINT('',(52.,-8.,22.));
#10150 = DIRECTION('',(-1.,0.,0.));
#10151 = DIRECTION('',(0.,1.,0.));
#10152 = ADVANCED_FACE('',(#10153),#10178,.T.);
#10153 = FACE_BOUND('',#10154,.T.);
#10154 = EDGE_LOOP('',(#10155,#10156,#10164,#10172));
#10155 = ORIENTED_EDGE('',*,*,#10100,.T.);
#10156 = ORIENTED_EDGE('',*,*,#10157,.T.);
#10157 = EDGE_CURVE('',#10103,#10158,#10160,.T.);
#10158 = VERTEX_POINT('',#10159);
#10159 = CARTESIAN_POINT('',(50.,-7.133974596216,20.5));
#10160 = LINE('',#10161,#10162);
#10161 = CARTESIAN_POINT('',(52.1,-7.133974596216,20.5));
#10162 = VECTOR('',#10163,1.);
#10163 = DIRECTION('',(-1.,0.,0.));
#10164 = ORIENTED_EDGE('',*,*,#10165,.T.);
#10165 = EDGE_CURVE('',#10158,#10166,#10168,.T.);
#10166 = VERTEX_POINT('',#10167);
#10167 = CARTESIAN_POINT('',(50.,-8.866025403784,20.5));
#10168 = LINE('',#10169,#10170);
#10169 = CARTESIAN_POINT('',(50.,-7.133974596216,20.5));
#10170 = VECTOR('',#10171,1.);
#10171 = DIRECTION('',(0.,-1.,-1.281975124256E-16));
#10172 = ORIENTED_EDGE('',*,*,#10173,.F.);
#10173 = EDGE_CURVE('',#10101,#10166,#10174,.T.);
#10174 = LINE('',#10175,#10176);
#10175 = CARTESIAN_POINT('',(52.1,-8.866025403784,20.5));
#10176 = VECTOR('',#10177,1.);
#10177 = DIRECTION('',(-1.,0.,0.));
#10178 = PLANE('',#10179);
#10179 = AXIS2_PLACEMENT_3D('',#10180,#10181,#10182);
#10180 = CARTESIAN_POINT('',(52.1,-7.133974596216,20.5));
#10181 = DIRECTION('',(-0.,-1.281975124256E-16,1.));
#10182 = DIRECTION('',(0.,-1.,-1.281975124256E-16));
#10183 = ADVANCED_FACE('',(#10184),#10202,.T.);
#10184 = FACE_BOUND('',#10185,.T.);
#10185 = EDGE_LOOP('',(#10186,#10187,#10188,#10196));
#10186 = ORIENTED_EDGE('',*,*,#10142,.T.);
#10187 = ORIENTED_EDGE('',*,*,#10173,.T.);
#10188 = ORIENTED_EDGE('',*,*,#10189,.T.);
#10189 = EDGE_CURVE('',#10166,#10190,#10192,.T.);
#10190 = VERTEX_POINT('',#10191);
#10191 = CARTESIAN_POINT('',(50.,-9.732050807569,22.));
#10192 = LINE('',#10193,#10194);
#10193 = CARTESIAN_POINT('',(50.,-8.866025403784,20.5));
#10194 = VECTOR('',#10195,1.);
#10195 = DIRECTION('',(-0.,-0.5,0.866025403784));
#10196 = ORIENTED_EDGE('',*,*,#10197,.F.);
#10197 = EDGE_CURVE('',#10135,#10190,#10198,.T.);
#10198 = LINE('',#10199,#10200);
#10199 = CARTESIAN_POINT('',(52.1,-9.732050807569,22.));
#10200 = VECTOR('',#10201,1.);
#10201 = DIRECTION('',(-1.,0.,0.));
#10202 = PLANE('',#10203);
#10203 = AXIS2_PLACEMENT_3D('',#10204,#10205,#10206);
#10204 = CARTESIAN_POINT('',(52.1,-8.866025403784,20.5));
#10205 = DIRECTION('',(0.,0.866025403784,0.5));
#10206 = DIRECTION('',(-0.,-0.5,0.866025403784));
#10207 = ADVANCED_FACE('',(#10208),#10226,.T.);
#10208 = FACE_BOUND('',#10209,.T.);
#10209 = EDGE_LOOP('',(#10210,#10211,#10212,#10220));
#10210 = ORIENTED_EDGE('',*,*,#10134,.T.);
#10211 = ORIENTED_EDGE('',*,*,#10197,.T.);
#10212 = ORIENTED_EDGE('',*,*,#10213,.T.);
#10213 = EDGE_CURVE('',#10190,#10214,#10216,.T.);
#10214 = VERTEX_POINT('',#10215);
#10215 = CARTESIAN_POINT('',(50.,-8.866025403784,23.5));
#10216 = LINE('',#10217,#10218);
#10217 = CARTESIAN_POINT('',(50.,-9.732050807569,22.));
#10218 = VECTOR('',#10219,1.);
#10219 = DIRECTION('',(0.,0.5,0.866025403784));
#10220 = ORIENTED_EDGE('',*,*,#10221,.F.);
#10221 = EDGE_CURVE('',#10127,#10214,#10222,.T.);
#10222 = LINE('',#10223,#10224);
#10223 = CARTESIAN_POINT('',(52.1,-8.866025403784,23.5));
#10224 = VECTOR('',#10225,1.);
#10225 = DIRECTION('',(-1.,0.,0.));
#10226 = PLANE('',#10227);
#10227 = AXIS2_PLACEMENT_3D('',#10228,#10229,#10230);
#10228 = CARTESIAN_POINT('',(52.1,-9.732050807569,22.));
#10229 = DIRECTION('',(0.,0.866025403784,-0.5));
#10230 = DIRECTION('',(0.,0.5,0.866025403784));
#10231 = ADVANCED_FACE('',(#10232),#10250,.T.);
#10232 = FACE_BOUND('',#10233,.T.);
#10233 = EDGE_LOOP('',(#10234,#10235,#10236,#10244));
#10234 = ORIENTED_EDGE('',*,*,#10126,.T.);
#10235 = ORIENTED_EDGE('',*,*,#10221,.T.);
#10236 = ORIENTED_EDGE('',*,*,#10237,.T.);
#10237 = EDGE_CURVE('',#10214,#10238,#10240,.T.);
#10238 = VERTEX_POINT('',#10239);
#10239 = CARTESIAN_POINT('',(50.,-7.133974596216,23.5));
#10240 = LINE('',#10241,#10242);
#10241 = CARTESIAN_POINT('',(50.,-8.866025403784,23.5));
#10242 = VECTOR('',#10243,1.);
#10243 = DIRECTION('',(0.,1.,2.563950248511E-16));
#10244 = ORIENTED_EDGE('',*,*,#10245,.F.);
#10245 = EDGE_CURVE('',#10119,#10238,#10246,.T.);
#10246 = LINE('',#10247,#10248);
#10247 = CARTESIAN_POINT('',(52.1,-7.133974596216,23.5));
#10248 = VECTOR('',#10249,1.);
#10249 = DIRECTION('',(-1.,0.,0.));
#10250 = PLANE('',#10251);
#10251 = AXIS2_PLACEMENT_3D('',#10252,#10253,#10254);
#10252 = CARTESIAN_POINT('',(52.1,-8.866025403784,23.5));
#10253 = DIRECTION('',(0.,2.563950248511E-16,-1.));
#10254 = DIRECTION('',(0.,1.,2.563950248511E-16));
#10255 = ADVANCED_FACE('',(#10256),#10274,.T.);
#10256 = FACE_BOUND('',#10257,.T.);
#10257 = EDGE_LOOP('',(#10258,#10259,#10260,#10268));
#10258 = ORIENTED_EDGE('',*,*,#10118,.T.);
#10259 = ORIENTED_EDGE('',*,*,#10245,.T.);
#10260 = ORIENTED_EDGE('',*,*,#10261,.T.);
#10261 = EDGE_CURVE('',#10238,#10262,#10264,.T.);
#10262 = VERTEX_POINT('',#10263);
#10263 = CARTESIAN_POINT('',(50.,-6.267949192431,22.));
#10264 = LINE('',#10265,#10266);
#10265 = CARTESIAN_POINT('',(50.,-7.133974596216,23.5));
#10266 = VECTOR('',#10267,1.);
#10267 = DIRECTION('',(0.,0.5,-0.866025403784));
#10268 = ORIENTED_EDGE('',*,*,#10269,.F.);
#10269 = EDGE_CURVE('',#10111,#10262,#10270,.T.);
#10270 = LINE('',#10271,#10272);
#10271 = CARTESIAN_POINT('',(52.1,-6.267949192431,22.));
#10272 = VECTOR('',#10273,1.);
#10273 = DIRECTION('',(-1.,0.,0.));
#10274 = PLANE('',#10275);
#10275 = AXIS2_PLACEMENT_3D('',#10276,#10277,#10278);
#10276 = CARTESIAN_POINT('',(52.1,-7.133974596216,23.5));
#10277 = DIRECTION('',(0.,-0.866025403784,-0.5));
#10278 = DIRECTION('',(0.,0.5,-0.866025403784));
#10279 = ADVANCED_FACE('',(#10280),#10291,.T.);
#10280 = FACE_BOUND('',#10281,.T.);
#10281 = EDGE_LOOP('',(#10282,#10283,#10284,#10290));
#10282 = ORIENTED_EDGE('',*,*,#10110,.T.);
#10283 = ORIENTED_EDGE('',*,*,#10269,.T.);
#10284 = ORIENTED_EDGE('',*,*,#10285,.T.);
#10285 = EDGE_CURVE('',#10262,#10158,#10286,.T.);
#10286 = LINE('',#10287,#10288);
#10287 = CARTESIAN_POINT('',(50.,-6.267949192431,22.));
#10288 = VECTOR('',#10289,1.);
#10289 = DIRECTION('',(0.,-0.5,-0.866025403784));
#10290 = ORIENTED_EDGE('',*,*,#10157,.F.);
#10291 = PLANE('',#10292);
#10292 = AXIS2_PLACEMENT_3D('',#10293,#10294,#10295);
#10293 = CARTESIAN_POINT('',(52.1,-6.267949192431,22.));
#10294 = DIRECTION('',(-0.,-0.866025403784,0.5));
#10295 = DIRECTION('',(0.,-0.5,-0.866025403784));
#10296 = ADVANCED_FACE('',(#10297),#10305,.F.);
#10297 = FACE_BOUND('',#10298,.F.);
#10298 = EDGE_LOOP('',(#10299,#10300,#10301,#10302,#10303,#10304));
#10299 = ORIENTED_EDGE('',*,*,#10285,.T.);
#10300 = ORIENTED_EDGE('',*,*,#10165,.T.);
#10301 = ORIENTED_EDGE('',*,*,#10189,.T.);
#10302 = ORIENTED_EDGE('',*,*,#10213,.T.);
#10303 = ORIENTED_EDGE('',*,*,#10237,.T.);
#10304 = ORIENTED_EDGE('',*,*,#10261,.T.);
#10305 = PLANE('',#10306);
#10306 = AXIS2_PLACEMENT_3D('',#10307,#10308,#10309);
#10307 = CARTESIAN_POINT('',(50.,-8.,22.));
#10308 = DIRECTION('',(-1.,0.,0.));
#10309 = DIRECTION('',(0.,1.,0.));
#10310 = MANIFOLD_SOLID_BREP('',#10311);
#10311 = CLOSED_SHELL('',(#10312,#10345,#10365,#10385));
#10312 = ADVANCED_FACE('',(#10313),#10340,.T.);
#10313 = FACE_BOUND('',#10314,.T.);
#10314 = EDGE_LOOP('',(#10315,#10324,#10332,#10339));
#10315 = ORIENTED_EDGE('',*,*,#10316,.F.);
#10316 = EDGE_CURVE('',#10317,#10317,#10319,.T.);
#10317 = VERTEX_POINT('',#10318);
#10318 = CARTESIAN_POINT('',(48.,-4.,38.));
#10319 = CIRCLE('',#10320,4.);
#10320 = AXIS2_PLACEMENT_3D('',#10321,#10322,#10323);
#10321 = CARTESIAN_POINT('',(48.,-8.,38.));
#10322 = DIRECTION('',(1.,0.,0.));
#10323 = DIRECTION('',(0.,1.,0.));
#10324 = ORIENTED_EDGE('',*,*,#10325,.F.);
#10325 = EDGE_CURVE('',#10326,#10317,#10328,.T.);
#10326 = VERTEX_POINT('',#10327);
#10327 = CARTESIAN_POINT('',(47.,-4.,38.));
#10328 = LINE('',#10329,#10330);
#10329 = CARTESIAN_POINT('',(47.,-4.,38.));
#10330 = VECTOR('',#10331,1.);
#10331 = DIRECTION('',(1.,0.,0.));
#10332 = ORIENTED_EDGE('',*,*,#10333,.T.);
#10333 = EDGE_CURVE('',#10326,#10326,#10334,.T.);
#10334 = CIRCLE('',#10335,4.);
#10335 = AXIS2_PLACEMENT_3D('',#10336,#10337,#10338);
#10336 = CARTESIAN_POINT('',(47.,-8.,38.));
#10337 = DIRECTION('',(1.,0.,0.));
#10338 = DIRECTION('',(0.,1.,0.));
#10339 = ORIENTED_EDGE('',*,*,#10325,.T.);
#10340 = CYLINDRICAL_SURFACE('',#10341,4.);
#10341 = AXIS2_PLACEMENT_3D('',#10342,#10343,#10344);
#10342 = CARTESIAN_POINT('',(47.,-8.,38.));
#10343 = DIRECTION('',(1.,0.,0.));
#10344 = DIRECTION('',(0.,1.,0.));
#10345 = ADVANCED_FACE('',(#10346,#10349),#10360,.T.);
#10346 = FACE_BOUND('',#10347,.T.);
#10347 = EDGE_LOOP('',(#10348));
#10348 = ORIENTED_EDGE('',*,*,#10316,.T.);
#10349 = FACE_BOUND('',#10350,.T.);
#10350 = EDGE_LOOP('',(#10351));
#10351 = ORIENTED_EDGE('',*,*,#10352,.F.);
#10352 = EDGE_CURVE('',#10353,#10353,#10355,.T.);
#10353 = VERTEX_POINT('',#10354);
#10354 = CARTESIAN_POINT('',(48.,-6.,38.));
#10355 = CIRCLE('',#10356,2.);
#10356 = AXIS2_PLACEMENT_3D('',#10357,#10358,#10359);
#10357 = CARTESIAN_POINT('',(48.,-8.,38.));
#10358 = DIRECTION('',(1.,0.,0.));
#10359 = DIRECTION('',(0.,1.,0.));
#10360 = PLANE('',#10361);
#10361 = AXIS2_PLACEMENT_3D('',#10362,#10363,#10364);
#10362 = CARTESIAN_POINT('',(48.,-8.,38.));
#10363 = DIRECTION('',(1.,0.,0.));
#10364 = DIRECTION('',(0.,1.,0.));
#10365 = ADVANCED_FACE('',(#10366,#10369),#10380,.F.);
#10366 = FACE_BOUND('',#10367,.F.);
#10367 = EDGE_LOOP('',(#10368));
#10368 = ORIENTED_EDGE('',*,*,#10333,.T.);
#10369 = FACE_BOUND('',#10370,.F.);
#10370 = EDGE_LOOP('',(#10371));
#10371 = ORIENTED_EDGE('',*,*,#10372,.F.);
#10372 = EDGE_CURVE('',#10373,#10373,#10375,.T.);
#10373 = VERTEX_POINT('',#10374);
#10374 = CARTESIAN_POINT('',(47.,-6.,38.));
#10375 = CIRCLE('',#10376,2.);
#10376 = AXIS2_PLACEMENT_3D('',#10377,#10378,#10379);
#10377 = CARTESIAN_POINT('',(47.,-8.,38.));
#10378 = DIRECTION('',(1.,0.,0.));
#10379 = DIRECTION('',(0.,1.,0.));
#10380 = PLANE('',#10381);
#10381 = AXIS2_PLACEMENT_3D('',#10382,#10383,#10384);
#10382 = CARTESIAN_POINT('',(47.,-8.,38.));
#10383 = DIRECTION('',(1.,0.,0.));
#10384 = DIRECTION('',(0.,1.,0.));
#10385 = ADVANCED_FACE('',(#10386),#10397,.F.);
#10386 = FACE_BOUND('',#10387,.F.);
#10387 = EDGE_LOOP('',(#10388,#10389,#10395,#10396));
#10388 = ORIENTED_EDGE('',*,*,#10352,.F.);
#10389 = ORIENTED_EDGE('',*,*,#10390,.F.);
#10390 = EDGE_CURVE('',#10373,#10353,#10391,.T.);
#10391 = LINE('',#10392,#10393);
#10392 = CARTESIAN_POINT('',(46.,-6.,38.));
#10393 = VECTOR('',#10394,1.);
#10394 = DIRECTION('',(1.,0.,0.));
#10395 = ORIENTED_EDGE('',*,*,#10372,.T.);
#10396 = ORIENTED_EDGE('',*,*,#10390,.T.);
#10397 = CYLINDRICAL_SURFACE('',#10398,2.);
#10398 = AXIS2_PLACEMENT_3D('',#10399,#10400,#10401);
#10399 = CARTESIAN_POINT('',(46.,-8.,38.));
#10400 = DIRECTION('',(1.,0.,0.));
#10401 = DIRECTION('',(0.,1.,0.));
#10402 = MANIFOLD_SOLID_BREP('',#10403);
#10403 = CLOSED_SHELL('',(#10404,#10437,#10446,#10466,#10491,#10550,
    #10581,#10605,#10629,#10653,#10677,#10694));
#10404 = ADVANCED_FACE('',(#10405),#10432,.T.);
#10405 = FACE_BOUND('',#10406,.T.);
#10406 = EDGE_LOOP('',(#10407,#10416,#10424,#10431));
#10407 = ORIENTED_EDGE('',*,*,#10408,.F.);
#10408 = EDGE_CURVE('',#10409,#10409,#10411,.T.);
#10409 = VERTEX_POINT('',#10410);
#10410 = CARTESIAN_POINT('',(36.,-6.,38.));
#10411 = CIRCLE('',#10412,2.);
#10412 = AXIS2_PLACEMENT_3D('',#10413,#10414,#10415);
#10413 = CARTESIAN_POINT('',(36.,-8.,38.));
#10414 = DIRECTION('',(-1.,0.,0.));
#10415 = DIRECTION('',(0.,1.,0.));
#10416 = ORIENTED_EDGE('',*,*,#10417,.F.);
#10417 = EDGE_CURVE('',#10418,#10409,#10420,.T.);
#10418 = VERTEX_POINT('',#10419);
#10419 = CARTESIAN_POINT('',(48.,-6.,38.));
#10420 = LINE('',#10421,#10422);
#10421 = CARTESIAN_POINT('',(48.,-6.,38.));
#10422 = VECTOR('',#10423,1.);
#10423 = DIRECTION('',(-1.,0.,0.));
#10424 = ORIENTED_EDGE('',*,*,#10425,.T.);
#10425 = EDGE_CURVE('',#10418,#10418,#10426,.T.);
#10426 = CIRCLE('',#10427,2.);
#10427 = AXIS2_PLACEMENT_3D('',#10428,#10429,#10430);
#10428 = CARTESIAN_POINT('',(48.,-8.,38.));
#10429 = DIRECTION('',(-1.,0.,0.));
#10430 = DIRECTION('',(0.,1.,0.));
#10431 = ORIENTED_EDGE('',*,*,#10417,.T.);
#10432 = CYLINDRICAL_SURFACE('',#10433,2.);
#10433 = AXIS2_PLACEMENT_3D('',#10434,#10435,#10436);
#10434 = CARTESIAN_POINT('',(48.,-8.,38.));
#10435 = DIRECTION('',(-1.,0.,0.));
#10436 = DIRECTION('',(0.,1.,0.));
#10437 = ADVANCED_FACE('',(#10438),#10441,.T.);
#10438 = FACE_BOUND('',#10439,.T.);
#10439 = EDGE_LOOP('',(#10440));
#10440 = ORIENTED_EDGE('',*,*,#10408,.T.);
#10441 = PLANE('',#10442);
#10442 = AXIS2_PLACEMENT_3D('',#10443,#10444,#10445);
#10443 = CARTESIAN_POINT('',(36.,-8.,38.));
#10444 = DIRECTION('',(-1.,0.,0.));
#10445 = DIRECTION('',(0.,1.,0.));
#10446 = ADVANCED_FACE('',(#10447,#10458),#10461,.T.);
#10447 = FACE_BOUND('',#10448,.T.);
#10448 = EDGE_LOOP('',(#10449));
#10449 = ORIENTED_EDGE('',*,*,#10450,.T.);
#10450 = EDGE_CURVE('',#10451,#10451,#10453,.T.);
#10451 = VERTEX_POINT('',#10452);
#10452 = CARTESIAN_POINT('',(48.,-4.5,38.));
#10453 = CIRCLE('',#10454,3.5);
#10454 = AXIS2_PLACEMENT_3D('',#10455,#10456,#10457);
#10455 = CARTESIAN_POINT('',(48.,-8.,38.));
#10456 = DIRECTION('',(-1.,0.,0.));
#10457 = DIRECTION('',(0.,1.,0.));
#10458 = FACE_BOUND('',#10459,.T.);
#10459 = EDGE_LOOP('',(#10460));
#10460 = ORIENTED_EDGE('',*,*,#10425,.F.);
#10461 = PLANE('',#10462);
#10462 = AXIS2_PLACEMENT_3D('',#10463,#10464,#10465);
#10463 = CARTESIAN_POINT('',(48.,-8.,38.));
#10464 = DIRECTION('',(-1.,0.,0.));
#10465 = DIRECTION('',(0.,1.,0.));
#10466 = ADVANCED_FACE('',(#10467),#10486,.T.);
#10467 = FACE_BOUND('',#10468,.T.);
#10468 = EDGE_LOOP('',(#10469,#10470,#10478,#10485));
#10469 = ORIENTED_EDGE('',*,*,#10450,.F.);
#10470 = ORIENTED_EDGE('',*,*,#10471,.F.);
#10471 = EDGE_CURVE('',#10472,#10451,#10474,.T.);
#10472 = VERTEX_POINT('',#10473);
#10473 = CARTESIAN_POINT('',(52.,-4.5,38.));
#10474 = LINE('',#10475,#10476);
#10475 = CARTESIAN_POINT('',(52.,-4.5,38.));
#10476 = VECTOR('',#10477,1.);
#10477 = DIRECTION('',(-1.,0.,0.));
#10478 = ORIENTED_EDGE('',*,*,#10479,.T.);
#10479 = EDGE_CURVE('',#10472,#10472,#10480,.T.);
#10480 = CIRCLE('',#10481,3.5);
#10481 = AXIS2_PLACEMENT_3D('',#10482,#10483,#10484);
#10482 = CARTESIAN_POINT('',(52.,-8.,38.));
#10483 = DIRECTION('',(-1.,0.,0.));
#10484 = DIRECTION('',(0.,1.,0.));
#10485 = ORIENTED_EDGE('',*,*,#10471,.T.);
#10486 = CYLINDRICAL_SURFACE('',#10487,3.5);
#10487 = AXIS2_PLACEMENT_3D('',#10488,#10489,#10490);
#10488 = CARTESIAN_POINT('',(52.,-8.,38.));
#10489 = DIRECTION('',(-1.,0.,0.));
#10490 = DIRECTION('',(0.,1.,0.));
#10491 = ADVANCED_FACE('',(#10492,#10495),#10545,.F.);
#10492 = FACE_BOUND('',#10493,.F.);
#10493 = EDGE_LOOP('',(#10494));
#10494 = ORIENTED_EDGE('',*,*,#10479,.T.);
#10495 = FACE_BOUND('',#10496,.F.);
#10496 = EDGE_LOOP('',(#10497,#10507,#10515,#10523,#10531,#10539));
#10497 = ORIENTED_EDGE('',*,*,#10498,.T.);
#10498 = EDGE_CURVE('',#10499,#10501,#10503,.T.);
#10499 = VERTEX_POINT('',#10500);
#10500 = CARTESIAN_POINT('',(52.,-8.866025403784,36.5));
#10501 = VERTEX_POINT('',#10502);
#10502 = CARTESIAN_POINT('',(52.,-7.133974596216,36.5));
#10503 = LINE('',#10504,#10505);
#10504 = CARTESIAN_POINT('',(52.,-7.566987298108,36.5));
#10505 = VECTOR('',#10506,1.);
#10506 = DIRECTION('',(0.,1.,1.281975124256E-16));
#10507 = ORIENTED_EDGE('',*,*,#10508,.T.);
#10508 = EDGE_CURVE('',#10501,#10509,#10511,.T.);
#10509 = VERTEX_POINT('',#10510);
#10510 = CARTESIAN_POINT('',(52.,-6.267949192431,38.));
#10511 = LINE('',#10512,#10513);
#10512 = CARTESIAN_POINT('',(52.,-6.484455543377,37.625));
#10513 = VECTOR('',#10514,1.);
#10514 = DIRECTION('',(0.,0.5,0.866025403784));
#10515 = ORIENTED_EDGE('',*,*,#10516,.T.);
#10516 = EDGE_CURVE('',#10509,#10517,#10519,.T.);
#10517 = VERTEX_POINT('',#10518);
#10518 = CARTESIAN_POINT('',(52.,-7.133974596216,39.5));
#10519 = LINE('',#10520,#10521);
#10520 = CARTESIAN_POINT('',(52.,-6.917468245269,39.125));
#10521 = VECTOR('',#10522,1.);
#10522 = DIRECTION('',(-0.,-0.5,0.866025403784));
#10523 = ORIENTED_EDGE('',*,*,#10524,.T.);
#10524 = EDGE_CURVE('',#10517,#10525,#10527,.T.);
#10525 = VERTEX_POINT('',#10526);
#10526 = CARTESIAN_POINT('',(52.,-8.866025403784,39.5));
#10527 = LINE('',#10528,#10529);
#10528 = CARTESIAN_POINT('',(52.,-8.433012701892,39.5));
#10529 = VECTOR('',#10530,1.);
#10530 = DIRECTION('',(0.,-1.,-2.563950248511E-16));
#10531 = ORIENTED_EDGE('',*,*,#10532,.T.);
#10532 = EDGE_CURVE('',#10525,#10533,#10535,.T.);
#10533 = VERTEX_POINT('',#10534);
#10534 = CARTESIAN_POINT('',(52.,-9.732050807569,38.));
#10535 = LINE('',#10536,#10537);
#10536 = CARTESIAN_POINT('',(52.,-9.515544456623,38.375));
#10537 = VECTOR('',#10538,1.);
#10538 = DIRECTION('',(0.,-0.5,-0.866025403784));
#10539 = ORIENTED_EDGE('',*,*,#10540,.T.);
#10540 = EDGE_CURVE('',#10533,#10499,#10541,.T.);
#10541 = LINE('',#10542,#10543);
#10542 = CARTESIAN_POINT('',(52.,-9.082531754731,36.875));
#10543 = VECTOR('',#10544,1.);
#10544 = DIRECTION('',(0.,0.5,-0.866025403784));
#10545 = PLANE('',#10546);
#10546 = AXIS2_PLACEMENT_3D('',#10547,#10548,#10549);
#10547 = CARTESIAN_POINT('',(52.,-8.,38.));
#10548 = DIRECTION('',(-1.,0.,0.));
#10549 = DIRECTION('',(0.,1.,0.));
#10550 = ADVANCED_FACE('',(#10551),#10576,.T.);
#10551 = FACE_BOUND('',#10552,.T.);
#10552 = EDGE_LOOP('',(#10553,#10554,#10562,#10570));
#10553 = ORIENTED_EDGE('',*,*,#10498,.T.);
#10554 = ORIENTED_EDGE('',*,*,#10555,.T.);
#10555 = EDGE_CURVE('',#10501,#10556,#10558,.T.);
#10556 = VERTEX_POINT('',#10557);
#10557 = CARTESIAN_POINT('',(50.,-7.133974596216,36.5));
#10558 = LINE('',#10559,#10560);
#10559 = CARTESIAN_POINT('',(52.1,-7.133974596216,36.5));
#10560 = VECTOR('',#10561,1.);
#10561 = DIRECTION('',(-1.,0.,0.));
#10562 = ORIENTED_EDGE('',*,*,#10563,.T.);
#10563 = EDGE_CURVE('',#10556,#10564,#10566,.T.);
#10564 = VERTEX_POINT('',#10565);
#10565 = CARTESIAN_POINT('',(50.,-8.866025403784,36.5));
#10566 = LINE('',#10567,#10568);
#10567 = CARTESIAN_POINT('',(50.,-7.133974596216,36.5));
#10568 = VECTOR('',#10569,1.);
#10569 = DIRECTION('',(0.,-1.,-1.281975124256E-16));
#10570 = ORIENTED_EDGE('',*,*,#10571,.F.);
#10571 = EDGE_CURVE('',#10499,#10564,#10572,.T.);
#10572 = LINE('',#10573,#10574);
#10573 = CARTESIAN_POINT('',(52.1,-8.866025403784,36.5));
#10574 = VECTOR('',#10575,1.);
#10575 = DIRECTION('',(-1.,0.,0.));
#10576 = PLANE('',#10577);
#10577 = AXIS2_PLACEMENT_3D('',#10578,#10579,#10580);
#10578 = CARTESIAN_POINT('',(52.1,-7.133974596216,36.5));
#10579 = DIRECTION('',(-0.,-1.281975124256E-16,1.));
#10580 = DIRECTION('',(0.,-1.,-1.281975124256E-16));
#10581 = ADVANCED_FACE('',(#10582),#10600,.T.);
#10582 = FACE_BOUND('',#10583,.T.);
#10583 = EDGE_LOOP('',(#10584,#10585,#10586,#10594));
#10584 = ORIENTED_EDGE('',*,*,#10540,.T.);
#10585 = ORIENTED_EDGE('',*,*,#10571,.T.);
#10586 = ORIENTED_EDGE('',*,*,#10587,.T.);
#10587 = EDGE_CURVE('',#10564,#10588,#10590,.T.);
#10588 = VERTEX_POINT('',#10589);
#10589 = CARTESIAN_POINT('',(50.,-9.732050807569,38.));
#10590 = LINE('',#10591,#10592);
#10591 = CARTESIAN_POINT('',(50.,-8.866025403784,36.5));
#10592 = VECTOR('',#10593,1.);
#10593 = DIRECTION('',(-0.,-0.5,0.866025403784));
#10594 = ORIENTED_EDGE('',*,*,#10595,.F.);
#10595 = EDGE_CURVE('',#10533,#10588,#10596,.T.);
#10596 = LINE('',#10597,#10598);
#10597 = CARTESIAN_POINT('',(52.1,-9.732050807569,38.));
#10598 = VECTOR('',#10599,1.);
#10599 = DIRECTION('',(-1.,0.,0.));
#10600 = PLANE('',#10601);
#10601 = AXIS2_PLACEMENT_3D('',#10602,#10603,#10604);
#10602 = CARTESIAN_POINT('',(52.1,-8.866025403784,36.5));
#10603 = DIRECTION('',(0.,0.866025403784,0.5));
#10604 = DIRECTION('',(-0.,-0.5,0.866025403784));
#10605 = ADVANCED_FACE('',(#10606),#10624,.T.);
#10606 = FACE_BOUND('',#10607,.T.);
#10607 = EDGE_LOOP('',(#10608,#10609,#10610,#10618));
#10608 = ORIENTED_EDGE('',*,*,#10532,.T.);
#10609 = ORIENTED_EDGE('',*,*,#10595,.T.);
#10610 = ORIENTED_EDGE('',*,*,#10611,.T.);
#10611 = EDGE_CURVE('',#10588,#10612,#10614,.T.);
#10612 = VERTEX_POINT('',#10613);
#10613 = CARTESIAN_POINT('',(50.,-8.866025403784,39.5));
#10614 = LINE('',#10615,#10616);
#10615 = CARTESIAN_POINT('',(50.,-9.732050807569,38.));
#10616 = VECTOR('',#10617,1.);
#10617 = DIRECTION('',(0.,0.5,0.866025403784));
#10618 = ORIENTED_EDGE('',*,*,#10619,.F.);
#10619 = EDGE_CURVE('',#10525,#10612,#10620,.T.);
#10620 = LINE('',#10621,#10622);
#10621 = CARTESIAN_POINT('',(52.1,-8.866025403784,39.5));
#10622 = VECTOR('',#10623,1.);
#10623 = DIRECTION('',(-1.,0.,0.));
#10624 = PLANE('',#10625);
#10625 = AXIS2_PLACEMENT_3D('',#10626,#10627,#10628);
#10626 = CARTESIAN_POINT('',(52.1,-9.732050807569,38.));
#10627 = DIRECTION('',(0.,0.866025403784,-0.5));
#10628 = DIRECTION('',(0.,0.5,0.866025403784));
#10629 = ADVANCED_FACE('',(#10630),#10648,.T.);
#10630 = FACE_BOUND('',#10631,.T.);
#10631 = EDGE_LOOP('',(#10632,#10633,#10634,#10642));
#10632 = ORIENTED_EDGE('',*,*,#10524,.T.);
#10633 = ORIENTED_EDGE('',*,*,#10619,.T.);
#10634 = ORIENTED_EDGE('',*,*,#10635,.T.);
#10635 = EDGE_CURVE('',#10612,#10636,#10638,.T.);
#10636 = VERTEX_POINT('',#10637);
#10637 = CARTESIAN_POINT('',(50.,-7.133974596216,39.5));
#10638 = LINE('',#10639,#10640);
#10639 = CARTESIAN_POINT('',(50.,-8.866025403784,39.5));
#10640 = VECTOR('',#10641,1.);
#10641 = DIRECTION('',(0.,1.,2.563950248511E-16));
#10642 = ORIENTED_EDGE('',*,*,#10643,.F.);
#10643 = EDGE_CURVE('',#10517,#10636,#10644,.T.);
#10644 = LINE('',#10645,#10646);
#10645 = CARTESIAN_POINT('',(52.1,-7.133974596216,39.5));
#10646 = VECTOR('',#10647,1.);
#10647 = DIRECTION('',(-1.,0.,0.));
#10648 = PLANE('',#10649);
#10649 = AXIS2_PLACEMENT_3D('',#10650,#10651,#10652);
#10650 = CARTESIAN_POINT('',(52.1,-8.866025403784,39.5));
#10651 = DIRECTION('',(0.,2.563950248511E-16,-1.));
#10652 = DIRECTION('',(0.,1.,2.563950248511E-16));
#10653 = ADVANCED_FACE('',(#10654),#10672,.T.);
#10654 = FACE_BOUND('',#10655,.T.);
#10655 = EDGE_LOOP('',(#10656,#10657,#10658,#10666));
#10656 = ORIENTED_EDGE('',*,*,#10516,.T.);
#10657 = ORIENTED_EDGE('',*,*,#10643,.T.);
#10658 = ORIENTED_EDGE('',*,*,#10659,.T.);
#10659 = EDGE_CURVE('',#10636,#10660,#10662,.T.);
#10660 = VERTEX_POINT('',#10661);
#10661 = CARTESIAN_POINT('',(50.,-6.267949192431,38.));
#10662 = LINE('',#10663,#10664);
#10663 = CARTESIAN_POINT('',(50.,-7.133974596216,39.5));
#10664 = VECTOR('',#10665,1.);
#10665 = DIRECTION('',(0.,0.5,-0.866025403784));
#10666 = ORIENTED_EDGE('',*,*,#10667,.F.);
#10667 = EDGE_CURVE('',#10509,#10660,#10668,.T.);
#10668 = LINE('',#10669,#10670);
#10669 = CARTESIAN_POINT('',(52.1,-6.267949192431,38.));
#10670 = VECTOR('',#10671,1.);
#10671 = DIRECTION('',(-1.,0.,0.));
#10672 = PLANE('',#10673);
#10673 = AXIS2_PLACEMENT_3D('',#10674,#10675,#10676);
#10674 = CARTESIAN_POINT('',(52.1,-7.133974596216,39.5));
#10675 = DIRECTION('',(0.,-0.866025403784,-0.5));
#10676 = DIRECTION('',(0.,0.5,-0.866025403784));
#10677 = ADVANCED_FACE('',(#10678),#10689,.T.);
#10678 = FACE_BOUND('',#10679,.T.);
#10679 = EDGE_LOOP('',(#10680,#10681,#10682,#10688));
#10680 = ORIENTED_EDGE('',*,*,#10508,.T.);
#10681 = ORIENTED_EDGE('',*,*,#10667,.T.);
#10682 = ORIENTED_EDGE('',*,*,#10683,.T.);
#10683 = EDGE_CURVE('',#10660,#10556,#10684,.T.);
#10684 = LINE('',#10685,#10686);
#10685 = CARTESIAN_POINT('',(50.,-6.267949192431,38.));
#10686 = VECTOR('',#10687,1.);
#10687 = DIRECTION('',(0.,-0.5,-0.866025403784));
#10688 = ORIENTED_EDGE('',*,*,#10555,.F.);
#10689 = PLANE('',#10690);
#10690 = AXIS2_PLACEMENT_3D('',#10691,#10692,#10693);
#10691 = CARTESIAN_POINT('',(52.1,-6.267949192431,38.));
#10692 = DIRECTION('',(-0.,-0.866025403784,0.5));
#10693 = DIRECTION('',(0.,-0.5,-0.866025403784));
#10694 = ADVANCED_FACE('',(#10695),#10703,.F.);
#10695 = FACE_BOUND('',#10696,.F.);
#10696 = EDGE_LOOP('',(#10697,#10698,#10699,#10700,#10701,#10702));
#10697 = ORIENTED_EDGE('',*,*,#10683,.T.);
#10698 = ORIENTED_EDGE('',*,*,#10563,.T.);
#10699 = ORIENTED_EDGE('',*,*,#10587,.T.);
#10700 = ORIENTED_EDGE('',*,*,#10611,.T.);
#10701 = ORIENTED_EDGE('',*,*,#10635,.T.);
#10702 = ORIENTED_EDGE('',*,*,#10659,.T.);
#10703 = PLANE('',#10704);
#10704 = AXIS2_PLACEMENT_3D('',#10705,#10706,#10707);
#10705 = CARTESIAN_POINT('',(50.,-8.,38.));
#10706 = DIRECTION('',(-1.,0.,0.));
#10707 = DIRECTION('',(0.,1.,0.));
#10708 = MANIFOLD_SOLID_BREP('',#10709);
#10709 = CLOSED_SHELL('',(#10710,#10743,#10763,#10783));
#10710 = ADVANCED_FACE('',(#10711),#10738,.T.);
#10711 = FACE_BOUND('',#10712,.T.);
#10712 = EDGE_LOOP('',(#10713,#10722,#10730,#10737));
#10713 = ORIENTED_EDGE('',*,*,#10714,.F.);
#10714 = EDGE_CURVE('',#10715,#10715,#10717,.T.);
#10715 = VERTEX_POINT('',#10716);
#10716 = CARTESIAN_POINT('',(48.,12.,22.));
#10717 = CIRCLE('',#10718,4.);
#10718 = AXIS2_PLACEMENT_3D('',#10719,#10720,#10721);
#10719 = CARTESIAN_POINT('',(48.,8.,22.));
#10720 = DIRECTION('',(1.,0.,0.));
#10721 = DIRECTION('',(0.,1.,0.));
#10722 = ORIENTED_EDGE('',*,*,#10723,.F.);
#10723 = EDGE_CURVE('',#10724,#10715,#10726,.T.);
#10724 = VERTEX_POINT('',#10725);
#10725 = CARTESIAN_POINT('',(47.,12.,22.));
#10726 = LINE('',#10727,#10728);
#10727 = CARTESIAN_POINT('',(47.,12.,22.));
#10728 = VECTOR('',#10729,1.);
#10729 = DIRECTION('',(1.,0.,0.));
#10730 = ORIENTED_EDGE('',*,*,#10731,.T.);
#10731 = EDGE_CURVE('',#10724,#10724,#10732,.T.);
#10732 = CIRCLE('',#10733,4.);
#10733 = AXIS2_PLACEMENT_3D('',#10734,#10735,#10736);
#10734 = CARTESIAN_POINT('',(47.,8.,22.));
#10735 = DIRECTION('',(1.,0.,0.));
#10736 = DIRECTION('',(0.,1.,0.));
#10737 = ORIENTED_EDGE('',*,*,#10723,.T.);
#10738 = CYLINDRICAL_SURFACE('',#10739,4.);
#10739 = AXIS2_PLACEMENT_3D('',#10740,#10741,#10742);
#10740 = CARTESIAN_POINT('',(47.,8.,22.));
#10741 = DIRECTION('',(1.,0.,0.));
#10742 = DIRECTION('',(0.,1.,0.));
#10743 = ADVANCED_FACE('',(#10744,#10747),#10758,.T.);
#10744 = FACE_BOUND('',#10745,.T.);
#10745 = EDGE_LOOP('',(#10746));
#10746 = ORIENTED_EDGE('',*,*,#10714,.T.);
#10747 = FACE_BOUND('',#10748,.T.);
#10748 = EDGE_LOOP('',(#10749));
#10749 = ORIENTED_EDGE('',*,*,#10750,.F.);
#10750 = EDGE_CURVE('',#10751,#10751,#10753,.T.);
#10751 = VERTEX_POINT('',#10752);
#10752 = CARTESIAN_POINT('',(48.,10.,22.));
#10753 = CIRCLE('',#10754,2.);
#10754 = AXIS2_PLACEMENT_3D('',#10755,#10756,#10757);
#10755 = CARTESIAN_POINT('',(48.,8.,22.));
#10756 = DIRECTION('',(1.,0.,0.));
#10757 = DIRECTION('',(0.,1.,0.));
#10758 = PLANE('',#10759);
#10759 = AXIS2_PLACEMENT_3D('',#10760,#10761,#10762);
#10760 = CARTESIAN_POINT('',(48.,8.,22.));
#10761 = DIRECTION('',(1.,0.,0.));
#10762 = DIRECTION('',(0.,1.,0.));
#10763 = ADVANCED_FACE('',(#10764,#10767),#10778,.F.);
#10764 = FACE_BOUND('',#10765,.F.);
#10765 = EDGE_LOOP('',(#10766));
#10766 = ORIENTED_EDGE('',*,*,#10731,.T.);
#10767 = FACE_BOUND('',#10768,.F.);
#10768 = EDGE_LOOP('',(#10769));
#10769 = ORIENTED_EDGE('',*,*,#10770,.F.);
#10770 = EDGE_CURVE('',#10771,#10771,#10773,.T.);
#10771 = VERTEX_POINT('',#10772);
#10772 = CARTESIAN_POINT('',(47.,10.,22.));
#10773 = CIRCLE('',#10774,2.);
#10774 = AXIS2_PLACEMENT_3D('',#10775,#10776,#10777);
#10775 = CARTESIAN_POINT('',(47.,8.,22.));
#10776 = DIRECTION('',(1.,0.,0.));
#10777 = DIRECTION('',(0.,1.,0.));
#10778 = PLANE('',#10779);
#10779 = AXIS2_PLACEMENT_3D('',#10780,#10781,#10782);
#10780 = CARTESIAN_POINT('',(47.,8.,22.));
#10781 = DIRECTION('',(1.,0.,0.));
#10782 = DIRECTION('',(0.,1.,0.));
#10783 = ADVANCED_FACE('',(#10784),#10795,.F.);
#10784 = FACE_BOUND('',#10785,.F.);
#10785 = EDGE_LOOP('',(#10786,#10787,#10793,#10794));
#10786 = ORIENTED_EDGE('',*,*,#10750,.F.);
#10787 = ORIENTED_EDGE('',*,*,#10788,.F.);
#10788 = EDGE_CURVE('',#10771,#10751,#10789,.T.);
#10789 = LINE('',#10790,#10791);
#10790 = CARTESIAN_POINT('',(46.,10.,22.));
#10791 = VECTOR('',#10792,1.);
#10792 = DIRECTION('',(1.,0.,0.));
#10793 = ORIENTED_EDGE('',*,*,#10770,.T.);
#10794 = ORIENTED_EDGE('',*,*,#10788,.T.);
#10795 = CYLINDRICAL_SURFACE('',#10796,2.);
#10796 = AXIS2_PLACEMENT_3D('',#10797,#10798,#10799);
#10797 = CARTESIAN_POINT('',(46.,8.,22.));
#10798 = DIRECTION('',(1.,0.,0.));
#10799 = DIRECTION('',(0.,1.,0.));
#10800 = MANIFOLD_SOLID_BREP('',#10801);
#10801 = CLOSED_SHELL('',(#10802,#10835,#10844,#10864,#10889,#10948,
    #10979,#11003,#11027,#11051,#11075,#11092));
#10802 = ADVANCED_FACE('',(#10803),#10830,.T.);
#10803 = FACE_BOUND('',#10804,.T.);
#10804 = EDGE_LOOP('',(#10805,#10814,#10822,#10829));
#10805 = ORIENTED_EDGE('',*,*,#10806,.F.);
#10806 = EDGE_CURVE('',#10807,#10807,#10809,.T.);
#10807 = VERTEX_POINT('',#10808);
#10808 = CARTESIAN_POINT('',(36.,10.,22.));
#10809 = CIRCLE('',#10810,2.);
#10810 = AXIS2_PLACEMENT_3D('',#10811,#10812,#10813);
#10811 = CARTESIAN_POINT('',(36.,8.,22.));
#10812 = DIRECTION('',(-1.,0.,0.));
#10813 = DIRECTION('',(0.,1.,0.));
#10814 = ORIENTED_EDGE('',*,*,#10815,.F.);
#10815 = EDGE_CURVE('',#10816,#10807,#10818,.T.);
#10816 = VERTEX_POINT('',#10817);
#10817 = CARTESIAN_POINT('',(48.,10.,22.));
#10818 = LINE('',#10819,#10820);
#10819 = CARTESIAN_POINT('',(48.,10.,22.));
#10820 = VECTOR('',#10821,1.);
#10821 = DIRECTION('',(-1.,0.,0.));
#10822 = ORIENTED_EDGE('',*,*,#10823,.T.);
#10823 = EDGE_CURVE('',#10816,#10816,#10824,.T.);
#10824 = CIRCLE('',#10825,2.);
#10825 = AXIS2_PLACEMENT_3D('',#10826,#10827,#10828);
#10826 = CARTESIAN_POINT('',(48.,8.,22.));
#10827 = DIRECTION('',(-1.,0.,0.));
#10828 = DIRECTION('',(0.,1.,0.));
#10829 = ORIENTED_EDGE('',*,*,#10815,.T.);
#10830 = CYLINDRICAL_SURFACE('',#10831,2.);
#10831 = AXIS2_PLACEMENT_3D('',#10832,#10833,#10834);
#10832 = CARTESIAN_POINT('',(48.,8.,22.));
#10833 = DIRECTION('',(-1.,0.,0.));
#10834 = DIRECTION('',(0.,1.,0.));
#10835 = ADVANCED_FACE('',(#10836),#10839,.T.);
#10836 = FACE_BOUND('',#10837,.T.);
#10837 = EDGE_LOOP('',(#10838));
#10838 = ORIENTED_EDGE('',*,*,#10806,.T.);
#10839 = PLANE('',#10840);
#10840 = AXIS2_PLACEMENT_3D('',#10841,#10842,#10843);
#10841 = CARTESIAN_POINT('',(36.,8.,22.));
#10842 = DIRECTION('',(-1.,0.,0.));
#10843 = DIRECTION('',(0.,1.,0.));
#10844 = ADVANCED_FACE('',(#10845,#10856),#10859,.T.);
#10845 = FACE_BOUND('',#10846,.T.);
#10846 = EDGE_LOOP('',(#10847));
#10847 = ORIENTED_EDGE('',*,*,#10848,.T.);
#10848 = EDGE_CURVE('',#10849,#10849,#10851,.T.);
#10849 = VERTEX_POINT('',#10850);
#10850 = CARTESIAN_POINT('',(48.,11.5,22.));
#10851 = CIRCLE('',#10852,3.5);
#10852 = AXIS2_PLACEMENT_3D('',#10853,#10854,#10855);
#10853 = CARTESIAN_POINT('',(48.,8.,22.));
#10854 = DIRECTION('',(-1.,0.,0.));
#10855 = DIRECTION('',(0.,1.,0.));
#10856 = FACE_BOUND('',#10857,.T.);
#10857 = EDGE_LOOP('',(#10858));
#10858 = ORIENTED_EDGE('',*,*,#10823,.F.);
#10859 = PLANE('',#10860);
#10860 = AXIS2_PLACEMENT_3D('',#10861,#10862,#10863);
#10861 = CARTESIAN_POINT('',(48.,8.,22.));
#10862 = DIRECTION('',(-1.,0.,0.));
#10863 = DIRECTION('',(0.,1.,0.));
#10864 = ADVANCED_FACE('',(#10865),#10884,.T.);
#10865 = FACE_BOUND('',#10866,.T.);
#10866 = EDGE_LOOP('',(#10867,#10868,#10876,#10883));
#10867 = ORIENTED_EDGE('',*,*,#10848,.F.);
#10868 = ORIENTED_EDGE('',*,*,#10869,.F.);
#10869 = EDGE_CURVE('',#10870,#10849,#10872,.T.);
#10870 = VERTEX_POINT('',#10871);
#10871 = CARTESIAN_POINT('',(52.,11.5,22.));
#10872 = LINE('',#10873,#10874);
#10873 = CARTESIAN_POINT('',(52.,11.5,22.));
#10874 = VECTOR('',#10875,1.);
#10875 = DIRECTION('',(-1.,0.,0.));
#10876 = ORIENTED_EDGE('',*,*,#10877,.T.);
#10877 = EDGE_CURVE('',#10870,#10870,#10878,.T.);
#10878 = CIRCLE('',#10879,3.5);
#10879 = AXIS2_PLACEMENT_3D('',#10880,#10881,#10882);
#10880 = CARTESIAN_POINT('',(52.,8.,22.));
#10881 = DIRECTION('',(-1.,0.,0.));
#10882 = DIRECTION('',(0.,1.,0.));
#10883 = ORIENTED_EDGE('',*,*,#10869,.T.);
#10884 = CYLINDRICAL_SURFACE('',#10885,3.5);
#10885 = AXIS2_PLACEMENT_3D('',#10886,#10887,#10888);
#10886 = CARTESIAN_POINT('',(52.,8.,22.));
#10887 = DIRECTION('',(-1.,0.,0.));
#10888 = DIRECTION('',(0.,1.,0.));
#10889 = ADVANCED_FACE('',(#10890,#10893),#10943,.F.);
#10890 = FACE_BOUND('',#10891,.F.);
#10891 = EDGE_LOOP('',(#10892));
#10892 = ORIENTED_EDGE('',*,*,#10877,.T.);
#10893 = FACE_BOUND('',#10894,.F.);
#10894 = EDGE_LOOP('',(#10895,#10905,#10913,#10921,#10929,#10937));
#10895 = ORIENTED_EDGE('',*,*,#10896,.T.);
#10896 = EDGE_CURVE('',#10897,#10899,#10901,.T.);
#10897 = VERTEX_POINT('',#10898);
#10898 = CARTESIAN_POINT('',(52.,7.133974596216,20.5));
#10899 = VERTEX_POINT('',#10900);
#10900 = CARTESIAN_POINT('',(52.,8.866025403784,20.5));
#10901 = LINE('',#10902,#10903);
#10902 = CARTESIAN_POINT('',(52.,8.433012701892,20.5));
#10903 = VECTOR('',#10904,1.);
#10904 = DIRECTION('',(0.,1.,1.281975124256E-16));
#10905 = ORIENTED_EDGE('',*,*,#10906,.T.);
#10906 = EDGE_CURVE('',#10899,#10907,#10909,.T.);
#10907 = VERTEX_POINT('',#10908);
#10908 = CARTESIAN_POINT('',(52.,9.732050807569,22.));
#10909 = LINE('',#10910,#10911);
#10910 = CARTESIAN_POINT('',(52.,9.515544456623,21.625));
#10911 = VECTOR('',#10912,1.);
#10912 = DIRECTION('',(0.,0.5,0.866025403784));
#10913 = ORIENTED_EDGE('',*,*,#10914,.T.);
#10914 = EDGE_CURVE('',#10907,#10915,#10917,.T.);
#10915 = VERTEX_POINT('',#10916);
#10916 = CARTESIAN_POINT('',(52.,8.866025403784,23.5));
#10917 = LINE('',#10918,#10919);
#10918 = CARTESIAN_POINT('',(52.,9.082531754731,23.125));
#10919 = VECTOR('',#10920,1.);
#10920 = DIRECTION('',(-0.,-0.5,0.866025403784));
#10921 = ORIENTED_EDGE('',*,*,#10922,.T.);
#10922 = EDGE_CURVE('',#10915,#10923,#10925,.T.);
#10923 = VERTEX_POINT('',#10924);
#10924 = CARTESIAN_POINT('',(52.,7.133974596216,23.5));
#10925 = LINE('',#10926,#10927);
#10926 = CARTESIAN_POINT('',(52.,7.566987298108,23.5));
#10927 = VECTOR('',#10928,1.);
#10928 = DIRECTION('',(0.,-1.,-2.563950248511E-16));
#10929 = ORIENTED_EDGE('',*,*,#10930,.T.);
#10930 = EDGE_CURVE('',#10923,#10931,#10933,.T.);
#10931 = VERTEX_POINT('',#10932);
#10932 = CARTESIAN_POINT('',(52.,6.267949192431,22.));
#10933 = LINE('',#10934,#10935);
#10934 = CARTESIAN_POINT('',(52.,6.484455543377,22.375));
#10935 = VECTOR('',#10936,1.);
#10936 = DIRECTION('',(0.,-0.5,-0.866025403784));
#10937 = ORIENTED_EDGE('',*,*,#10938,.T.);
#10938 = EDGE_CURVE('',#10931,#10897,#10939,.T.);
#10939 = LINE('',#10940,#10941);
#10940 = CARTESIAN_POINT('',(52.,6.917468245269,20.875));
#10941 = VECTOR('',#10942,1.);
#10942 = DIRECTION('',(0.,0.5,-0.866025403784));
#10943 = PLANE('',#10944);
#10944 = AXIS2_PLACEMENT_3D('',#10945,#10946,#10947);
#10945 = CARTESIAN_POINT('',(52.,8.,22.));
#10946 = DIRECTION('',(-1.,0.,0.));
#10947 = DIRECTION('',(0.,1.,0.));
#10948 = ADVANCED_FACE('',(#10949),#10974,.T.);
#10949 = FACE_BOUND('',#10950,.T.);
#10950 = EDGE_LOOP('',(#10951,#10952,#10960,#10968));
#10951 = ORIENTED_EDGE('',*,*,#10896,.T.);
#10952 = ORIENTED_EDGE('',*,*,#10953,.T.);
#10953 = EDGE_CURVE('',#10899,#10954,#10956,.T.);
#10954 = VERTEX_POINT('',#10955);
#10955 = CARTESIAN_POINT('',(50.,8.866025403784,20.5));
#10956 = LINE('',#10957,#10958);
#10957 = CARTESIAN_POINT('',(52.1,8.866025403784,20.5));
#10958 = VECTOR('',#10959,1.);
#10959 = DIRECTION('',(-1.,0.,0.));
#10960 = ORIENTED_EDGE('',*,*,#10961,.T.);
#10961 = EDGE_CURVE('',#10954,#10962,#10964,.T.);
#10962 = VERTEX_POINT('',#10963);
#10963 = CARTESIAN_POINT('',(50.,7.133974596216,20.5));
#10964 = LINE('',#10965,#10966);
#10965 = CARTESIAN_POINT('',(50.,8.866025403784,20.5));
#10966 = VECTOR('',#10967,1.);
#10967 = DIRECTION('',(0.,-1.,-1.281975124256E-16));
#10968 = ORIENTED_EDGE('',*,*,#10969,.F.);
#10969 = EDGE_CURVE('',#10897,#10962,#10970,.T.);
#10970 = LINE('',#10971,#10972);
#10971 = CARTESIAN_POINT('',(52.1,7.133974596216,20.5));
#10972 = VECTOR('',#10973,1.);
#10973 = DIRECTION('',(-1.,0.,0.));
#10974 = PLANE('',#10975);
#10975 = AXIS2_PLACEMENT_3D('',#10976,#10977,#10978);
#10976 = CARTESIAN_POINT('',(52.1,8.866025403784,20.5));
#10977 = DIRECTION('',(-0.,-1.281975124256E-16,1.));
#10978 = DIRECTION('',(0.,-1.,-1.281975124256E-16));
#10979 = ADVANCED_FACE('',(#10980),#10998,.T.);
#10980 = FACE_BOUND('',#10981,.T.);
#10981 = EDGE_LOOP('',(#10982,#10983,#10984,#10992));
#10982 = ORIENTED_EDGE('',*,*,#10938,.T.);
#10983 = ORIENTED_EDGE('',*,*,#10969,.T.);
#10984 = ORIENTED_EDGE('',*,*,#10985,.T.);
#10985 = EDGE_CURVE('',#10962,#10986,#10988,.T.);
#10986 = VERTEX_POINT('',#10987);
#10987 = CARTESIAN_POINT('',(50.,6.267949192431,22.));
#10988 = LINE('',#10989,#10990);
#10989 = CARTESIAN_POINT('',(50.,7.133974596216,20.5));
#10990 = VECTOR('',#10991,1.);
#10991 = DIRECTION('',(-0.,-0.5,0.866025403784));
#10992 = ORIENTED_EDGE('',*,*,#10993,.F.);
#10993 = EDGE_CURVE('',#10931,#10986,#10994,.T.);
#10994 = LINE('',#10995,#10996);
#10995 = CARTESIAN_POINT('',(52.1,6.267949192431,22.));
#10996 = VECTOR('',#10997,1.);
#10997 = DIRECTION('',(-1.,0.,0.));
#10998 = PLANE('',#10999);
#10999 = AXIS2_PLACEMENT_3D('',#11000,#11001,#11002);
#11000 = CARTESIAN_POINT('',(52.1,7.133974596216,20.5));
#11001 = DIRECTION('',(0.,0.866025403784,0.5));
#11002 = DIRECTION('',(-0.,-0.5,0.866025403784));
#11003 = ADVANCED_FACE('',(#11004),#11022,.T.);
#11004 = FACE_BOUND('',#11005,.T.);
#11005 = EDGE_LOOP('',(#11006,#11007,#11008,#11016));
#11006 = ORIENTED_EDGE('',*,*,#10930,.T.);
#11007 = ORIENTED_EDGE('',*,*,#10993,.T.);
#11008 = ORIENTED_EDGE('',*,*,#11009,.T.);
#11009 = EDGE_CURVE('',#10986,#11010,#11012,.T.);
#11010 = VERTEX_POINT('',#11011);
#11011 = CARTESIAN_POINT('',(50.,7.133974596216,23.5));
#11012 = LINE('',#11013,#11014);
#11013 = CARTESIAN_POINT('',(50.,6.267949192431,22.));
#11014 = VECTOR('',#11015,1.);
#11015 = DIRECTION('',(0.,0.5,0.866025403784));
#11016 = ORIENTED_EDGE('',*,*,#11017,.F.);
#11017 = EDGE_CURVE('',#10923,#11010,#11018,.T.);
#11018 = LINE('',#11019,#11020);
#11019 = CARTESIAN_POINT('',(52.1,7.133974596216,23.5));
#11020 = VECTOR('',#11021,1.);
#11021 = DIRECTION('',(-1.,0.,0.));
#11022 = PLANE('',#11023);
#11023 = AXIS2_PLACEMENT_3D('',#11024,#11025,#11026);
#11024 = CARTESIAN_POINT('',(52.1,6.267949192431,22.));
#11025 = DIRECTION('',(0.,0.866025403784,-0.5));
#11026 = DIRECTION('',(0.,0.5,0.866025403784));
#11027 = ADVANCED_FACE('',(#11028),#11046,.T.);
#11028 = FACE_BOUND('',#11029,.T.);
#11029 = EDGE_LOOP('',(#11030,#11031,#11032,#11040));
#11030 = ORIENTED_EDGE('',*,*,#10922,.T.);
#11031 = ORIENTED_EDGE('',*,*,#11017,.T.);
#11032 = ORIENTED_EDGE('',*,*,#11033,.T.);
#11033 = EDGE_CURVE('',#11010,#11034,#11036,.T.);
#11034 = VERTEX_POINT('',#11035);
#11035 = CARTESIAN_POINT('',(50.,8.866025403784,23.5));
#11036 = LINE('',#11037,#11038);
#11037 = CARTESIAN_POINT('',(50.,7.133974596216,23.5));
#11038 = VECTOR('',#11039,1.);
#11039 = DIRECTION('',(0.,1.,2.563950248511E-16));
#11040 = ORIENTED_EDGE('',*,*,#11041,.F.);
#11041 = EDGE_CURVE('',#10915,#11034,#11042,.T.);
#11042 = LINE('',#11043,#11044);
#11043 = CARTESIAN_POINT('',(52.1,8.866025403784,23.5));
#11044 = VECTOR('',#11045,1.);
#11045 = DIRECTION('',(-1.,0.,0.));
#11046 = PLANE('',#11047);
#11047 = AXIS2_PLACEMENT_3D('',#11048,#11049,#11050);
#11048 = CARTESIAN_POINT('',(52.1,7.133974596216,23.5));
#11049 = DIRECTION('',(0.,2.563950248511E-16,-1.));
#11050 = DIRECTION('',(0.,1.,2.563950248511E-16));
#11051 = ADVANCED_FACE('',(#11052),#11070,.T.);
#11052 = FACE_BOUND('',#11053,.T.);
#11053 = EDGE_LOOP('',(#11054,#11055,#11056,#11064));
#11054 = ORIENTED_EDGE('',*,*,#10914,.T.);
#11055 = ORIENTED_EDGE('',*,*,#11041,.T.);
#11056 = ORIENTED_EDGE('',*,*,#11057,.T.);
#11057 = EDGE_CURVE('',#11034,#11058,#11060,.T.);
#11058 = VERTEX_POINT('',#11059);
#11059 = CARTESIAN_POINT('',(50.,9.732050807569,22.));
#11060 = LINE('',#11061,#11062);
#11061 = CARTESIAN_POINT('',(50.,8.866025403784,23.5));
#11062 = VECTOR('',#11063,1.);
#11063 = DIRECTION('',(0.,0.5,-0.866025403784));
#11064 = ORIENTED_EDGE('',*,*,#11065,.F.);
#11065 = EDGE_CURVE('',#10907,#11058,#11066,.T.);
#11066 = LINE('',#11067,#11068);
#11067 = CARTESIAN_POINT('',(52.1,9.732050807569,22.));
#11068 = VECTOR('',#11069,1.);
#11069 = DIRECTION('',(-1.,0.,0.));
#11070 = PLANE('',#11071);
#11071 = AXIS2_PLACEMENT_3D('',#11072,#11073,#11074);
#11072 = CARTESIAN_POINT('',(52.1,8.866025403784,23.5));
#11073 = DIRECTION('',(0.,-0.866025403784,-0.5));
#11074 = DIRECTION('',(0.,0.5,-0.866025403784));
#11075 = ADVANCED_FACE('',(#11076),#11087,.T.);
#11076 = FACE_BOUND('',#11077,.T.);
#11077 = EDGE_LOOP('',(#11078,#11079,#11080,#11086));
#11078 = ORIENTED_EDGE('',*,*,#10906,.T.);
#11079 = ORIENTED_EDGE('',*,*,#11065,.T.);
#11080 = ORIENTED_EDGE('',*,*,#11081,.T.);
#11081 = EDGE_CURVE('',#11058,#10954,#11082,.T.);
#11082 = LINE('',#11083,#11084);
#11083 = CARTESIAN_POINT('',(50.,9.732050807569,22.));
#11084 = VECTOR('',#11085,1.);
#11085 = DIRECTION('',(0.,-0.5,-0.866025403784));
#11086 = ORIENTED_EDGE('',*,*,#10953,.F.);
#11087 = PLANE('',#11088);
#11088 = AXIS2_PLACEMENT_3D('',#11089,#11090,#11091);
#11089 = CARTESIAN_POINT('',(52.1,9.732050807569,22.));
#11090 = DIRECTION('',(-0.,-0.866025403784,0.5));
#11091 = DIRECTION('',(0.,-0.5,-0.866025403784));
#11092 = ADVANCED_FACE('',(#11093),#11101,.F.);
#11093 = FACE_BOUND('',#11094,.F.);
#11094 = EDGE_LOOP('',(#11095,#11096,#11097,#11098,#11099,#11100));
#11095 = ORIENTED_EDGE('',*,*,#11081,.T.);
#11096 = ORIENTED_EDGE('',*,*,#10961,.T.);
#11097 = ORIENTED_EDGE('',*,*,#10985,.T.);
#11098 = ORIENTED_EDGE('',*,*,#11009,.T.);
#11099 = ORIENTED_EDGE('',*,*,#11033,.T.);
#11100 = ORIENTED_EDGE('',*,*,#11057,.T.);
#11101 = PLANE('',#11102);
#11102 = AXIS2_PLACEMENT_3D('',#11103,#11104,#11105);
#11103 = CARTESIAN_POINT('',(50.,8.,22.));
#11104 = DIRECTION('',(-1.,0.,0.));
#11105 = DIRECTION('',(0.,1.,0.));
#11106 = MANIFOLD_SOLID_BREP('',#11107);
#11107 = CLOSED_SHELL('',(#11108,#11141,#11161,#11181));
#11108 = ADVANCED_FACE('',(#11109),#11136,.T.);
#11109 = FACE_BOUND('',#11110,.T.);
#11110 = EDGE_LOOP('',(#11111,#11120,#11128,#11135));
#11111 = ORIENTED_EDGE('',*,*,#11112,.F.);
#11112 = EDGE_CURVE('',#11113,#11113,#11115,.T.);
#11113 = VERTEX_POINT('',#11114);
#11114 = CARTESIAN_POINT('',(48.,12.,38.));
#11115 = CIRCLE('',#11116,4.);
#11116 = AXIS2_PLACEMENT_3D('',#11117,#11118,#11119);
#11117 = CARTESIAN_POINT('',(48.,8.,38.));
#11118 = DIRECTION('',(1.,0.,0.));
#11119 = DIRECTION('',(0.,1.,0.));
#11120 = ORIENTED_EDGE('',*,*,#11121,.F.);
#11121 = EDGE_CURVE('',#11122,#11113,#11124,.T.);
#11122 = VERTEX_POINT('',#11123);
#11123 = CARTESIAN_POINT('',(47.,12.,38.));
#11124 = LINE('',#11125,#11126);
#11125 = CARTESIAN_POINT('',(47.,12.,38.));
#11126 = VECTOR('',#11127,1.);
#11127 = DIRECTION('',(1.,0.,0.));
#11128 = ORIENTED_EDGE('',*,*,#11129,.T.);
#11129 = EDGE_CURVE('',#11122,#11122,#11130,.T.);
#11130 = CIRCLE('',#11131,4.);
#11131 = AXIS2_PLACEMENT_3D('',#11132,#11133,#11134);
#11132 = CARTESIAN_POINT('',(47.,8.,38.));
#11133 = DIRECTION('',(1.,0.,0.));
#11134 = DIRECTION('',(0.,1.,0.));
#11135 = ORIENTED_EDGE('',*,*,#11121,.T.);
#11136 = CYLINDRICAL_SURFACE('',#11137,4.);
#11137 = AXIS2_PLACEMENT_3D('',#11138,#11139,#11140);
#11138 = CARTESIAN_POINT('',(47.,8.,38.));
#11139 = DIRECTION('',(1.,0.,0.));
#11140 = DIRECTION('',(0.,1.,0.));
#11141 = ADVANCED_FACE('',(#11142,#11145),#11156,.T.);
#11142 = FACE_BOUND('',#11143,.T.);
#11143 = EDGE_LOOP('',(#11144));
#11144 = ORIENTED_EDGE('',*,*,#11112,.T.);
#11145 = FACE_BOUND('',#11146,.T.);
#11146 = EDGE_LOOP('',(#11147));
#11147 = ORIENTED_EDGE('',*,*,#11148,.F.);
#11148 = EDGE_CURVE('',#11149,#11149,#11151,.T.);
#11149 = VERTEX_POINT('',#11150);
#11150 = CARTESIAN_POINT('',(48.,10.,38.));
#11151 = CIRCLE('',#11152,2.);
#11152 = AXIS2_PLACEMENT_3D('',#11153,#11154,#11155);
#11153 = CARTESIAN_POINT('',(48.,8.,38.));
#11154 = DIRECTION('',(1.,0.,0.));
#11155 = DIRECTION('',(0.,1.,0.));
#11156 = PLANE('',#11157);
#11157 = AXIS2_PLACEMENT_3D('',#11158,#11159,#11160);
#11158 = CARTESIAN_POINT('',(48.,8.,38.));
#11159 = DIRECTION('',(1.,0.,0.));
#11160 = DIRECTION('',(0.,1.,0.));
#11161 = ADVANCED_FACE('',(#11162,#11165),#11176,.F.);
#11162 = FACE_BOUND('',#11163,.F.);
#11163 = EDGE_LOOP('',(#11164));
#11164 = ORIENTED_EDGE('',*,*,#11129,.T.);
#11165 = FACE_BOUND('',#11166,.F.);
#11166 = EDGE_LOOP('',(#11167));
#11167 = ORIENTED_EDGE('',*,*,#11168,.F.);
#11168 = EDGE_CURVE('',#11169,#11169,#11171,.T.);
#11169 = VERTEX_POINT('',#11170);
#11170 = CARTESIAN_POINT('',(47.,10.,38.));
#11171 = CIRCLE('',#11172,2.);
#11172 = AXIS2_PLACEMENT_3D('',#11173,#11174,#11175);
#11173 = CARTESIAN_POINT('',(47.,8.,38.));
#11174 = DIRECTION('',(1.,0.,0.));
#11175 = DIRECTION('',(0.,1.,0.));
#11176 = PLANE('',#11177);
#11177 = AXIS2_PLACEMENT_3D('',#11178,#11179,#11180);
#11178 = CARTESIAN_POINT('',(47.,8.,38.));
#11179 = DIRECTION('',(1.,0.,0.));
#11180 = DIRECTION('',(0.,1.,0.));
#11181 = ADVANCED_FACE('',(#11182),#11193,.F.);
#11182 = FACE_BOUND('',#11183,.F.);
#11183 = EDGE_LOOP('',(#11184,#11185,#11191,#11192));
#11184 = ORIENTED_EDGE('',*,*,#11148,.F.);
#11185 = ORIENTED_EDGE('',*,*,#11186,.F.);
#11186 = EDGE_CURVE('',#11169,#11149,#11187,.T.);
#11187 = LINE('',#11188,#11189);
#11188 = CARTESIAN_POINT('',(46.,10.,38.));
#11189 = VECTOR('',#11190,1.);
#11190 = DIRECTION('',(1.,0.,0.));
#11191 = ORIENTED_EDGE('',*,*,#11168,.T.);
#11192 = ORIENTED_EDGE('',*,*,#11186,.T.);
#11193 = CYLINDRICAL_SURFACE('',#11194,2.);
#11194 = AXIS2_PLACEMENT_3D('',#11195,#11196,#11197);
#11195 = CARTESIAN_POINT('',(46.,8.,38.));
#11196 = DIRECTION('',(1.,0.,0.));
#11197 = DIRECTION('',(0.,1.,0.));
#11198 = MANIFOLD_SOLID_BREP('',#11199);
#11199 = CLOSED_SHELL('',(#11200,#11233,#11242,#11262,#11287,#11346,
    #11377,#11401,#11425,#11449,#11473,#11490));
#11200 = ADVANCED_FACE('',(#11201),#11228,.T.);
#11201 = FACE_BOUND('',#11202,.T.);
#11202 = EDGE_LOOP('',(#11203,#11212,#11220,#11227));
#11203 = ORIENTED_EDGE('',*,*,#11204,.F.);
#11204 = EDGE_CURVE('',#11205,#11205,#11207,.T.);
#11205 = VERTEX_POINT('',#11206);
#11206 = CARTESIAN_POINT('',(36.,10.,38.));
#11207 = CIRCLE('',#11208,2.);
#11208 = AXIS2_PLACEMENT_3D('',#11209,#11210,#11211);
#11209 = CARTESIAN_POINT('',(36.,8.,38.));
#11210 = DIRECTION('',(-1.,0.,0.));
#11211 = DIRECTION('',(0.,1.,0.));
#11212 = ORIENTED_EDGE('',*,*,#11213,.F.);
#11213 = EDGE_CURVE('',#11214,#11205,#11216,.T.);
#11214 = VERTEX_POINT('',#11215);
#11215 = CARTESIAN_POINT('',(48.,10.,38.));
#11216 = LINE('',#11217,#11218);
#11217 = CARTESIAN_POINT('',(48.,10.,38.));
#11218 = VECTOR('',#11219,1.);
#11219 = DIRECTION('',(-1.,0.,0.));
#11220 = ORIENTED_EDGE('',*,*,#11221,.T.);
#11221 = EDGE_CURVE('',#11214,#11214,#11222,.T.);
#11222 = CIRCLE('',#11223,2.);
#11223 = AXIS2_PLACEMENT_3D('',#11224,#11225,#11226);
#11224 = CARTESIAN_POINT('',(48.,8.,38.));
#11225 = DIRECTION('',(-1.,0.,0.));
#11226 = DIRECTION('',(0.,1.,0.));
#11227 = ORIENTED_EDGE('',*,*,#11213,.T.);
#11228 = CYLINDRICAL_SURFACE('',#11229,2.);
#11229 = AXIS2_PLACEMENT_3D('',#11230,#11231,#11232);
#11230 = CARTESIAN_POINT('',(48.,8.,38.));
#11231 = DIRECTION('',(-1.,0.,0.));
#11232 = DIRECTION('',(0.,1.,0.));
#11233 = ADVANCED_FACE('',(#11234),#11237,.T.);
#11234 = FACE_BOUND('',#11235,.T.);
#11235 = EDGE_LOOP('',(#11236));
#11236 = ORIENTED_EDGE('',*,*,#11204,.T.);
#11237 = PLANE('',#11238);
#11238 = AXIS2_PLACEMENT_3D('',#11239,#11240,#11241);
#11239 = CARTESIAN_POINT('',(36.,8.,38.));
#11240 = DIRECTION('',(-1.,0.,0.));
#11241 = DIRECTION('',(0.,1.,0.));
#11242 = ADVANCED_FACE('',(#11243,#11254),#11257,.T.);
#11243 = FACE_BOUND('',#11244,.T.);
#11244 = EDGE_LOOP('',(#11245));
#11245 = ORIENTED_EDGE('',*,*,#11246,.T.);
#11246 = EDGE_CURVE('',#11247,#11247,#11249,.T.);
#11247 = VERTEX_POINT('',#11248);
#11248 = CARTESIAN_POINT('',(48.,11.5,38.));
#11249 = CIRCLE('',#11250,3.5);
#11250 = AXIS2_PLACEMENT_3D('',#11251,#11252,#11253);
#11251 = CARTESIAN_POINT('',(48.,8.,38.));
#11252 = DIRECTION('',(-1.,0.,0.));
#11253 = DIRECTION('',(0.,1.,0.));
#11254 = FACE_BOUND('',#11255,.T.);
#11255 = EDGE_LOOP('',(#11256));
#11256 = ORIENTED_EDGE('',*,*,#11221,.F.);
#11257 = PLANE('',#11258);
#11258 = AXIS2_PLACEMENT_3D('',#11259,#11260,#11261);
#11259 = CARTESIAN_POINT('',(48.,8.,38.));
#11260 = DIRECTION('',(-1.,0.,0.));
#11261 = DIRECTION('',(0.,1.,0.));
#11262 = ADVANCED_FACE('',(#11263),#11282,.T.);
#11263 = FACE_BOUND('',#11264,.T.);
#11264 = EDGE_LOOP('',(#11265,#11266,#11274,#11281));
#11265 = ORIENTED_EDGE('',*,*,#11246,.F.);
#11266 = ORIENTED_EDGE('',*,*,#11267,.F.);
#11267 = EDGE_CURVE('',#11268,#11247,#11270,.T.);
#11268 = VERTEX_POINT('',#11269);
#11269 = CARTESIAN_POINT('',(52.,11.5,38.));
#11270 = LINE('',#11271,#11272);
#11271 = CARTESIAN_POINT('',(52.,11.5,38.));
#11272 = VECTOR('',#11273,1.);
#11273 = DIRECTION('',(-1.,0.,0.));
#11274 = ORIENTED_EDGE('',*,*,#11275,.T.);
#11275 = EDGE_CURVE('',#11268,#11268,#11276,.T.);
#11276 = CIRCLE('',#11277,3.5);
#11277 = AXIS2_PLACEMENT_3D('',#11278,#11279,#11280);
#11278 = CARTESIAN_POINT('',(52.,8.,38.));
#11279 = DIRECTION('',(-1.,0.,0.));
#11280 = DIRECTION('',(0.,1.,0.));
#11281 = ORIENTED_EDGE('',*,*,#11267,.T.);
#11282 = CYLINDRICAL_SURFACE('',#11283,3.5);
#11283 = AXIS2_PLACEMENT_3D('',#11284,#11285,#11286);
#11284 = CARTESIAN_POINT('',(52.,8.,38.));
#11285 = DIRECTION('',(-1.,0.,0.));
#11286 = DIRECTION('',(0.,1.,0.));
#11287 = ADVANCED_FACE('',(#11288,#11291),#11341,.F.);
#11288 = FACE_BOUND('',#11289,.F.);
#11289 = EDGE_LOOP('',(#11290));
#11290 = ORIENTED_EDGE('',*,*,#11275,.T.);
#11291 = FACE_BOUND('',#11292,.F.);
#11292 = EDGE_LOOP('',(#11293,#11303,#11311,#11319,#11327,#11335));
#11293 = ORIENTED_EDGE('',*,*,#11294,.T.);
#11294 = EDGE_CURVE('',#11295,#11297,#11299,.T.);
#11295 = VERTEX_POINT('',#11296);
#11296 = CARTESIAN_POINT('',(52.,7.133974596216,36.5));
#11297 = VERTEX_POINT('',#11298);
#11298 = CARTESIAN_POINT('',(52.,8.866025403784,36.5));
#11299 = LINE('',#11300,#11301);
#11300 = CARTESIAN_POINT('',(52.,8.433012701892,36.5));
#11301 = VECTOR('',#11302,1.);
#11302 = DIRECTION('',(0.,1.,1.281975124256E-16));
#11303 = ORIENTED_EDGE('',*,*,#11304,.T.);
#11304 = EDGE_CURVE('',#11297,#11305,#11307,.T.);
#11305 = VERTEX_POINT('',#11306);
#11306 = CARTESIAN_POINT('',(52.,9.732050807569,38.));
#11307 = LINE('',#11308,#11309);
#11308 = CARTESIAN_POINT('',(52.,9.515544456623,37.625));
#11309 = VECTOR('',#11310,1.);
#11310 = DIRECTION('',(0.,0.5,0.866025403784));
#11311 = ORIENTED_EDGE('',*,*,#11312,.T.);
#11312 = EDGE_CURVE('',#11305,#11313,#11315,.T.);
#11313 = VERTEX_POINT('',#11314);
#11314 = CARTESIAN_POINT('',(52.,8.866025403784,39.5));
#11315 = LINE('',#11316,#11317);
#11316 = CARTESIAN_POINT('',(52.,9.082531754731,39.125));
#11317 = VECTOR('',#11318,1.);
#11318 = DIRECTION('',(-0.,-0.5,0.866025403784));
#11319 = ORIENTED_EDGE('',*,*,#11320,.T.);
#11320 = EDGE_CURVE('',#11313,#11321,#11323,.T.);
#11321 = VERTEX_POINT('',#11322);
#11322 = CARTESIAN_POINT('',(52.,7.133974596216,39.5));
#11323 = LINE('',#11324,#11325);
#11324 = CARTESIAN_POINT('',(52.,7.566987298108,39.5));
#11325 = VECTOR('',#11326,1.);
#11326 = DIRECTION('',(0.,-1.,-2.563950248511E-16));
#11327 = ORIENTED_EDGE('',*,*,#11328,.T.);
#11328 = EDGE_CURVE('',#11321,#11329,#11331,.T.);
#11329 = VERTEX_POINT('',#11330);
#11330 = CARTESIAN_POINT('',(52.,6.267949192431,38.));
#11331 = LINE('',#11332,#11333);
#11332 = CARTESIAN_POINT('',(52.,6.484455543377,38.375));
#11333 = VECTOR('',#11334,1.);
#11334 = DIRECTION('',(0.,-0.5,-0.866025403784));
#11335 = ORIENTED_EDGE('',*,*,#11336,.T.);
#11336 = EDGE_CURVE('',#11329,#11295,#11337,.T.);
#11337 = LINE('',#11338,#11339);
#11338 = CARTESIAN_POINT('',(52.,6.917468245269,36.875));
#11339 = VECTOR('',#11340,1.);
#11340 = DIRECTION('',(0.,0.5,-0.866025403784));
#11341 = PLANE('',#11342);
#11342 = AXIS2_PLACEMENT_3D('',#11343,#11344,#11345);
#11343 = CARTESIAN_POINT('',(52.,8.,38.));
#11344 = DIRECTION('',(-1.,0.,0.));
#11345 = DIRECTION('',(0.,1.,0.));
#11346 = ADVANCED_FACE('',(#11347),#11372,.T.);
#11347 = FACE_BOUND('',#11348,.T.);
#11348 = EDGE_LOOP('',(#11349,#11350,#11358,#11366));
#11349 = ORIENTED_EDGE('',*,*,#11294,.T.);
#11350 = ORIENTED_EDGE('',*,*,#11351,.T.);
#11351 = EDGE_CURVE('',#11297,#11352,#11354,.T.);
#11352 = VERTEX_POINT('',#11353);
#11353 = CARTESIAN_POINT('',(50.,8.866025403784,36.5));
#11354 = LINE('',#11355,#11356);
#11355 = CARTESIAN_POINT('',(52.1,8.866025403784,36.5));
#11356 = VECTOR('',#11357,1.);
#11357 = DIRECTION('',(-1.,0.,0.));
#11358 = ORIENTED_EDGE('',*,*,#11359,.T.);
#11359 = EDGE_CURVE('',#11352,#11360,#11362,.T.);
#11360 = VERTEX_POINT('',#11361);
#11361 = CARTESIAN_POINT('',(50.,7.133974596216,36.5));
#11362 = LINE('',#11363,#11364);
#11363 = CARTESIAN_POINT('',(50.,8.866025403784,36.5));
#11364 = VECTOR('',#11365,1.);
#11365 = DIRECTION('',(0.,-1.,-1.281975124256E-16));
#11366 = ORIENTED_EDGE('',*,*,#11367,.F.);
#11367 = EDGE_CURVE('',#11295,#11360,#11368,.T.);
#11368 = LINE('',#11369,#11370);
#11369 = CARTESIAN_POINT('',(52.1,7.133974596216,36.5));
#11370 = VECTOR('',#11371,1.);
#11371 = DIRECTION('',(-1.,0.,0.));
#11372 = PLANE('',#11373);
#11373 = AXIS2_PLACEMENT_3D('',#11374,#11375,#11376);
#11374 = CARTESIAN_POINT('',(52.1,8.866025403784,36.5));
#11375 = DIRECTION('',(-0.,-1.281975124256E-16,1.));
#11376 = DIRECTION('',(0.,-1.,-1.281975124256E-16));
#11377 = ADVANCED_FACE('',(#11378),#11396,.T.);
#11378 = FACE_BOUND('',#11379,.T.);
#11379 = EDGE_LOOP('',(#11380,#11381,#11382,#11390));
#11380 = ORIENTED_EDGE('',*,*,#11336,.T.);
#11381 = ORIENTED_EDGE('',*,*,#11367,.T.);
#11382 = ORIENTED_EDGE('',*,*,#11383,.T.);
#11383 = EDGE_CURVE('',#11360,#11384,#11386,.T.);
#11384 = VERTEX_POINT('',#11385);
#11385 = CARTESIAN_POINT('',(50.,6.267949192431,38.));
#11386 = LINE('',#11387,#11388);
#11387 = CARTESIAN_POINT('',(50.,7.133974596216,36.5));
#11388 = VECTOR('',#11389,1.);
#11389 = DIRECTION('',(-0.,-0.5,0.866025403784));
#11390 = ORIENTED_EDGE('',*,*,#11391,.F.);
#11391 = EDGE_CURVE('',#11329,#11384,#11392,.T.);
#11392 = LINE('',#11393,#11394);
#11393 = CARTESIAN_POINT('',(52.1,6.267949192431,38.));
#11394 = VECTOR('',#11395,1.);
#11395 = DIRECTION('',(-1.,0.,0.));
#11396 = PLANE('',#11397);
#11397 = AXIS2_PLACEMENT_3D('',#11398,#11399,#11400);
#11398 = CARTESIAN_POINT('',(52.1,7.133974596216,36.5));
#11399 = DIRECTION('',(0.,0.866025403784,0.5));
#11400 = DIRECTION('',(-0.,-0.5,0.866025403784));
#11401 = ADVANCED_FACE('',(#11402),#11420,.T.);
#11402 = FACE_BOUND('',#11403,.T.);
#11403 = EDGE_LOOP('',(#11404,#11405,#11406,#11414));
#11404 = ORIENTED_EDGE('',*,*,#11328,.T.);
#11405 = ORIENTED_EDGE('',*,*,#11391,.T.);
#11406 = ORIENTED_EDGE('',*,*,#11407,.T.);
#11407 = EDGE_CURVE('',#11384,#11408,#11410,.T.);
#11408 = VERTEX_POINT('',#11409);
#11409 = CARTESIAN_POINT('',(50.,7.133974596216,39.5));
#11410 = LINE('',#11411,#11412);
#11411 = CARTESIAN_POINT('',(50.,6.267949192431,38.));
#11412 = VECTOR('',#11413,1.);
#11413 = DIRECTION('',(0.,0.5,0.866025403784));
#11414 = ORIENTED_EDGE('',*,*,#11415,.F.);
#11415 = EDGE_CURVE('',#11321,#11408,#11416,.T.);
#11416 = LINE('',#11417,#11418);
#11417 = CARTESIAN_POINT('',(52.1,7.133974596216,39.5));
#11418 = VECTOR('',#11419,1.);
#11419 = DIRECTION('',(-1.,0.,0.));
#11420 = PLANE('',#11421);
#11421 = AXIS2_PLACEMENT_3D('',#11422,#11423,#11424);
#11422 = CARTESIAN_POINT('',(52.1,6.267949192431,38.));
#11423 = DIRECTION('',(0.,0.866025403784,-0.5));
#11424 = DIRECTION('',(0.,0.5,0.866025403784));
#11425 = ADVANCED_FACE('',(#11426),#11444,.T.);
#11426 = FACE_BOUND('',#11427,.T.);
#11427 = EDGE_LOOP('',(#11428,#11429,#11430,#11438));
#11428 = ORIENTED_EDGE('',*,*,#11320,.T.);
#11429 = ORIENTED_EDGE('',*,*,#11415,.T.);
#11430 = ORIENTED_EDGE('',*,*,#11431,.T.);
#11431 = EDGE_CURVE('',#11408,#11432,#11434,.T.);
#11432 = VERTEX_POINT('',#11433);
#11433 = CARTESIAN_POINT('',(50.,8.866025403784,39.5));
#11434 = LINE('',#11435,#11436);
#11435 = CARTESIAN_POINT('',(50.,7.133974596216,39.5));
#11436 = VECTOR('',#11437,1.);
#11437 = DIRECTION('',(0.,1.,2.563950248511E-16));
#11438 = ORIENTED_EDGE('',*,*,#11439,.F.);
#11439 = EDGE_CURVE('',#11313,#11432,#11440,.T.);
#11440 = LINE('',#11441,#11442);
#11441 = CARTESIAN_POINT('',(52.1,8.866025403784,39.5));
#11442 = VECTOR('',#11443,1.);
#11443 = DIRECTION('',(-1.,0.,0.));
#11444 = PLANE('',#11445);
#11445 = AXIS2_PLACEMENT_3D('',#11446,#11447,#11448);
#11446 = CARTESIAN_POINT('',(52.1,7.133974596216,39.5));
#11447 = DIRECTION('',(0.,2.563950248511E-16,-1.));
#11448 = DIRECTION('',(0.,1.,2.563950248511E-16));
#11449 = ADVANCED_FACE('',(#11450),#11468,.T.);
#11450 = FACE_BOUND('',#11451,.T.);
#11451 = EDGE_LOOP('',(#11452,#11453,#11454,#11462));
#11452 = ORIENTED_EDGE('',*,*,#11312,.T.);
#11453 = ORIENTED_EDGE('',*,*,#11439,.T.);
#11454 = ORIENTED_EDGE('',*,*,#11455,.T.);
#11455 = EDGE_CURVE('',#11432,#11456,#11458,.T.);
#11456 = VERTEX_POINT('',#11457);
#11457 = CARTESIAN_POINT('',(50.,9.732050807569,38.));
#11458 = LINE('',#11459,#11460);
#11459 = CARTESIAN_POINT('',(50.,8.866025403784,39.5));
#11460 = VECTOR('',#11461,1.);
#11461 = DIRECTION('',(0.,0.5,-0.866025403784));
#11462 = ORIENTED_EDGE('',*,*,#11463,.F.);
#11463 = EDGE_CURVE('',#11305,#11456,#11464,.T.);
#11464 = LINE('',#11465,#11466);
#11465 = CARTESIAN_POINT('',(52.1,9.732050807569,38.));
#11466 = VECTOR('',#11467,1.);
#11467 = DIRECTION('',(-1.,0.,0.));
#11468 = PLANE('',#11469);
#11469 = AXIS2_PLACEMENT_3D('',#11470,#11471,#11472);
#11470 = CARTESIAN_POINT('',(52.1,8.866025403784,39.5));
#11471 = DIRECTION('',(0.,-0.866025403784,-0.5));
#11472 = DIRECTION('',(0.,0.5,-0.866025403784));
#11473 = ADVANCED_FACE('',(#11474),#11485,.T.);
#11474 = FACE_BOUND('',#11475,.T.);
#11475 = EDGE_LOOP('',(#11476,#11477,#11478,#11484));
#11476 = ORIENTED_EDGE('',*,*,#11304,.T.);
#11477 = ORIENTED_EDGE('',*,*,#11463,.T.);
#11478 = ORIENTED_EDGE('',*,*,#11479,.T.);
#11479 = EDGE_CURVE('',#11456,#11352,#11480,.T.);
#11480 = LINE('',#11481,#11482);
#11481 = CARTESIAN_POINT('',(50.,9.732050807569,38.));
#11482 = VECTOR('',#11483,1.);
#11483 = DIRECTION('',(0.,-0.5,-0.866025403784));
#11484 = ORIENTED_EDGE('',*,*,#11351,.F.);
#11485 = PLANE('',#11486);
#11486 = AXIS2_PLACEMENT_3D('',#11487,#11488,#11489);
#11487 = CARTESIAN_POINT('',(52.1,9.732050807569,38.));
#11488 = DIRECTION('',(-0.,-0.866025403784,0.5));
#11489 = DIRECTION('',(0.,-0.5,-0.866025403784));
#11490 = ADVANCED_FACE('',(#11491),#11499,.F.);
#11491 = FACE_BOUND('',#11492,.F.);
#11492 = EDGE_LOOP('',(#11493,#11494,#11495,#11496,#11497,#11498));
#11493 = ORIENTED_EDGE('',*,*,#11479,.T.);
#11494 = ORIENTED_EDGE('',*,*,#11359,.T.);
#11495 = ORIENTED_EDGE('',*,*,#11383,.T.);
#11496 = ORIENTED_EDGE('',*,*,#11407,.T.);
#11497 = ORIENTED_EDGE('',*,*,#11431,.T.);
#11498 = ORIENTED_EDGE('',*,*,#11455,.T.);
#11499 = PLANE('',#11500);
#11500 = AXIS2_PLACEMENT_3D('',#11501,#11502,#11503);
#11501 = CARTESIAN_POINT('',(50.,8.,38.));
#11502 = DIRECTION('',(-1.,0.,0.));
#11503 = DIRECTION('',(0.,1.,0.));
#11504 = ( GEOMETRIC_REPRESENTATION_CONTEXT(3)
GLOBAL_UNCERTAINTY_ASSIGNED_CONTEXT((#11508))
GLOBAL_UNIT_ASSIGNED_CONTEXT((#11505,#11506,#11507))
REPRESENTATION_CONTEXT('Context #1',
  '3D Context with UNIT and UNCERTAINTY') );
#11505 = ( LENGTH_UNIT() NAMED_UNIT(*) SI_UNIT(.MILLI.,.METRE.) );
#11506 = ( NAMED_UNIT(*) PLANE_ANGLE_UNIT() SI_UNIT($,.RADIAN.) );
#11507 = ( NAMED_UNIT(*) SI_UNIT($,.STERADIAN.) SOLID_ANGLE_UNIT() );
#11508 = UNCERTAINTY_MEASURE_WITH_UNIT(LENGTH_MEASURE(1.E-07),#11505,
  'distance_accuracy_value','confusion accuracy');
#11509 = PRODUCT_RELATED_PRODUCT_CATEGORY('part',$,(#7));
ENDSEC;
END-ISO-10303-21;
